drug_id,original_name,normalized_name,pubchem_cid,canonical_smiles,isomeric_smiles,fingerprint_index
drug_d738285084697513e35d,Abacavir,abacavir,441300,C1CC1NC2=C3C(=NC(=N2)N)N(C=N3)C4CC(C=C4)CO,C1CC1NC2=C3C(=NC(=N2)N)N(C=N3)[C@@H]4C[C@@H](C=C4)CO,0
drug_1354cf61465d9562ebe5,Abemaciclib,abemaciclib,46220502,CCN1CCN(CC1)CC2=CN=C(C=C2)NC3=NC=C(C(=N3)C4=CC5=C(C(=C4)F)N=C(N5C(C)C)C)F,CCN1CCN(CC1)CC2=CN=C(C=C2)NC3=NC=C(C(=N3)C4=CC5=C(C(=C4)F)N=C(N5C(C)C)C)F,1
drug_6f8c767b5d7c552610df,Abiraterone,abiraterone,132971,CC12CCC(CC1=CCC3C2CCC4(C3CC=C4C5=CN=CC=C5)C)O,C[C@]12CC[C@@H](CC1=CC[C@@H]3[C@@H]2CC[C@]4([C@H]3CC=C4C5=CN=CC=C5)C)O,2
drug_5ea0ee24ed6d75dd8870,Acarbose,acarbose,9811704,CC1C(C(C(C(O1)OC2C(OC(C(C2O)O)OC(C(CO)O)C(C(C=O)O)O)CO)O)O)NC3C=C(C(C(C3O)O)O)CO,C[C@@H]1[C@H]([C@@H]([C@H]([C@H](O1)O[C@@H]2[C@H](O[C@@H]([C@@H]([C@H]2O)O)O[C@H]([C@@H](CO)O)[C@@H]([C@H](C=O)O)O)CO)O)O)N[C@H]3C=C([C@H]([C@@H]([C@H]3O)O)O)CO,3
drug_4c57dc957b1d3103e476,Acebutolol,acebutolol,1978,CCCC(=O)NC1=CC(=C(C=C1)OCC(CNC(C)C)O)C(=O)C,CCCC(=O)NC1=CC(=C(C=C1)OCC(CNC(C)C)O)C(=O)C,4
drug_e9cfaf2a0e4e47eb75eb,Aceclofenac,aceclofenac,71771,C1=CC=C(C(=C1)CC(=O)OCC(=O)O)NC2=C(C=CC=C2Cl)Cl,C1=CC=C(C(=C1)CC(=O)OCC(=O)O)NC2=C(C=CC=C2Cl)Cl,5
drug_f861ced3b1dc8620d1a4,Acemetacin,acemetacin,1981,CC1=C(C2=C(N1C(=O)C3=CC=C(C=C3)Cl)C=CC(=C2)OC)CC(=O)OCC(=O)O,CC1=C(C2=C(N1C(=O)C3=CC=C(C=C3)Cl)C=CC(=C2)OC)CC(=O)OCC(=O)O,6
drug_a4d0d811086e48b9392c,Acenocoumarol,acenocoumarol,54676537,CC(=O)CC(C1=CC=C(C=C1)[N+](=O)[O-])C2=C(C3=CC=CC=C3OC2=O)O,CC(=O)CC(C1=CC=C(C=C1)[N+](=O)[O-])C2=C(C3=CC=CC=C3OC2=O)O,7
drug_be6fba930e645c9cda37,Acepromazine,acepromazine,6077,CC(=O)C1=CC2=C(C=C1)SC3=CC=CC=C3N2CCCN(C)C,CC(=O)C1=CC2=C(C=C1)SC3=CC=CC=C3N2CCCN(C)C,8
drug_64d541767bdf2a56d33f,Aceprometazine,aceprometazine,26035,CC(CN1C2=CC=CC=C2SC3=C1C=C(C=C3)C(=O)C)N(C)C,CC(CN1C2=CC=CC=C2SC3=C1C=C(C=C3)C(=O)C)N(C)C,9
drug_c87b0ea44ecc6b2406a9,Acetaminophen,acetaminophen,1983,CC(=O)NC1=CC=C(C=C1)O,CC(=O)NC1=CC=C(C=C1)O,10
drug_e1b7ac508d074c12a302,Acetazolamide,acetazolamide,1986,CC(=O)NC1=NN=C(S1)S(=O)(=O)N,CC(=O)NC1=NN=C(S1)S(=O)(=O)N,11
drug_a8a7949aff3e147fa068,Acetohydroxamic acid,acetohydroxamic acid,1990,CC(=O)NO,CC(=O)NO,12
drug_5f03090176c9a0c7b99f,Acetophenazine,acetophenazine,17676,CC(=O)C1=CC2=C(C=C1)SC3=CC=CC=C3N2CCCN4CCN(CC4)CCO,CC(=O)C1=CC2=C(C=C1)SC3=CC=CC=C3N2CCCN4CCN(CC4)CCO,13
drug_22adacfb36d565219587,Acetylcholine,acetylcholine,187,CC(=O)OCC[N+](C)(C)C,CC(=O)OCC[N+](C)(C)C,14
drug_07190d945359617e8105,Acetyldigitoxin,acetyldigitoxin,5284512,CC1C(C(CC(O1)OC2C(OC(CC2O)OC3C(OC(CC3O)OC4CCC5(C(C4)CCC6C5CCC7(C6(CCC7C8=CC(=O)OC8)O)C)C)C)C)OC(=O)C)O,C[C@@H]1[C@H]([C@H](C[C@@H](O1)O[C@@H]2[C@H](O[C@H](C[C@@H]2O)O[C@@H]3[C@H](O[C@H](C[C@@H]3O)O[C@H]4CC[C@]5([C@@H](C4)CC[C@@H]6[C@@H]5CC[C@]7([C@@]6(CC[C@@H]7C8=CC(=O)OC8)O)C)C)C)C)OC(=O)C)O,15
drug_64e8ad5a65911a64024d,Acetylsalicylic acid,acetylsalicylic acid,2244,CC(=O)OC1=CC=CC=C1C(=O)O,CC(=O)OC1=CC=CC=C1C(=O)O,16
drug_c8dafeb8e59069e29377,Acipimox,acipimox,5310993,CC1=CN=C(C=[N+]1[O-])C(=O)O,CC1=CN=C(C=[N+]1[O-])C(=O)O,17
drug_c7933cf69e9d473d641d,Acitretin,acitretin,5284513,CC1=CC(=C(C(=C1C=CC(=CC=CC(=CC(=O)O)C)C)C)C)OC,CC1=CC(=C(C(=C1/C=C/C(=C/C=C/C(=C/C(=O)O)/C)/C)C)C)OC,18
drug_e69ac2861154acad5744,Aclidinium,aclidinium,11434515,C1C[N+]2(CCC1C(C2)OC(=O)C(C3=CC=CS3)(C4=CC=CS4)O)CCCOC5=CC=CC=C5,C1C[N+]2(CCC1[C@H](C2)OC(=O)C(C3=CC=CS3)(C4=CC=CS4)O)CCCOC5=CC=CC=C5,19
drug_904a94cce0a4d462ad42,Acrivastine,acrivastine,5284514,CC1=CC=C(C=C1)C(=CCN2CCCC2)C3=CC=CC(=N3)C=CC(=O)O,CC1=CC=C(C=C1)/C(=C\CN2CCCC2)/C3=CC=CC(=N3)/C=C/C(=O)O,20
drug_9c4ba9e458cef921f6e0,Activated charcoal,activated charcoal,5462310,[C],[C],21
drug_738f79b71e1bf59434fa,Acyclovir,acyclovir,135398513,C1=NC2=C(N1COCCO)N=C(NC2=O)N,C1=NC2=C(N1COCCO)N=C(NC2=O)N,22
drug_80958304b67ddd7d906e,Adapalene,adapalene,60164,COC1=C(C=C(C=C1)C2=CC3=C(C=C2)C=C(C=C3)C(=O)O)C45CC6CC(C4)CC(C6)C5,COC1=C(C=C(C=C1)C2=CC3=C(C=C2)C=C(C=C3)C(=O)O)C45CC6CC(C4)CC(C6)C5,23
drug_693d26ff023ef1e78f9f,Adefovir dipivoxil,adefovir dipivoxil,60871,CC(C)(C)C(=O)OCOP(=O)(COCCN1C=NC2=C(N=CN=C21)N)OCOC(=O)C(C)(C)C,CC(C)(C)C(=O)OCOP(=O)(COCCN1C=NC2=C(N=CN=C21)N)OCOC(=O)C(C)(C)C,24
drug_68613d5bad3e3099f841,Adenosine,adenosine,60961,C1=NC(=C2C(=N1)N(C=N2)C3C(C(C(O3)CO)O)O)N,C1=NC(=C2C(=N1)N(C=N2)[C@H]3[C@@H]([C@@H]([C@H](O3)CO)O)O)N,25
drug_5864d3a8ac6c53987505,Adinazolam,adinazolam,37632,CN(C)CC1=NN=C2N1C3=C(C=C(C=C3)Cl)C(=NC2)C4=CC=CC=C4,CN(C)CC1=NN=C2N1C3=C(C=C(C=C3)Cl)C(=NC2)C4=CC=CC=C4,26
drug_7a9b7bca81dba36b180a,Afatinib,afatinib,10184653,CN(C)CC=CC(=O)NC1=C(C=C2C(=C1)C(=NC=N2)NC3=CC(=C(C=C3)F)Cl)OC4CCOC4,CN(C)C/C=C/C(=O)NC1=C(C=C2C(=C1)C(=NC=N2)NC3=CC(=C(C=C3)F)Cl)O[C@H]4CCOC4,27
drug_7b360f5d3081fea21966,Agomelatine,agomelatine,82148,CC(=O)NCCC1=CC=CC2=C1C=C(C=C2)OC,CC(=O)NCCC1=CC=CC2=C1C=C(C=C2)OC,28
drug_b514a059169bf893cac7,Ajmaline,ajmaline,6100671,CCC1C2CC3C4C5(CC(C2C5O)N3C1O)C6=CC=CC=C6N4C,CC[C@H]1[C@@H]2C[C@H]3[C@H]4[C@@]5(C[C@@H]([C@H]2[C@H]5O)N3[C@@H]1O)C6=CC=CC=C6N4C,29
drug_209bd20b4a88a53fea69,Albendazole,albendazole,2082,CCCSC1=CC2=C(C=C1)N=C(N2)NC(=O)OC,CCCSC1=CC2=C(C=C1)N=C(N2)NC(=O)OC,30
drug_82ccdf8be75f9276f814,Alcaftadine,alcaftadine,19371515,CN1CCC(=C2C3=CC=CC=C3CCN4C2=NC=C4C=O)CC1,CN1CCC(=C2C3=CC=CC=C3CCN4C2=NC=C4C=O)CC1,31
drug_047ff507a1bcd45c7cae,Alclofenac,alclofenac,30951,C=CCOC1=C(C=C(C=C1)CC(=O)O)Cl,C=CCOC1=C(C=C(C=C1)CC(=O)O)Cl,32
drug_2e3f1f43a58d546ada30,Alclometasone,alclometasone,5311000,CC1CC2C3C(CC4=CC(=O)C=CC4(C3C(CC2(C1(C(=O)CO)O)C)O)C)Cl,C[C@@H]1C[C@H]2[C@@H]3[C@@H](CC4=CC(=O)C=C[C@@]4([C@H]3[C@H](C[C@@]2([C@]1(C(=O)CO)O)C)O)C)Cl,33
drug_cde44efc71a6e2f9e331,Alectinib,alectinib,49806720,CCC1=CC2=C(C=C1N3CCC(CC3)N4CCOCC4)C(C5=C(C2=O)C6=C(N5)C=C(C=C6)C#N)(C)C,CCC1=CC2=C(C=C1N3CCC(CC3)N4CCOCC4)C(C5=C(C2=O)C6=C(N5)C=C(C=C6)C#N)(C)C,34
drug_d1366973720227b91f35,Alendronic acid,alendronic acid,2088,C(CC(O)(P(=O)(O)O)P(=O)(O)O)CN,C(CC(O)(P(=O)(O)O)P(=O)(O)O)CN,35
drug_cf7bc2656b34a9305d3e,Alfacalcidol,alfacalcidol,5282181,CC(C)CCCC(C)C1CCC2C1(CCCC2=CC=C3CC(CC(C3=C)O)O)C,C[C@H](CCCC(C)C)[C@H]1CC[C@@H]\2[C@@]1(CCC/C2=C\C=C/3\C[C@H](C[C@@H](C3=C)O)O)C,36
drug_3a2313ec0c90071c834d,Alfentanil,alfentanil,51263,CCC(=O)N(C1=CC=CC=C1)C2(CCN(CC2)CCN3C(=O)N(N=N3)CC)COC,CCC(=O)N(C1=CC=CC=C1)C2(CCN(CC2)CCN3C(=O)N(N=N3)CC)COC,37
drug_53fbc2b0a7b43f91d48d,Alfuzosin,alfuzosin,2092,CN(CCCNC(=O)C1CCCO1)C2=NC3=CC(=C(C=C3C(=N2)N)OC)OC,CN(CCCNC(=O)C1CCCO1)C2=NC3=CC(=C(C=C3C(=N2)N)OC)OC,38
drug_623182507933d8892775,Alimemazine,alimemazine,5574,CC(CN1C2=CC=CC=C2SC3=CC=CC=C31)CN(C)C,CC(CN1C2=CC=CC=C2SC3=CC=CC=C31)CN(C)C,39
drug_e09cb619915bc1a1694f,Aliskiren,aliskiren,5493444,CC(C)C(CC1=CC(=C(C=C1)OC)OCCCOC)CC(C(CC(C(C)C)C(=O)NCC(C)(C)C(=O)N)O)N,CC(C)[C@@H](CC1=CC(=C(C=C1)OC)OCCCOC)C[C@@H]([C@H](C[C@@H](C(C)C)C(=O)NCC(C)(C)C(=O)N)O)N,40
drug_6515f280d5915769731b,Alitretinoin,alitretinoin,449171,CC1=C(C(CCC1)(C)C)C=CC(=CC=CC(=CC(=O)O)C)C,CC1=C(C(CCC1)(C)C)/C=C/C(=C\C=C\C(=C\C(=O)O)\C)/C,41
drug_a64cf55fb4c002d6876c,Allopurinol,allopurinol,135401907,C1=NNC2=C1C(=O)NC=N2,C1=NNC2=C1C(=O)NC=N2,42
drug_06a196fa452c780bcf96,Allylestrenol,allylestrenol,235905,CC12CCC3C(C1CCC2(CC=C)O)CCC4=CCCCC34,C[C@]12CC[C@H]3[C@H]([C@@H]1CC[C@]2(CC=C)O)CCC4=CCCC[C@H]34,43
drug_f6754fb03e46e74dc499,Almasilate,almasilate,131704329,O.[O-][Si]([O-])([O-])[O-].[O-][Si]([O-])([O-])[O-].[Mg+2].[Al+3].[Al+3],O.[O-][Si]([O-])([O-])[O-].[O-][Si]([O-])([O-])[O-].[Mg+2].[Al+3].[Al+3],44
drug_83cd7e679e19bb1bb521,Almotriptan,almotriptan,123606,CN(C)CCC1=CNC2=C1C=C(C=C2)CS(=O)(=O)N3CCCC3,CN(C)CCC1=CNC2=C1C=C(C=C2)CS(=O)(=O)N3CCCC3,45
drug_48cb386dee7a28b19d88,Alogliptin,alogliptin,11450633,CN1C(=O)C=C(N(C1=O)CC2=CC=CC=C2C#N)N3CCCC(C3)N,CN1C(=O)C=C(N(C1=O)CC2=CC=CC=C2C#N)N3CCC[C@H](C3)N,46
drug_7084afda7f1f6f686b9f,Alosetron,alosetron,2099,CC1=C(N=CN1)CN2CCC3=C(C2=O)C4=CC=CC=C4N3C,CC1=C(N=CN1)CN2CCC3=C(C2=O)C4=CC=CC=C4N3C,47
drug_4157d2081fc6a407d4e0,Alprazolam,alprazolam,2118,CC1=NN=C2N1C3=C(C=C(C=C3)Cl)C(=NC2)C4=CC=CC=C4,CC1=NN=C2N1C3=C(C=C(C=C3)Cl)C(=NC2)C4=CC=CC=C4,48
drug_717890d0a897c6dc097f,Alprenolol,alprenolol,2119,CC(C)NCC(COC1=CC=CC=C1CC=C)O,CC(C)NCC(COC1=CC=CC=C1CC=C)O,49
drug_1545ec5083bc470a95e5,Alprostadil,alprostadil,5280723,CCCCCC(C=CC1C(CC(=O)C1CCCCCCC(=O)O)O)O,CCCCC[C@@H](/C=C/[C@H]1[C@@H](CC(=O)[C@@H]1CCCCCCC(=O)O)O)O,50
drug_e7aba930ba6714a6841f,Altretamine,altretamine,2123,CN(C)C1=NC(=NC(=N1)N(C)C)N(C)C,CN(C)C1=NC(=NC(=N1)N(C)C)N(C)C,51
drug_6fb616fcecc209dbd069,Aluminium,aluminium,5359268,[Al],[Al],52
drug_b1fc6cd312e0515e6345,Aluminum hydroxide,aluminum hydroxide,10176082,[OH-].[OH-].[OH-].[Al+3],[OH-].[OH-].[OH-].[Al+3],53
drug_f95304f86332ffc30b43,Aluminum oxide,aluminum oxide,9989226,[O-2].[O-2].[O-2].[Al+3].[Al+3],[O-2].[O-2].[O-2].[Al+3].[Al+3],54
drug_5fad6a460d38ed79cf07,Aluminum sulfate,aluminum sulfate,24850,[O-]S(=O)(=O)[O-].[O-]S(=O)(=O)[O-].[O-]S(=O)(=O)[O-].[Al+3].[Al+3],[O-]S(=O)(=O)[O-].[O-]S(=O)(=O)[O-].[O-]S(=O)(=O)[O-].[Al+3].[Al+3],55
drug_d2f8524e4d6413238bae,Alvimopan,alvimopan,5488548,CC1CN(CCC1(C)C2=CC(=CC=C2)O)CC(CC3=CC=CC=C3)C(=O)NCC(=O)O,C[C@H]1CN(CC[C@@]1(C)C2=CC(=CC=C2)O)C[C@H](CC3=CC=CC=C3)C(=O)NCC(=O)O,56
drug_277cfe48b889bcedcb26,Amantadine,amantadine,2130,C1C2CC3CC1CC(C2)(C3)N,C1C2CC3CC1CC(C2)(C3)N,57
drug_48d3859492f3c3532de7,Ambenonium,ambenonium,2131,CC[N+](CC)(CCNC(=O)C(=O)NCC[N+](CC)(CC)CC1=CC=CC=C1Cl)CC2=CC=CC=C2Cl,CC[N+](CC)(CCNC(=O)C(=O)NCC[N+](CC)(CC)CC1=CC=CC=C1Cl)CC2=CC=CC=C2Cl,58
drug_50cb8e63e3f7b76db3df,Ambrisentan,ambrisentan,6918493,CC1=CC(=NC(=N1)OC(C(=O)O)C(C2=CC=CC=C2)(C3=CC=CC=C3)OC)C,CC1=CC(=NC(=N1)O[C@H](C(=O)O)C(C2=CC=CC=C2)(C3=CC=CC=C3)OC)C,59
drug_9c488e6210c823fdb599,Ambroxol,ambroxol,2132,C1CC(CCC1NCC2=C(C(=CC(=C2)Br)Br)N)O,C1CC(CCC1NCC2=C(C(=CC(=C2)Br)Br)N)O,60
drug_685510357499ee24aa10,Amcinonide,amcinonide,443958,CC(=O)OCC(=O)C12C(CC3C1(CC(C4(C3CCC5=CC(=O)C=CC54C)F)O)C)OC6(O2)CCCC6,CC(=O)OCC(=O)[C@@]12[C@@H](C[C@@H]3[C@@]1(C[C@@H]([C@]4([C@H]3CCC5=CC(=O)C=C[C@@]54C)F)O)C)OC6(O2)CCCC6,61
drug_4fcd43ac514c96f8609d,Amifostine,amifostine,2141,C(CN)CNCCSP(=O)(O)O,C(CN)CNCCSP(=O)(O)O,62
drug_f0c308b2f3b82025a0fe,Amikacin,amikacin,37768,C1C(C(C(C(C1NC(=O)C(CCN)O)OC2C(C(C(C(O2)CO)O)N)O)O)OC3C(C(C(C(O3)CN)O)O)O)N,C1[C@@H]([C@H]([C@@H]([C@H]([C@@H]1NC(=O)[C@H](CCN)O)O[C@@H]2[C@@H]([C@H]([C@@H]([C@H](O2)CO)O)N)O)O)O[C@@H]3[C@@H]([C@H]([C@@H]([C@H](O3)CN)O)O)O)N,63
drug_25e3ad36f8fb5a698cf0,Amiloride,amiloride,16231,C1(=C(N=C(C(=N1)Cl)N)N)C(=O)N=C(N)N,C1(=C(N=C(C(=N1)Cl)N)N)C(=O)N=C(N)N,64
drug_4504b0f9a3f41155e754,Aminocaproic acid,aminocaproic acid,564,C(CCC(=O)O)CCN,C(CCC(=O)O)CCN,65
drug_a8a0c6673d767d2c248e,Aminoglutethimide,aminoglutethimide,2145,CCC1(CCC(=O)NC1=O)C2=CC=C(C=C2)N,CCC1(CCC(=O)NC1=O)C2=CC=C(C=C2)N,66
drug_d9013d4a12ca97f1ce0a,Aminohippuric acid,aminohippuric acid,2148,C1=CC(=CC=C1C(=O)NCC(=O)O)N,C1=CC(=CC=C1C(=O)NCC(=O)O)N,67
drug_26266e88954216cc8f97,Aminolevulinic acid,aminolevulinic acid,137,C(CC(=O)O)C(=O)CN,C(CC(=O)O)C(=O)CN,68
drug_9956b461683ddcaab8cf,Aminophenazone,aminophenazone,6009,CC1=C(C(=O)N(N1C)C2=CC=CC=C2)N(C)C,CC1=C(C(=O)N(N1C)C2=CC=CC=C2)N(C)C,69
drug_02fb3e88a3389ba2d68e,Aminophylline,aminophylline,9433,CN1C2=C(C(=O)N(C1=O)C)NC=N2.CN1C2=C(C(=O)N(C1=O)C)NC=N2.C(CN)N,CN1C2=C(C(=O)N(C1=O)C)NC=N2.CN1C2=C(C(=O)N(C1=O)C)NC=N2.C(CN)N,70
drug_ff13b56e1d99e357aa74,Aminosalicylic acid,aminosalicylic acid,4649,C1=CC(=C(C=C1N)O)C(=O)O,C1=CC(=C(C=C1N)O)C(=O)O,71
drug_f7a5d8dab53d605ea134,Amiodarone,amiodarone,2157,CCCCC1=C(C2=CC=CC=C2O1)C(=O)C3=CC(=C(C(=C3)I)OCCN(CC)CC)I,CCCCC1=C(C2=CC=CC=C2O1)C(=O)C3=CC(=C(C(=C3)I)OCCN(CC)CC)I,72
drug_687f442f0c70f7bf9e09,Amisulpride,amisulpride,2159,CCN1CCCC1CNC(=O)C2=CC(=C(C=C2OC)N)S(=O)(=O)CC,CCN1CCCC1CNC(=O)C2=CC(=C(C=C2OC)N)S(=O)(=O)CC,73
drug_a79616120b7d856f06af,Amitriptyline,amitriptyline,2160,CN(C)CCC=C1C2=CC=CC=C2CCC3=CC=CC=C31,CN(C)CCC=C1C2=CC=CC=C2CCC3=CC=CC=C31,74
drug_aba1054d29473b2023cb,Amlodipine,amlodipine,2162,CCOC(=O)C1=C(NC(=C(C1C2=CC=CC=C2Cl)C(=O)OC)C)COCCN,CCOC(=O)C1=C(NC(=C(C1C2=CC=CC=C2Cl)C(=O)OC)C)COCCN,75
drug_ed174186b75c3e6cd6ab,Ammonium chloride,ammonium chloride,25517,[NH4+].[Cl-],[NH4+].[Cl-],76
drug_22005daee60f29d589e7,Amobarbital,amobarbital,2164,CCC1(C(=O)NC(=O)NC1=O)CCC(C)C,CCC1(C(=O)NC(=O)NC1=O)CCC(C)C,77
drug_5694818f5f88851a60b2,Amodiaquine,amodiaquine,2165,CCN(CC)CC1=C(C=CC(=C1)NC2=C3C=CC(=CC3=NC=C2)Cl)O,CCN(CC)CC1=C(C=CC(=C1)NC2=C3C=CC(=CC3=NC=C2)Cl)O,78
drug_5366db279d43fb80b06a,Amoxapine,amoxapine,2170,C1CN(CCN1)C2=NC3=CC=CC=C3OC4=C2C=C(C=C4)Cl,C1CN(CCN1)C2=NC3=CC=CC=C3OC4=C2C=C(C=C4)Cl,79
drug_6bf39e02999bcec2fcd1,Amoxicillin,amoxicillin,33613,CC1(C(N2C(S1)C(C2=O)NC(=O)C(C3=CC=C(C=C3)O)N)C(=O)O)C,CC1([C@@H](N2[C@H](S1)[C@@H](C2=O)NC(=O)[C@@H](C3=CC=C(C=C3)O)N)C(=O)O)C,80
drug_0d551e3b17d4c0c3d8bc,Amphetamine,amphetamine,3007,CC(CC1=CC=CC=C1)N,CC(CC1=CC=CC=C1)N,81
drug_ebf4d7aad3be8278904f,Amphotericin B,amphotericin b,5280965,CC1C=CC=CC=CC=CC=CC=CC=CC(CC2C(C(CC(O2)(CC(CC(C(CCC(CC(CC(=O)OC(C(C1O)C)C)O)O)O)O)O)O)O)C(=O)O)OC3C(C(C(C(O3)C)O)N)O,C[C@H]1/C=C/C=C/C=C/C=C/C=C/C=C/C=C/[C@@H](C[C@H]2[C@@H]([C@H](C[C@](O2)(C[C@H](C[C@H]([C@@H](CC[C@H](C[C@H](CC(=O)O[C@H]([C@@H]([C@@H]1O)C)C)O)O)O)O)O)O)O)C(=O)O)O[C@H]3[C@H]([C@H]([C@@H]([C@H](O3)C)O)N)O,82
drug_3a3c20a7c7d3e9e9848e,Ampicillin,ampicillin,6249,CC1(C(N2C(S1)C(C2=O)NC(=O)C(C3=CC=CC=C3)N)C(=O)O)C,CC1([C@@H](N2[C@H](S1)[C@@H](C2=O)NC(=O)[C@@H](C3=CC=CC=C3)N)C(=O)O)C,83
drug_1c299857d230cbaa77b1,Amprenavir,amprenavir,65016,CC(C)CN(CC(C(CC1=CC=CC=C1)NC(=O)OC2CCOC2)O)S(=O)(=O)C3=CC=C(C=C3)N,CC(C)CN(C[C@H]([C@H](CC1=CC=CC=C1)NC(=O)O[C@H]2CCOC2)O)S(=O)(=O)C3=CC=C(C=C3)N,84
drug_814b266bda47a56ac7f3,Amrinone,amrinone,3698,C1=CN=CC=C1C2=CNC(=O)C(=C2)N,C1=CN=CC=C1C2=CNC(=O)C(=C2)N,85
drug_7f4b1f489729d4757845,Amrubicin,amrubicin,3035016,CC(=O)C1(CC(C2=C(C1)C(=C3C(=C2O)C(=O)C4=CC=CC=C4C3=O)O)OC5CC(C(CO5)O)O)N,CC(=O)[C@]1(C[C@@H](C2=C(C1)C(=C3C(=C2O)C(=O)C4=CC=CC=C4C3=O)O)O[C@H]5C[C@@H]([C@@H](CO5)O)O)N,86
drug_8a63e9a5a0adbee46489,Amsacrine,amsacrine,2179,COC1=C(C=CC(=C1)NS(=O)(=O)C)NC2=C3C=CC=CC3=NC4=CC=CC=C42,COC1=C(C=CC(=C1)NS(=O)(=O)C)NC2=C3C=CC=CC3=NC4=CC=CC=C42,87
drug_593490d791778cdf43d5,Amyl Nitrite,amyl nitrite,8053,CC(C)CCON=O,CC(C)CCON=O,88
drug_20ab98b6144ea0e2659a,Anagrelide,anagrelide,135409400,C1C2=C(C=CC(=C2Cl)Cl)N=C3N1CC(=O)N3,C1C2=C(C=CC(=C2Cl)Cl)N=C3N1CC(=O)N3,89
drug_1038c729c75f71db8ea2,Anastrozole,anastrozole,2187,CC(C)(C#N)C1=CC(=CC(=C1)CN2C=NC=N2)C(C)(C)C#N,CC(C)(C#N)C1=CC(=CC(=C1)CN2C=NC=N2)C(C)(C)C#N,90
drug_bbb63fdc19d9c6cf2c45,Anidulafungin,anidulafungin,166548,CCCCCOC1=CC=C(C=C1)C2=CC=C(C=C2)C3=CC=C(C=C3)C(=O)NC4CC(C(NC(=O)C5C(C(CN5C(=O)C(NC(=O)C(NC(=O)C6CC(CN6C(=O)C(NC4=O)C(C)O)O)C(C(C7=CC=C(C=C7)O)O)O)C(C)O)C)O)O)O,CCCCCOC1=CC=C(C=C1)C2=CC=C(C=C2)C3=CC=C(C=C3)C(=O)N[C@H]4C[C@H]([C@H](NC(=O)[C@@H]5[C@H]([C@H](CN5C(=O)[C@@H](NC(=O)[C@@H](NC(=O)[C@@H]6C[C@H](CN6C(=O)[C@@H](NC4=O)[C@@H](C)O)O)[C@@H]([C@H](C7=CC=C(C=C7)O)O)O)[C@@H](C)O)C)O)O)O,91
drug_a934ea435be85f26fedb,Anisotropine methylbromide,anisotropine methylbromide,657201,CCCC(CCC)C(=O)OC1CC2CCC(C1)[N+]2(C)C.[Br-],CCCC(CCC)C(=O)OC1C[C@H]2CC[C@@H](C1)[N+]2(C)C.[Br-],92
drug_7df019b973817265cca2,Antazoline,antazoline,2200,C1CN=C(N1)CN(CC2=CC=CC=C2)C3=CC=CC=C3,C1CN=C(N1)CN(CC2=CC=CC=C2)C3=CC=CC=C3,93
drug_a59de577885bfedf75ec,Antipyrine,antipyrine,2206,CC1=CC(=O)N(N1C)C2=CC=CC=C2,CC1=CC(=O)N(N1C)C2=CC=CC=C2,94
drug_17e18eb6dd21815c99a3,Apixaban,apixaban,10182969,COC1=CC=C(C=C1)N2C3=C(CCN(C3=O)C4=CC=C(C=C4)N5CCCCC5=O)C(=N2)C(=O)N,COC1=CC=C(C=C1)N2C3=C(CCN(C3=O)C4=CC=C(C=C4)N5CCCCC5=O)C(=N2)C(=O)N,95
drug_709aaaa54c4ea5dff96c,Apomorphine,apomorphine,6005,CN1CCC2=C3C1CC4=C(C3=CC=C2)C(=C(C=C4)O)O,CN1CCC2=C3[C@H]1CC4=C(C3=CC=C2)C(=C(C=C4)O)O,96
drug_8ddf68417a463f186bed,Apraclonidine,apraclonidine,2216,C1CN=C(N1)NC2=C(C=C(C=C2Cl)N)Cl,C1CN=C(N1)NC2=C(C=C(C=C2Cl)N)Cl,97
drug_31bf2abaa5cb1ead5b46,Apremilast,apremilast,11561674,CCOC1=C(C=CC(=C1)C(CS(=O)(=O)C)N2C(=O)C3=C(C2=O)C(=CC=C3)NC(=O)C)OC,CCOC1=C(C=CC(=C1)[C@@H](CS(=O)(=O)C)N2C(=O)C3=C(C2=O)C(=CC=C3)NC(=O)C)OC,98
drug_787ff3ff6c5496306571,Aprepitant,aprepitant,135413536,CC(C1=CC(=CC(=C1)C(F)(F)F)C(F)(F)F)OC2C(N(CCO2)CC3=NNC(=O)N3)C4=CC=C(C=C4)F,C[C@H](C1=CC(=CC(=C1)C(F)(F)F)C(F)(F)F)O[C@@H]2[C@@H](N(CCO2)CC3=NNC(=O)N3)C4=CC=C(C=C4)F,99
drug_aa5c6bcb1c5fe17fbd2d,Aprindine,aprindine,2218,CCN(CC)CCCN(C1CC2=CC=CC=C2C1)C3=CC=CC=C3,CCN(CC)CCCN(C1CC2=CC=CC=C2C1)C3=CC=CC=C3,100
drug_e1de557b6dc149e3f3ba,Arbekacin,arbekacin,68682,C1CC(C(OC1CN)OC2C(CC(C(C2O)OC3C(C(C(C(O3)CO)O)N)O)NC(=O)C(CCN)O)N)N,C1C[C@H]([C@H](O[C@@H]1CN)O[C@@H]2[C@H](C[C@H]([C@@H]([C@H]2O)O[C@@H]3[C@@H]([C@H]([C@@H]([C@H](O3)CO)O)N)O)NC(=O)[C@H](CCN)O)N)N,101
drug_e0693019389f862581e0,Arbutamine,arbutamine,60789,C1=CC(=CC=C1CCCCNCC(C2=CC(=C(C=C2)O)O)O)O,C1=CC(=CC=C1CCCCNC[C@@H](C2=CC(=C(C=C2)O)O)O)O,102
drug_978f5584d0bc1d1d7903,Arformoterol,arformoterol,3083544,CC(CC1=CC=C(C=C1)OC)NCC(C2=CC(=C(C=C2)O)NC=O)O,C[C@H](CC1=CC=C(C=C1)OC)NC[C@@H](C2=CC(=C(C=C2)O)NC=O)O,103
drug_8707920f5e0410b5300e,Argatroban,argatroban,92722,CC1CCN(C(C1)C(=O)O)C(=O)C(CCCN=C(N)N)NS(=O)(=O)C2=CC=CC3=C2NCC(C3)C,C[C@@H]1CCN([C@H](C1)C(=O)O)C(=O)[C@H](CCCN=C(N)N)NS(=O)(=O)C2=CC=CC3=C2NCC(C3)C,104
drug_3c6a160033d0b7432efb,Aripiprazole,aripiprazole,60795,C1CC(=O)NC2=C1C=CC(=C2)OCCCCN3CCN(CC3)C4=C(C(=CC=C4)Cl)Cl,C1CC(=O)NC2=C1C=CC(=C2)OCCCCN3CCN(CC3)C4=C(C(=CC=C4)Cl)Cl,105
drug_5e65ed44394617c7f7b5,Armodafinil,armodafinil,9690109,C1=CC=C(C=C1)C(C2=CC=CC=C2)S(=O)CC(=O)N,C1=CC=C(C=C1)C(C2=CC=CC=C2)[S@](=O)CC(=O)N,106
drug_1f7c3d40de60329025c7,Arotinolol,arotinolol,2239,CC(C)(C)NCC(CSC1=NC(=CS1)C2=CC=C(S2)C(=O)N)O,CC(C)(C)NCC(CSC1=NC(=CS1)C2=CC=C(S2)C(=O)N)O,107
drug_f38e9271ddbbfee13b4c,Arsenic trioxide,arsenic trioxide,14888,[O-2].[O-2].[O-2].[As+3].[As+3],[O-2].[O-2].[O-2].[As+3].[As+3],108
drug_4e27836a66212398f61c,Artemether,artemether,68911,CC1CCC2C(C(OC3C24C1CCC(O3)(OO4)C)OC)C,C[C@@H]1CC[C@H]2[C@H]([C@H](O[C@H]3[C@@]24[C@H]1CC[C@](O3)(OO4)C)OC)C,109
drug_b7545db307056ce7dd52,Artesunate,artesunate,6917864,CC1CCC2C(C(OC3C24C1CCC(O3)(OO4)C)OC(=O)CCC(=O)O)C,C[C@@H]1CC[C@H]2[C@H]([C@@H](O[C@H]3[C@@]24[C@H]1CC[C@](O3)(OO4)C)OC(=O)CCC(=O)O)C,110
drug_2d37f7180b0ce90263e5,Articaine,articaine,32170,CCCNC(C)C(=O)NC1=C(SC=C1C)C(=O)OC,CCCNC(C)C(=O)NC1=C(SC=C1C)C(=O)OC,111
drug_cf676b9749afd1e542e2,Ascorbic acid,ascorbic acid,54670067,C(C(C1C(=C(C(=O)O1)O)O)O)O,C([C@@H]([C@@H]1C(=C(C(=O)O1)O)O)O)O,112
drug_313f2131aea8787b243a,Asenapine,asenapine,163091,CN1CC2C(C1)C3=C(C=CC(=C3)Cl)OC4=CC=CC=C24,CN1C[C@H]2[C@H](C1)C3=C(C=CC(=C3)Cl)OC4=CC=CC=C24,113
drug_1fb24181c7235ec5de8c,Astemizole,astemizole,2247,COC1=CC=C(C=C1)CCN2CCC(CC2)NC3=NC4=CC=CC=C4N3CC5=CC=C(C=C5)F,COC1=CC=C(C=C1)CCN2CCC(CC2)NC3=NC4=CC=CC=C4N3CC5=CC=C(C=C5)F,114
drug_a887e156c6a4b271e066,Asunaprevir,asunaprevir,16076883,CC(C)(C)C(C(=O)N1CC(CC1C(=O)NC2(CC2C=C)C(=O)NS(=O)(=O)C3CC3)OC4=NC=C(C5=C4C=C(C=C5)Cl)OC)NC(=O)OC(C)(C)C,CC(C)(C)[C@@H](C(=O)N1C[C@@H](C[C@H]1C(=O)N[C@@]2(C[C@H]2C=C)C(=O)NS(=O)(=O)C3CC3)OC4=NC=C(C5=C4C=C(C=C5)Cl)OC)NC(=O)OC(C)(C)C,115
drug_ceadf58a4e989cce00f9,Atazanavir,atazanavir,148192,CC(C)(C)C(C(=O)NC(CC1=CC=CC=C1)C(CN(CC2=CC=C(C=C2)C3=CC=CC=N3)NC(=O)C(C(C)(C)C)NC(=O)OC)O)NC(=O)OC,CC(C)(C)[C@@H](C(=O)N[C@@H](CC1=CC=CC=C1)[C@H](CN(CC2=CC=C(C=C2)C3=CC=CC=N3)NC(=O)[C@H](C(C)(C)C)NC(=O)OC)O)NC(=O)OC,116
drug_669592addb2ff5f0c706,Atenolol,atenolol,2249,CC(C)NCC(COC1=CC=C(C=C1)CC(=O)N)O,CC(C)NCC(COC1=CC=C(C=C1)CC(=O)N)O,117
drug_e6755f34dabcd64d369f,Atomoxetine,atomoxetine,54841,CC1=CC=CC=C1OC(CCNC)C2=CC=CC=C2,CC1=CC=CC=C1O[C@H](CCNC)C2=CC=CC=C2,118
drug_920edde59b13e5a5f943,Atorvastatin,atorvastatin,60823,CC(C)C1=C(C(=C(N1CCC(CC(CC(=O)O)O)O)C2=CC=C(C=C2)F)C3=CC=CC=C3)C(=O)NC4=CC=CC=C4,CC(C)C1=C(C(=C(N1CC[C@H](C[C@H](CC(=O)O)O)O)C2=CC=C(C=C2)F)C3=CC=CC=C3)C(=O)NC4=CC=CC=C4,119
drug_2dad565c92962b5400b8,Atovaquone,atovaquone,74989,C1CC(CCC1C2=CC=C(C=C2)Cl)C3=C(C4=CC=CC=C4C(=O)C3=O)O,C1CC(CCC1C2=CC=C(C=C2)Cl)C3=C(C4=CC=CC=C4C(=O)C3=O)O,120
drug_64b3244a14b94ef2a12f,Atracurium besylate,atracurium besylate,47320,C[N+]1(CCC2=CC(=C(C=C2C1CC3=CC(=C(C=C3)OC)OC)OC)OC)CCC(=O)OCCCCCOC(=O)CC[N+]4(CCC5=CC(=C(C=C5C4CC6=CC(=C(C=C6)OC)OC)OC)OC)C.C1=CC=C(C=C1)S(=O)(=O)[O-].C1=CC=C(C=C1)S(=O)(=O)[O-],C[N+]1(CCC2=CC(=C(C=C2C1CC3=CC(=C(C=C3)OC)OC)OC)OC)CCC(=O)OCCCCCOC(=O)CC[N+]4(CCC5=CC(=C(C=C5C4CC6=CC(=C(C=C6)OC)OC)OC)OC)C.C1=CC=C(C=C1)S(=O)(=O)[O-].C1=CC=C(C=C1)S(=O)(=O)[O-],121
drug_b9ce71765c7d3b9ce1e5,Atropine,atropine,174174,CN1C2CCC1CC(C2)OC(=O)C(CO)C3=CC=CC=C3,CN1[C@@H]2CC[C@H]1CC(C2)OC(=O)C(CO)C3=CC=CC=C3,122
drug_2af14e3dcf910b24565b,Avanafil,avanafil,9869929,COC1=C(C=C(C=C1)CNC2=NC(=NC=C2C(=O)NCC3=NC=CC=N3)N4CCCC4CO)Cl,COC1=C(C=C(C=C1)CNC2=NC(=NC=C2C(=O)NCC3=NC=CC=N3)N4CCC[C@H]4CO)Cl,123
drug_1df3fb9cba79f9aed66a,Avibactam,avibactam,9835049,C1CC(N2CC1N(C2=O)OS(=O)(=O)O)C(=O)N,C1C[C@H](N2C[C@@H]1N(C2=O)OS(=O)(=O)O)C(=O)N,124
drug_4ed8b723f0e0708d8260,Axitinib,axitinib,6450551,CNC(=O)C1=CC=CC=C1SC2=CC3=C(C=C2)C(=NN3)C=CC4=CC=CC=N4,CNC(=O)C1=CC=CC=C1SC2=CC3=C(C=C2)C(=NN3)/C=C/C4=CC=CC=N4,125
drug_d095fbfd33357c34c3b1,Azacitidine,azacitidine,9444,C1=NC(=NC(=O)N1C2C(C(C(O2)CO)O)O)N,C1=NC(=NC(=O)N1[C@H]2[C@@H]([C@@H]([C@H](O2)CO)O)O)N,126
drug_44dbff67d5f42d8ba05c,Azatadine,azatadine,19861,CN1CCC(=C2C3=CC=CC=C3CCC4=C2N=CC=C4)CC1,CN1CCC(=C2C3=CC=CC=C3CCC4=C2N=CC=C4)CC1,127
drug_39e5570a5263593ecbef,Azathioprine,azathioprine,2265,CN1C=NC(=C1SC2=NC=NC3=C2NC=N3)[N+](=O)[O-],CN1C=NC(=C1SC2=NC=NC3=C2NC=N3)[N+](=O)[O-],128
drug_8f10c4b2c30c5682389f,Azelaic acid,azelaic acid,2266,C(CCCC(=O)O)CCCC(=O)O,C(CCCC(=O)O)CCCC(=O)O,129
drug_4d78c7f26627623bf120,Azelastine,azelastine,2267,CN1CCCC(CC1)N2C(=O)C3=CC=CC=C3C(=N2)CC4=CC=C(C=C4)Cl,CN1CCCC(CC1)N2C(=O)C3=CC=CC=C3C(=N2)CC4=CC=C(C=C4)Cl,130
drug_9dda22765488055c000e,Azelnidipine,azelnidipine,65948,CC1=C(C(C(=C(N1)N)C(=O)OC2CN(C2)C(C3=CC=CC=C3)C4=CC=CC=C4)C5=CC(=CC=C5)[N+](=O)[O-])C(=O)OC(C)C,CC1=C(C(C(=C(N1)N)C(=O)OC2CN(C2)C(C3=CC=CC=C3)C4=CC=CC=C4)C5=CC(=CC=C5)[N+](=O)[O-])C(=O)OC(C)C,131
drug_1336faeb08e89d91d06d,Azidocillin,azidocillin,15574941,CC1(C(N2C(S1)C(C2=O)NC(=O)C(C3=CC=CC=C3)N=[N+]=[N-])C(=O)O)C,CC1([C@@H](N2[C@H](S1)[C@@H](C2=O)NC(=O)[C@@H](C3=CC=CC=C3)N=[N+]=[N-])C(=O)O)C,132
drug_e3ff23afcf2414947217,Azilsartan medoxomil,azilsartan medoxomil,135409642,CCOC1=NC2=CC=CC(=C2N1CC3=CC=C(C=C3)C4=CC=CC=C4C5=NOC(=O)N5)C(=O)OCC6=C(OC(=O)O6)C,CCOC1=NC2=CC=CC(=C2N1CC3=CC=C(C=C3)C4=CC=CC=C4C5=NOC(=O)N5)C(=O)OCC6=C(OC(=O)O6)C,133
drug_649cef64d969c53e549e,Azithromycin,azithromycin,447043,CCC1C(C(C(N(CC(CC(C(C(C(C(C(=O)O1)C)OC2CC(C(C(O2)C)O)(C)OC)C)OC3C(C(CC(O3)C)N(C)C)O)(C)O)C)C)C)O)(C)O,CC[C@@H]1[C@@]([C@@H]([C@H](N(C[C@@H](C[C@@]([C@@H]([C@H]([C@@H]([C@H](C(=O)O1)C)O[C@H]2C[C@@]([C@H]([C@@H](O2)C)O)(C)OC)C)O[C@H]3[C@@H]([C@H](C[C@H](O3)C)N(C)C)O)(C)O)C)C)C)O)(C)O,134
drug_d0d01199ec08be7c9814,Azlocillin,azlocillin,6479523,CC1(C(N2C(S1)C(C2=O)NC(=O)C(C3=CC=CC=C3)NC(=O)N4CCNC4=O)C(=O)O)C,CC1([C@@H](N2[C@H](S1)[C@@H](C2=O)NC(=O)[C@@H](C3=CC=CC=C3)NC(=O)N4CCNC4=O)C(=O)O)C,135
drug_9e5cafc627288a5968dc,Aztreonam,aztreonam,5742832,CC1C(C(=O)N1S(=O)(=O)O)NC(=O)C(=NOC(C)(C)C(=O)O)C2=CSC(=N2)N,C[C@H]1[C@@H](C(=O)N1S(=O)(=O)O)NC(=O)/C(=N\OC(C)(C)C(=O)O)/C2=CSC(=N2)N,136
drug_e57417f31fb8cc5f3189,Bacampicillin,bacampicillin,441397,CCOC(=O)OC(C)OC(=O)C1C(SC2N1C(=O)C2NC(=O)C(C3=CC=CC=C3)N)(C)C,CCOC(=O)OC(C)OC(=O)[C@H]1C(S[C@H]2N1C(=O)[C@H]2NC(=O)[C@@H](C3=CC=CC=C3)N)(C)C,137
drug_7a357649ff1a5bad1e4d,Bacitracin,bacitracin,10909430,CCC(C)C1C(=O)NC(C(=O)NC(C(=O)NC(C(=O)NC(C(=O)NCCCCC(C(=O)NC(C(=O)N1)CCCN)NC(=O)C(C(C)CC)NC(=O)C(CCC(=O)O)NC(=O)C(CC(C)C)NC(=O)C2CSC(=N2)C(C(C)CC)N)CC(=O)N)CC(=O)O)CC3=CN=CN3)CC4=CC=CC=C4,CC[C@H](C)[C@H]1C(=O)N[C@@H](C(=O)N[C@H](C(=O)N[C@@H](C(=O)N[C@H](C(=O)NCCCC[C@@H](C(=O)N[C@@H](C(=O)N1)CCCN)NC(=O)[C@H]([C@@H](C)CC)NC(=O)[C@@H](CCC(=O)O)NC(=O)[C@H](CC(C)C)NC(=O)[C@@H]2CSC(=N2)[C@H]([C@@H](C)CC)N)CC(=O)N)CC(=O)O)CC3=CN=CN3)CC4=CC=CC=C4,138
drug_979673bbdd2e0844f831,Baclofen,baclofen,2284,C1=CC(=CC=C1C(CC(=O)O)CN)Cl,C1=CC(=CC=C1C(CC(=O)O)CN)Cl,139
drug_a11f631ecca5b01485e2,Balsalazide,balsalazide,54585,C1=CC(=CC=C1C(=O)NCCC(=O)O)N=NC2=CC(=C(C=C2)O)C(=O)O,C1=CC(=CC=C1C(=O)NCCC(=O)O)N=NC2=CC(=C(C=C2)O)C(=O)O,140
drug_c4580e63a76e27ad7e23,Bambuterol,bambuterol,54766,CC(C)(C)NCC(C1=CC(=CC(=C1)OC(=O)N(C)C)OC(=O)N(C)C)O,CC(C)(C)NCC(C1=CC(=CC(=C1)OC(=O)N(C)C)OC(=O)N(C)C)O,141
drug_436d407060cfbff361bd,Baricitinib,baricitinib,44205240,CCS(=O)(=O)N1CC(C1)(CC#N)N2C=C(C=N2)C3=C4C=CNC4=NC=N3,CCS(=O)(=O)N1CC(C1)(CC#N)N2C=C(C=N2)C3=C4C=CNC4=NC=N3,142
drug_822394e5bb3d0ebf1bf0,Barnidipine,barnidipine,443869,CC1=C(C(C(=C(N1)C)C(=O)OC2CCN(C2)CC3=CC=CC=C3)C4=CC(=CC=C4)[N+](=O)[O-])C(=O)OC,CC1=C([C@@H](C(=C(N1)C)C(=O)O[C@H]2CCN(C2)CC3=CC=CC=C3)C4=CC(=CC=C4)[N+](=O)[O-])C(=O)OC,143
drug_6f5fa97e98ae362b8bc9,Bazedoxifene,bazedoxifene,154257,CC1=C(N(C2=C1C=C(C=C2)O)CC3=CC=C(C=C3)OCCN4CCCCCC4)C5=CC=C(C=C5)O,CC1=C(N(C2=C1C=C(C=C2)O)CC3=CC=C(C=C3)OCCN4CCCCCC4)C5=CC=C(C=C5)O,144
drug_cae2996f42469349e888,Beclomethasone dipropionate,beclomethasone dipropionate,21700,CCC(=O)OCC(=O)C1(C(CC2C1(CC(C3(C2CCC4=CC(=O)C=CC43C)Cl)O)C)C)OC(=O)CC,CCC(=O)OCC(=O)[C@]1([C@H](C[C@@H]2[C@@]1(C[C@@H]([C@]3([C@H]2CCC4=CC(=O)C=C[C@@]43C)Cl)O)C)C)OC(=O)CC,145
drug_6c8340e3a44529da0130,Bedaquiline,bedaquiline,5388906,CN(C)CCC(C1=CC=CC2=CC=CC=C21)(C(C3=CC=CC=C3)C4=C(N=C5C=CC(=CC5=C4)Br)OC)O,CN(C)CC[C@@](C1=CC=CC2=CC=CC=C21)([C@H](C3=CC=CC=C3)C4=C(N=C5C=CC(=CC5=C4)Br)OC)O,146
drug_6db1e46d13aabaed0dcf,Belinostat,belinostat,6918638,C1=CC=C(C=C1)NS(=O)(=O)C2=CC=CC(=C2)C=CC(=O)NO,C1=CC=C(C=C1)NS(=O)(=O)C2=CC=CC(=C2)/C=C/C(=O)NO,147
drug_2c909140f2f50ec6b766,Benazepril,benazepril,5362124,CCOC(=O)C(CCC1=CC=CC=C1)NC2CCC3=CC=CC=C3N(C2=O)CC(=O)O,CCOC(=O)[C@H](CCC1=CC=CC=C1)N[C@H]2CCC3=CC=CC=C3N(C2=O)CC(=O)O,148
drug_9afc3570c6ed9f6e21c6,Bendamustine,bendamustine,65628,CN1C2=C(C=C(C=C2)N(CCCl)CCCl)N=C1CCCC(=O)O,CN1C2=C(C=C(C=C2)N(CCCl)CCCl)N=C1CCCC(=O)O,149
drug_9f6ab380c26a8ec8b0cc,Bendroflumethiazide,bendroflumethiazide,2315,C1=CC=C(C=C1)CC2NC3=C(C=C(C(=C3)C(F)(F)F)S(=O)(=O)N)S(=O)(=O)N2,C1=CC=C(C=C1)CC2NC3=C(C=C(C(=C3)C(F)(F)F)S(=O)(=O)N)S(=O)(=O)N2,150
drug_f34ff520101d5461d4ee,Benidipine,benidipine,656668,CC1=C(C(C(=C(N1)C)C(=O)OC2CCCN(C2)CC3=CC=CC=C3)C4=CC(=CC=C4)[N+](=O)[O-])C(=O)OC,CC1=C([C@H](C(=C(N1)C)C(=O)O[C@@H]2CCCN(C2)CC3=CC=CC=C3)C4=CC(=CC=C4)[N+](=O)[O-])C(=O)OC,151
drug_d4be756943764eaf604e,Benzatropine,benzatropine,1201549,CN1C2CCC1CC(C2)OC(C3=CC=CC=C3)C4=CC=CC=C4,CN1[C@@H]2CC[C@H]1CC(C2)OC(C3=CC=CC=C3)C4=CC=CC=C4,152
drug_176de3d13692f776e736,Benznidazole,benznidazole,31593,C1=CC=C(C=C1)CNC(=O)CN2C=CN=C2[N+](=O)[O-],C1=CC=C(C=C1)CNC(=O)CN2C=CN=C2[N+](=O)[O-],153
drug_51ccf6e611c6a1d5cf5e,Benzocaine,benzocaine,2337,CCOC(=O)C1=CC=C(C=C1)N,CCOC(=O)C1=CC=C(C=C1)N,154
drug_39003117886ea1259c8c,Benzoctamine,benzoctamine,28425,CNCC12CCC(C3=CC=CC=C31)C4=CC=CC=C24,CNCC12CCC(C3=CC=CC=C31)C4=CC=CC=C24,155
drug_168a28f3330872b4003e,Benzoic acid,benzoic acid,243,C1=CC=C(C=C1)C(=O)O,C1=CC=C(C=C1)C(=O)O,156
drug_a45aa15c1eb9ab38b675,Benzophenone,benzophenone,3102,C1=CC=C(C=C1)C(=O)C2=CC=CC=C2,C1=CC=C(C=C1)C(=O)C2=CC=CC=C2,157
drug_23c9808c4d4c4c062eb9,Benzoyl peroxide,benzoyl peroxide,7187,C1=CC=C(C=C1)C(=O)OOC(=O)C2=CC=CC=C2,C1=CC=C(C=C1)C(=O)OOC(=O)C2=CC=CC=C2,158
drug_1ccf7eeedc0ff98f5f09,Benzphetamine,benzphetamine,5311017,CC(CC1=CC=CC=C1)N(C)CC2=CC=CC=C2,C[C@@H](CC1=CC=CC=C1)N(C)CC2=CC=CC=C2,159
drug_299780668099e98b47a6,Benzthiazide,benzthiazide,2343,C1=CC=C(C=C1)CSCC2=NS(=O)(=O)C3=CC(=C(C=C3N2)Cl)S(=O)(=O)N,C1=CC=C(C=C1)CSCC2=NS(=O)(=O)C3=CC(=C(C=C3N2)Cl)S(=O)(=O)N,160
drug_398f9c37d07509681b03,Benzydamine,benzydamine,12555,CN(C)CCCOC1=NN(C2=CC=CC=C21)CC3=CC=CC=C3,CN(C)CCCOC1=NN(C2=CC=CC=C21)CC3=CC=CC=C3,161
drug_dd49e1ad8d8f1770d671,Benzyl alcohol,benzyl alcohol,244,C1=CC=C(C=C1)CO,C1=CC=C(C=C1)CO,162
drug_e5ce3c44098bf160d7bb,Benzylpenicillin,benzylpenicillin,5904,CC1(C(N2C(S1)C(C2=O)NC(=O)CC3=CC=CC=C3)C(=O)O)C,CC1([C@@H](N2[C@H](S1)[C@@H](C2=O)NC(=O)CC3=CC=CC=C3)C(=O)O)C,163
drug_7083e31888502abbd356,Bepridil,bepridil,2351,CC(C)COCC(CN(CC1=CC=CC=C1)C2=CC=CC=C2)N3CCCC3,CC(C)COCC(CN(CC1=CC=CC=C1)C2=CC=CC=C2)N3CCCC3,164
drug_ae37b14c4b83289147ab,Besifloxacin,besifloxacin,10178705,C1CCN(CC(C1)N)C2=C(C=C3C(=C2Cl)N(C=C(C3=O)C(=O)O)C4CC4)F,C1CCN(C[C@@H](C1)N)C2=C(C=C3C(=C2Cl)N(C=C(C3=O)C(=O)O)C4CC4)F,165
drug_9c5ef98c7f097ae767b2,Betahistine,betahistine,2366,CNCCC1=CC=CC=N1,CNCCC1=CC=CC=N1,166
drug_0ba6d83eaac36b15309e,Betamethasone,betamethasone,9782,CC1CC2C3CCC4=CC(=O)C=CC4(C3(C(CC2(C1(C(=O)CO)O)C)O)F)C,C[C@H]1C[C@H]2[C@@H]3CCC4=CC(=O)C=C[C@@]4([C@]3([C@H](C[C@@]2([C@]1(C(=O)CO)O)C)O)F)C,167
drug_b7ea277a4cb6fc8980e7,Betaxolol,betaxolol,2369,CC(C)NCC(COC1=CC=C(C=C1)CCOCC2CC2)O,CC(C)NCC(COC1=CC=C(C=C1)CCOCC2CC2)O,168
drug_44b15d7ed0b27dc60897,Bethanechol,bethanechol,2370,CC(C[N+](C)(C)C)OC(=O)N,CC(C[N+](C)(C)C)OC(=O)N,169
drug_f5a2197f25921877ad9d,Bethanidine,bethanidine,2368,CNC(=NC)NCC1=CC=CC=C1,CNC(=NC)NCC1=CC=CC=C1,170
drug_7a3ff10122e9b25a9268,Betrixaban,betrixaban,10275777,CN(C)C(=N)C1=CC=C(C=C1)C(=O)NC2=C(C=C(C=C2)OC)C(=O)NC3=NC=C(C=C3)Cl,CN(C)C(=N)C1=CC=C(C=C1)C(=O)NC2=C(C=C(C=C2)OC)C(=O)NC3=NC=C(C=C3)Cl,171
drug_406ff940edb87a012251,Bevantolol,bevantolol,2372,CC1=CC(=CC=C1)OCC(CNCCC2=CC(=C(C=C2)OC)OC)O,CC1=CC(=CC=C1)OCC(CNCCC2=CC(=C(C=C2)OC)OC)O,172
drug_fe3a470ed34bc7e8fdc0,Bexarotene,bexarotene,82146,CC1=CC2=C(C=C1C(=C)C3=CC=C(C=C3)C(=O)O)C(CCC2(C)C)(C)C,CC1=CC2=C(C=C1C(=C)C3=CC=C(C=C3)C(=O)O)C(CCC2(C)C)(C)C,173
drug_c69256568bda698fd12f,Bezafibrate,bezafibrate,39042,CC(C)(C(=O)O)OC1=CC=C(C=C1)CCNC(=O)C2=CC=C(C=C2)Cl,CC(C)(C(=O)O)OC1=CC=C(C=C1)CCNC(=O)C2=CC=C(C=C2)Cl,174
drug_bb2c402959905a7200bf,Bicalutamide,bicalutamide,2375,CC(CS(=O)(=O)C1=CC=C(C=C1)F)(C(=O)NC2=CC(=C(C=C2)C#N)C(F)(F)F)O,CC(CS(=O)(=O)C1=CC=C(C=C1)F)(C(=O)NC2=CC(=C(C=C2)C#N)C(F)(F)F)O,175
drug_078fbe2f88aac67eea98,Bifonazole,bifonazole,2378,C1=CC=C(C=C1)C2=CC=C(C=C2)C(C3=CC=CC=C3)N4C=CN=C4,C1=CC=C(C=C1)C2=CC=C(C=C2)C(C3=CC=CC=C3)N4C=CN=C4,176
drug_1876e1361d9fa040b6f3,Bimatoprost,bimatoprost,5311027,CCNC(=O)CCCC=CCC1C(CC(C1C=CC(CCC2=CC=CC=C2)O)O)O,CCNC(=O)CCC/C=C\C[C@H]1[C@H](C[C@H]([C@@H]1/C=C/[C@H](CCC2=CC=CC=C2)O)O)O,177
drug_2430e06c58574efd480f,Biperiden,biperiden,2381,C1CCN(CC1)CCC(C2CC3CC2C=C3)(C4=CC=CC=C4)O,C1CCN(CC1)CCC(C2CC3CC2C=C3)(C4=CC=CC=C4)O,178
drug_28000a79a36e274a0860,Bisacodyl,bisacodyl,2391,CC(=O)OC1=CC=C(C=C1)C(C2=CC=C(C=C2)OC(=O)C)C3=CC=CC=N3,CC(=O)OC1=CC=C(C=C1)C(C2=CC=C(C=C2)OC(=O)C)C3=CC=CC=N3,179
drug_85d21d77caa671424e13,Bismuth subcitrate potassium,bismuth subcitrate potassium,91667825,C(C(=O)[O-])C(CC(=O)[O-])(C(=O)[O-])[O-].C(C(=O)[O-])C(CC(=O)[O-])(C(=O)[O-])[O-].[K+].[K+].[K+].[K+].[K+].[Bi+3],C(C(=O)[O-])C(CC(=O)[O-])(C(=O)[O-])[O-].C(C(=O)[O-])C(CC(=O)[O-])(C(=O)[O-])[O-].[K+].[K+].[K+].[K+].[K+].[Bi+3],180
drug_1e14d0600bda38c820c5,Bismuth subsalicylate,bismuth subsalicylate,53629521,C1=CC=C(C(=C1)C(=O)[O-])[O-].[OH-].[Bi+3],C1=CC=C(C(=C1)C(=O)[O-])[O-].[OH-].[Bi+3],181
drug_a2417211d4965ab78dd8,Bisoprolol,bisoprolol,2405,CC(C)NCC(COC1=CC=C(C=C1)COCCOC(C)C)O,CC(C)NCC(COC1=CC=C(C=C1)COCCOC(C)C)O,182
drug_50100f40fffc16d4eb8e,Bivalirudin,bivalirudin,16129704,CCC(C)C(C(=O)N1CCCC1C(=O)NC(CCC(=O)O)C(=O)NC(CCC(=O)O)C(=O)NC(CC2=CC=C(C=C2)O)C(=O)NC(CC(C)C)C(=O)O)NC(=O)C(CCC(=O)O)NC(=O)C(CCC(=O)O)NC(=O)C(CC3=CC=CC=C3)NC(=O)C(CC(=O)O)NC(=O)CNC(=O)C(CC(=O)N)NC(=O)CNC(=O)CNC(=O)CNC(=O)CNC(=O)C4CCCN4C(=O)C(CCCNC(=N)N)NC(=O)C5CCCN5C(=O)C(CC6=CC=CC=C6)N,CC[C@H](C)[C@@H](C(=O)N1CCC[C@H]1C(=O)N[C@@H](CCC(=O)O)C(=O)N[C@@H](CCC(=O)O)C(=O)N[C@@H](CC2=CC=C(C=C2)O)C(=O)N[C@@H](CC(C)C)C(=O)O)NC(=O)[C@H](CCC(=O)O)NC(=O)[C@H](CCC(=O)O)NC(=O)[C@H](CC3=CC=CC=C3)NC(=O)[C@H](CC(=O)O)NC(=O)CNC(=O)[C@H](CC(=O)N)NC(=O)CNC(=O)CNC(=O)CNC(=O)CNC(=O)[C@@H]4CCCN4C(=O)[C@H](CCCNC(=N)N)NC(=O)[C@@H]5CCCN5C(=O)[C@@H](CC6=CC=CC=C6)N,183
drug_c64901dcb8a4d7e85e41,Bleomycin,bleomycin,5360373,CC1=C(N=C(N=C1N)C(CC(=O)N)NCC(C(=O)N)N)C(=O)NC(C(C2=CN=CN2)OC3C(C(C(C(O3)CO)O)O)OC4C(C(C(C(O4)CO)O)OC(=O)N)O)C(=O)NC(C)C(C(C)C(=O)NC(C(C)O)C(=O)NCCC5=NC(=CS5)C6=NC(=CS6)C(=O)NCCC[S+](C)C)O,CC1=C(N=C(N=C1N)[C@H](CC(=O)N)NC[C@@H](C(=O)N)N)C(=O)N[C@@H]([C@H](C2=CN=CN2)OC3C(C(C(C(O3)CO)O)O)OC4C(C(C(C(O4)CO)O)OC(=O)N)O)C(=O)N[C@H](C)[C@H]([C@H](C)C(=O)N[C@@H]([C@@H](C)O)C(=O)NCCC5=NC(=CS5)C6=NC(=CS6)C(=O)NCCC[S+](C)C)O,184
drug_4312d4ba861924140fb2,Blonanserin,blonanserin,125564,CCN1CCN(CC1)C2=NC3=C(CCCCCC3)C(=C2)C4=CC=C(C=C4)F,CCN1CCN(CC1)C2=NC3=C(CCCCCC3)C(=C2)C4=CC=C(C=C4)F,185
drug_916d3a5a6f21c9fc0671,Boceprevir,boceprevir,10324367,CC1(C2C1C(N(C2)C(=O)C(C(C)(C)C)NC(=O)NC(C)(C)C)C(=O)NC(CC3CCC3)C(=O)C(=O)N)C,CC1([C@@H]2[C@H]1[C@H](N(C2)C(=O)[C@H](C(C)(C)C)NC(=O)NC(C)(C)C)C(=O)NC(CC3CCC3)C(=O)C(=O)N)C,186
drug_f884333f933ef1699637,Bopindolol,bopindolol,44112,CC1=CC2=C(N1)C=CC=C2OCC(CNC(C)(C)C)OC(=O)C3=CC=CC=C3,CC1=CC2=C(N1)C=CC=C2OCC(CNC(C)(C)C)OC(=O)C3=CC=CC=C3,187
drug_080fc3cced8c39140fd1,Bortezomib,bortezomib,387447,B(C(CC(C)C)NC(=O)C(CC1=CC=CC=C1)NC(=O)C2=NC=CN=C2)(O)O,B([C@H](CC(C)C)NC(=O)[C@H](CC1=CC=CC=C1)NC(=O)C2=NC=CN=C2)(O)O,188
drug_6f25a8996fa26afbbcf0,Bosentan,bosentan,104865,CC(C)(C)C1=CC=C(C=C1)S(=O)(=O)NC2=C(C(=NC(=N2)C3=NC=CC=N3)OCCO)OC4=CC=CC=C4OC,CC(C)(C)C1=CC=C(C=C1)S(=O)(=O)NC2=C(C(=NC(=N2)C3=NC=CC=N3)OCCO)OC4=CC=CC=C4OC,189
drug_21328e5eb8769a9d2177,Bosutinib,bosutinib,5328940,CN1CCN(CC1)CCCOC2=C(C=C3C(=C2)N=CC(=C3NC4=CC(=C(C=C4Cl)Cl)OC)C#N)OC,CN1CCN(CC1)CCCOC2=C(C=C3C(=C2)N=CC(=C3NC4=CC(=C(C=C4Cl)Cl)OC)C#N)OC,190
drug_1e016b024d3b8ae3783c,Bretylium,bretylium,2431,CC[N+](C)(C)CC1=CC=CC=C1Br,CC[N+](C)(C)CC1=CC=CC=C1Br,191
drug_0b5279b99ed88c966f08,Brexpiprazole,brexpiprazole,11978813,C1CN(CCN1CCCCOC2=CC3=C(C=C2)C=CC(=O)N3)C4=C5C=CSC5=CC=C4,C1CN(CCN1CCCCOC2=CC3=C(C=C2)C=CC(=O)N3)C4=C5C=CSC5=CC=C4,192
drug_ef1e9138f07107d41c3e,Brigatinib,brigatinib,68165256,CN1CCN(CC1)C2CCN(CC2)C3=CC(=C(C=C3)NC4=NC=C(C(=N4)NC5=CC=CC=C5P(=O)(C)C)Cl)OC,CN1CCN(CC1)C2CCN(CC2)C3=CC(=C(C=C3)NC4=NC=C(C(=N4)NC5=CC=CC=C5P(=O)(C)C)Cl)OC,193
drug_e9aa6faa76d39a519907,Brimonidine,brimonidine,2435,C1CN=C(N1)NC2=C(C3=NC=CN=C3C=C2)Br,C1CN=C(N1)NC2=C(C3=NC=CN=C3C=C2)Br,194
drug_3979cceacb57e0e26d05,Brinzolamide,brinzolamide,68844,CCNC1CN(S(=O)(=O)C2=C1C=C(S2)S(=O)(=O)N)CCCOC,CCN[C@H]1CN(S(=O)(=O)C2=C1C=C(S2)S(=O)(=O)N)CCCOC,195
drug_d63ca6a70f7ee6112cce,Brivaracetam,brivaracetam,9837243,CCCC1CC(=O)N(C1)C(CC)C(=O)N,CCC[C@@H]1CC(=O)N(C1)[C@@H](CC)C(=O)N,196
drug_10ae05047dd5aa5b52b2,Bromazepam,bromazepam,2441,C1C(=O)NC2=C(C=C(C=C2)Br)C(=N1)C3=CC=CC=N3,C1C(=O)NC2=C(C=C(C=C2)Br)C(=N1)C3=CC=CC=N3,197
drug_9fc108f2c04e9c2a6b11,Bromfenac,bromfenac,60726,C1=CC(=C(C(=C1)C(=O)C2=CC=C(C=C2)Br)N)CC(=O)O,C1=CC(=C(C(=C1)C(=O)C2=CC=C(C=C2)Br)N)CC(=O)O,198
drug_631f38f8ff72a46e8f1f,Bromocriptine,bromocriptine,31101,CC(C)CC1C(=O)N2CCCC2C3(N1C(=O)C(O3)(C(C)C)NC(=O)C4CN(C5CC6=C(NC7=CC=CC(=C67)C5=C4)Br)C)O,CC(C)C[C@H]1C(=O)N2CCC[C@H]2[C@]3(N1C(=O)[C@](O3)(C(C)C)NC(=O)[C@H]4CN([C@@H]5CC6=C(NC7=CC=CC(=C67)C5=C4)Br)C)O,199
drug_4e0131f06afe98bed1eb,Bromopride,bromopride,2446,CCN(CC)CCNC(=O)C1=CC(=C(C=C1OC)N)Br,CCN(CC)CCNC(=O)C1=CC(=C(C=C1OC)N)Br,200
drug_992e257f9c6c540bbf8c,Brompheniramine,brompheniramine,6834,CN(C)CCC(C1=CC=C(C=C1)Br)C2=CC=CC=N2,CN(C)CCC(C1=CC=C(C=C1)Br)C2=CC=CC=N2,201
drug_ece19a76ab770ad3ba75,Brotizolam,brotizolam,2451,CC1=NN=C2N1C3=C(C=C(S3)Br)C(=NC2)C4=CC=CC=C4Cl,CC1=NN=C2N1C3=C(C=C(S3)Br)C(=NC2)C4=CC=CC=C4Cl,202
drug_8619a794e4095ba8a979,Buclizine,buclizine,6729,CC(C)(C)C1=CC=C(C=C1)CN2CCN(CC2)C(C3=CC=CC=C3)C4=CC=C(C=C4)Cl,CC(C)(C)C1=CC=C(C=C1)CN2CCN(CC2)C(C3=CC=CC=C3)C4=CC=C(C=C4)Cl,203
drug_45b2559f4e1fd4d7ca6a,Budesonide,budesonide,5281004,CCCC1OC2CC3C4CCC5=CC(=O)C=CC5(C4C(CC3(C2(O1)C(=O)CO)C)O)C,CCCC1O[C@@H]2C[C@H]3[C@@H]4CCC5=CC(=O)C=C[C@@]5([C@H]4[C@H](C[C@@]3([C@@]2(O1)C(=O)CO)C)O)C,204
drug_ac80acec7061cd2e1d9f,Bumetanide,bumetanide,2471,CCCCNC1=C(C(=CC(=C1)C(=O)O)S(=O)(=O)N)OC2=CC=CC=C2,CCCCNC1=C(C(=CC(=C1)C(=O)O)S(=O)(=O)N)OC2=CC=CC=C2,205
drug_97f6f4fe42699af4d3b4,Bupivacaine,bupivacaine,2474,CCCCN1CCCCC1C(=O)NC2=C(C=CC=C2C)C,CCCCN1CCCCC1C(=O)NC2=C(C=CC=C2C)C,206
drug_b6f4ca252ba1410ab541,Bupranolol,bupranolol,2475,CC1=CC(=C(C=C1)Cl)OCC(CNC(C)(C)C)O,CC1=CC(=C(C=C1)Cl)OCC(CNC(C)(C)C)O,207
drug_549aa4a4a5e7a0ed6cf2,Buprenorphine,buprenorphine,644073,CC(C)(C)C(C)(C1CC23CCC1(C4C25CCN(C3CC6=C5C(=C(C=C6)O)O4)CC7CC7)OC)O,C[C@]([C@H]1C[C@@]23CC[C@@]1([C@H]4[C@@]25CCN([C@@H]3CC6=C5C(=C(C=C6)O)O4)CC7CC7)OC)(C(C)(C)C)O,208
drug_2e9bf6180e8b0e656e7e,Bupropion,bupropion,444,CC(C(=O)C1=CC(=CC=C1)Cl)NC(C)(C)C,CC(C(=O)C1=CC(=CC=C1)Cl)NC(C)(C)C,209
drug_b3cdc8eec95f0112993f,Buspirone,buspirone,2477,C1CCC2(C1)CC(=O)N(C(=O)C2)CCCCN3CCN(CC3)C4=NC=CC=N4,C1CCC2(C1)CC(=O)N(C(=O)C2)CCCCN3CCN(CC3)C4=NC=CC=N4,210
drug_9ba01bbd5a9b8a17a81c,Busulfan,busulfan,2478,CS(=O)(=O)OCCCCOS(=O)(=O)C,CS(=O)(=O)OCCCCOS(=O)(=O)C,211
drug_588c591a972bbd692fb8,Butabarbital,butabarbital,2479,CCC(C)C1(C(=O)NC(=O)NC1=O)CC,CCC(C)C1(C(=O)NC(=O)NC1=O)CC,212
drug_a401981fe6e218a7f61b,Butalbital,butalbital,2481,CC(C)CC1(C(=O)NC(=O)NC1=O)CC=C,CC(C)CC1(C(=O)NC(=O)NC1=O)CC=C,213
drug_5a51898389b6a1057a0d,Butamben,butamben,2482,CCCCOC(=O)C1=CC=C(C=C1)N,CCCCOC(=O)C1=CC=C(C=C1)N,214
drug_f5c0870e6d507f248e84,Butenafine,butenafine,2484,CC(C)(C)C1=CC=C(C=C1)CN(C)CC2=CC=CC3=CC=CC=C32,CC(C)(C)C1=CC=C(C=C1)CN(C)CC2=CC=CC3=CC=CC=C32,215
drug_70ae86c8977d2ab24f1b,Butobarbital,butobarbital,6473,CCCCC1(C(=O)NC(=O)NC1=O)CC,CCCCC1(C(=O)NC(=O)NC1=O)CC,216
drug_c25ce7dd1147fbfaabb8,Butoconazole,butoconazole,47472,C1=CC(=C(C(=C1)Cl)SC(CCC2=CC=C(C=C2)Cl)CN3C=CN=C3)Cl,C1=CC(=C(C(=C1)Cl)SC(CCC2=CC=C(C=C2)Cl)CN3C=CN=C3)Cl,217
drug_d6d979d9dca105329afd,Butorphanol,butorphanol,5361092,C1CCC2(C3CC4=C(C2(C1)CCN3CC5CCC5)C=C(C=C4)O)O,C1CC[C@]2([C@H]3CC4=C([C@]2(C1)CCN3CC5CCC5)C=C(C=C4)O)O,218
drug_25a4f6f04f0d1989721b,Butylscopolamine,butylscopolamine,160883,CCCC[N+]1(C2CC(CC1C3C2O3)OC(=O)C(CO)C4=CC=CC=C4)C,CCCC[N+]1([C@@H]2CC(C[C@H]1[C@H]3[C@@H]2O3)OC(=O)[C@H](CO)C4=CC=CC=C4)C,219
drug_d79575a7a9f9cdfe3c3c,Cabazitaxel,cabazitaxel,9854073,CC1=C2C(C(=O)C3(C(CC4C(C3C(C(C2(C)C)(CC1OC(=O)C(C(C5=CC=CC=C5)NC(=O)OC(C)(C)C)O)O)OC(=O)C6=CC=CC=C6)(CO4)OC(=O)C)OC)C)OC,CC1=C2[C@H](C(=O)[C@@]3([C@H](C[C@@H]4[C@]([C@H]3[C@@H]([C@@](C2(C)C)(C[C@@H]1OC(=O)[C@@H]([C@H](C5=CC=CC=C5)NC(=O)OC(C)(C)C)O)O)OC(=O)C6=CC=CC=C6)(CO4)OC(=O)C)OC)C)OC,220
drug_2944e9c7a13db026d8c2,Cabergoline,cabergoline,54746,CCNC(=O)N(CCCN(C)C)C(=O)C1CC2C(CC3=CNC4=CC=CC2=C34)N(C1)CC=C,CCNC(=O)N(CCCN(C)C)C(=O)[C@@H]1C[C@H]2[C@@H](CC3=CNC4=CC=CC2=C34)N(C1)CC=C,221
drug_c1202a0fd882ce3e51e4,Cabozantinib,cabozantinib,25102847,COC1=CC2=C(C=CN=C2C=C1OC)OC3=CC=C(C=C3)NC(=O)C4(CC4)C(=O)NC5=CC=C(C=C5)F,COC1=CC2=C(C=CN=C2C=C1OC)OC3=CC=C(C=C3)NC(=O)C4(CC4)C(=O)NC5=CC=C(C=C5)F,222
drug_9251f129e36d22db1b07,Caffeine,caffeine,2519,CN1C=NC2=C1C(=O)N(C(=O)N2C)C,CN1C=NC2=C1C(=O)N(C(=O)N2C)C,223
drug_46dc55a8b9eb0d41142a,Calcifediol,calcifediol,5283731,CC(CCCC(C)(C)O)C1CCC2C1(CCCC2=CC=C3CC(CCC3=C)O)C,C[C@H](CCCC(C)(C)O)[C@H]1CC[C@@H]\2[C@@]1(CCC/C2=C\C=C/3\C[C@H](CCC3=C)O)C,224
drug_8303ce3792d8ee4738f3,Calcipotriol,calcipotriol,5288783,CC(C=CC(C1CC1)O)C2CCC3C2(CCCC3=CC=C4CC(CC(C4=C)O)O)C,C[C@H](/C=C/[C@H](C1CC1)O)[C@H]2CC[C@@H]\3[C@@]2(CCC/C3=C\C=C/4\C[C@H](C[C@@H](C4=C)O)O)C,225
drug_bba8df7e9eb659846e50,Calcitriol,calcitriol,5280453,CC(CCCC(C)(C)O)C1CCC2C1(CCCC2=CC=C3CC(CC(C3=C)O)O)C,C[C@H](CCCC(C)(C)O)[C@H]1CC[C@@H]\2[C@@]1(CCC/C2=C\C=C/3\C[C@H](C[C@@H](C3=C)O)O)C,226
drug_9a5d35f2ef9b38d531b6,Calcium acetate,calcium acetate,6116,CC(=O)[O-].CC(=O)[O-].[Ca+2],CC(=O)[O-].CC(=O)[O-].[Ca+2],227
drug_f4d0255acbc1c0e2b07c,Calcium carbonate,calcium carbonate,10112,C(=O)([O-])[O-].[Ca+2],C(=O)([O-])[O-].[Ca+2],228
drug_d5f3e2f526bea4f18d37,Calcium chloride,calcium chloride,5284359,[Cl-].[Cl-].[Ca+2],[Cl-].[Cl-].[Ca+2],229
drug_08e27c4cb92e69a81c7d,Calcium citrate,calcium citrate,13136,C(C(=O)[O-])C(CC(=O)[O-])(C(=O)[O-])O.C(C(=O)[O-])C(CC(=O)[O-])(C(=O)[O-])O.[Ca+2].[Ca+2].[Ca+2],C(C(=O)[O-])C(CC(=O)[O-])(C(=O)[O-])O.C(C(=O)[O-])C(CC(=O)[O-])(C(=O)[O-])O.[Ca+2].[Ca+2].[Ca+2],230
drug_b26178b4104427392c0b,Calcium glubionate anhydrous,calcium glubionate anhydrous,6093407,C(C1C(C(C(C(O1)OC(C(CO)O)C(C(C(=O)[O-])O)O)O)O)O)O.C(C(C(C(C(C(=O)[O-])O)O)O)O)O.[Ca+2],C([C@@H]1[C@@H]([C@@H]([C@H]([C@@H](O1)O[C@H]([C@@H](CO)O)[C@@H]([C@H](C(=O)[O-])O)O)O)O)O)O.C([C@H]([C@H]([C@@H]([C@H](C(=O)[O-])O)O)O)O)O.[Ca+2],231
drug_513353f72797a3ca78f6,Calcium glucoheptonate,calcium glucoheptonate,62859,C(C(C(C(C(C(C(=O)[O-])O)O)O)O)O)O.C(C(C(C(C(C(C(=O)[O-])O)O)O)O)O)O.[Ca+2],C([C@H]([C@H]([C@@H]([C@H](C(C(=O)[O-])O)O)O)O)O)O.C([C@H]([C@H]([C@@H]([C@H](C(C(=O)[O-])O)O)O)O)O)O.[Ca+2],232
drug_15a27c0d7f63de89f238,Calcium gluconate,calcium gluconate,9290,C(C(C(C(C(C(=O)[O-])O)O)O)O)O.C(C(C(C(C(C(=O)[O-])O)O)O)O)O.[Ca+2],C([C@H]([C@H]([C@@H]([C@H](C(=O)[O-])O)O)O)O)O.C([C@H]([C@H]([C@@H]([C@H](C(=O)[O-])O)O)O)O)O.[Ca+2],233
drug_8477bb1a40ef5b71aeac,Calcium lactate,calcium lactate,13144,CC(C(=O)[O-])O.CC(C(=O)[O-])O.[Ca+2],CC(C(=O)[O-])O.CC(C(=O)[O-])O.[Ca+2],234
drug_bc36a956dc1844878c1a,Calcium Phosphate,calcium phosphate,24456,[O-]P(=O)([O-])[O-].[O-]P(=O)([O-])[O-].[Ca+2].[Ca+2].[Ca+2],[O-]P(=O)([O-])[O-].[O-]P(=O)([O-])[O-].[Ca+2].[Ca+2].[Ca+2],235
drug_3bfabc8d8c6ea9d28442,Camazepam,camazepam,37367,CN1C2=C(C=C(C=C2)Cl)C(=NC(C1=O)OC(=O)N(C)C)C3=CC=CC=C3,CN1C2=C(C=C(C=C2)Cl)C(=NC(C1=O)OC(=O)N(C)C)C3=CC=CC=C3,236
drug_919f681456d6cb98c3ed,Canagliflozin,canagliflozin,24812758,CC1=C(C=C(C=C1)C2C(C(C(C(O2)CO)O)O)O)CC3=CC=C(S3)C4=CC=C(C=C4)F,CC1=C(C=C(C=C1)[C@H]2[C@@H]([C@H]([C@@H]([C@H](O2)CO)O)O)O)CC3=CC=C(S3)C4=CC=C(C=C4)F,237
drug_b38a3f189d6dee2f9bf5,Candesartan cilexetil,candesartan cilexetil,2540,CCOC1=NC2=CC=CC(=C2N1CC3=CC=C(C=C3)C4=CC=CC=C4C5=NNN=N5)C(=O)OC(C)OC(=O)OC6CCCCC6,CCOC1=NC2=CC=CC(=C2N1CC3=CC=C(C=C3)C4=CC=CC=C4C5=NNN=N5)C(=O)OC(C)OC(=O)OC6CCCCC6,238
drug_4d215572f8d199990d47,Cangrelor,cangrelor,9854012,CSCCNC1=C2C(=NC(=N1)SCCC(F)(F)F)N(C=N2)C3C(C(C(O3)COP(=O)(O)OP(=O)(C(P(=O)(O)O)(Cl)Cl)O)O)O,CSCCNC1=C2C(=NC(=N1)SCCC(F)(F)F)N(C=N2)[C@H]3[C@@H]([C@@H]([C@H](O3)COP(=O)(O)OP(=O)(C(P(=O)(O)O)(Cl)Cl)O)O)O,239
drug_763c6035768bc0aa490c,Cannabidiol,cannabidiol,644019,CCCCCC1=CC(=C(C(=C1)O)C2C=C(CCC2C(=C)C)C)O,CCCCCC1=CC(=C(C(=C1)O)[C@@H]2C=C(CC[C@H]2C(=C)C)C)O,240
drug_fccd129e508824ad018f,Canrenoic acid,canrenoic acid,656615,CC12CCC(=O)C=C1C=CC3C2CCC4(C3CCC4(CCC(=O)O)O)C,C[C@]12CCC(=O)C=C1C=C[C@@H]3[C@@H]2CC[C@]4([C@H]3CC[C@]4(CCC(=O)O)O)C,241
drug_c72c76a9c0d59a10bd85,Capecitabine,capecitabine,60953,CCCCCOC(=O)NC1=NC(=O)N(C=C1F)C2C(C(C(O2)C)O)O,CCCCCOC(=O)NC1=NC(=O)N(C=C1F)[C@H]2[C@@H]([C@@H]([C@H](O2)C)O)O,242
drug_0f340d312e0d9887c639,Capreomycin,capreomycin,3000502,CC1C(=O)NC(C(=O)NC(=CNC(=O)N)C(=O)NC(C(=O)NCC(C(=O)N1)N)C2CCN=C(N2)N)CNC(=O)CC(CCCN)N.C1CN=C(NC1C2C(=O)NCC(C(=O)NC(C(=O)NC(C(=O)NC(=CNC(=O)N)C(=O)N2)CNC(=O)CC(CCCN)N)CO)N)N,C[C@H]1C(=O)N[C@H](C(=O)N/C(=C/NC(=O)N)/C(=O)N[C@H](C(=O)NC[C@@H](C(=O)N1)N)[C@H]2CCN=C(N2)N)CNC(=O)C[C@H](CCCN)N.C1CN=C(N[C@H]1[C@H]2C(=O)NC[C@@H](C(=O)N[C@H](C(=O)N[C@H](C(=O)N/C(=C/NC(=O)N)/C(=O)N2)CNC(=O)C[C@H](CCCN)N)CO)N)N,243
drug_deedd34cbd64e90ba4bb,Capsaicin,capsaicin,1548943,CC(C)C=CCCCCC(=O)NCC1=CC(=C(C=C1)O)OC,CC(C)/C=C/CCCCC(=O)NCC1=CC(=C(C=C1)O)OC,244
drug_163b7a610504cbd1e02f,Captodiame,captodiame,10240,CCCCSC1=CC=C(C=C1)C(C2=CC=CC=C2)SCCN(C)C,CCCCSC1=CC=C(C=C1)C(C2=CC=CC=C2)SCCN(C)C,245
drug_14f879f19d01d90c9647,Captopril,captopril,44093,CC(CS)C(=O)N1CCCC1C(=O)O,C[C@H](CS)C(=O)N1CCC[C@H]1C(=O)O,246
drug_7338725ff84f4922c182,Carbamazepine,carbamazepine,2554,C1=CC=C2C(=C1)C=CC3=CC=CC=C3N2C(=O)N,C1=CC=C2C(=C1)C=CC3=CC=CC=C3N2C(=O)N,247
drug_9539dcca4248fd68f1c8,Carbamoylcholine,carbamoylcholine,2551,C[N+](C)(C)CCOC(=O)N,C[N+](C)(C)CCOC(=O)N,248
drug_004846ae395c14cb77f2,Carbenicillin,carbenicillin,20824,CC1(C(N2C(S1)C(C2=O)NC(=O)C(C3=CC=CC=C3)C(=O)O)C(=O)O)C,CC1([C@@H](N2[C@H](S1)[C@@H](C2=O)NC(=O)C(C3=CC=CC=C3)C(=O)O)C(=O)O)C,249
drug_d38e886d2f48a8ab6b69,Carbetocin,carbetocin,16681432,CCC(C)C1C(=O)NC(C(=O)NC(C(=O)NC(CSCCCC(=O)NC(C(=O)N1)CC2=CC=C(C=C2)OC)C(=O)N3CCCC3C(=O)NC(CC(C)C)C(=O)NCC(=O)N)CC(=O)N)CCC(=O)N,CC[C@H](C)[C@H]1C(=O)N[C@H](C(=O)N[C@H](C(=O)N[C@@H](CSCCCC(=O)N[C@H](C(=O)N1)CC2=CC=C(C=C2)OC)C(=O)N3CCC[C@H]3C(=O)N[C@@H](CC(C)C)C(=O)NCC(=O)N)CC(=O)N)CCC(=O)N,250
drug_a154a3f2575267aad09f,Carbidopa,carbidopa,34359,CC(CC1=CC(=C(C=C1)O)O)(C(=O)O)NN,C[C@](CC1=CC(=C(C=C1)O)O)(C(=O)O)NN,251
drug_3aaebd3bc7c62266e5c0,Carbimazole,carbimazole,31072,CCOC(=O)N1C=CN(C1=S)C,CCOC(=O)N1C=CN(C1=S)C,252
drug_46fdbe0e333d0d7fc41f,Carbinoxamine,carbinoxamine,2564,CN(C)CCOC(C1=CC=C(C=C1)Cl)C2=CC=CC=N2,CN(C)CCOC(C1=CC=C(C=C1)Cl)C2=CC=CC=N2,253
drug_c183bab712f9f3c863b6,Carbocisteine,carbocisteine,193653,C(C(C(=O)O)N)SCC(=O)O,C([C@@H](C(=O)O)N)SCC(=O)O,254
drug_fcaf0e1c36393c5fd0c1,Carboplatin,carboplatin,426756,C1CC(C1)(C(=O)O)C(=O)O.[NH2-].[NH2-].[Pt+2],C1CC(C1)(C(=O)O)C(=O)O.[NH2-].[NH2-].[Pt+2],255
drug_c3c820bd2263dfeb2262,Carboprost tromethamine,carboprost tromethamine,5281074,CCCCCC(C)(C=CC1C(CC(C1CC=CCCCC(=O)O)O)O)O.C(C(CO)(CO)N)O,CCCCC[C@@](C)(/C=C/[C@H]1[C@@H](C[C@@H]([C@@H]1C/C=C\CCCC(=O)O)O)O)O.C(C(CO)(CO)N)O,256
drug_d4ebafaecef42d261db7,Carfilzomib,carfilzomib,11556711,CC(C)CC(C(=O)C1(CO1)C)NC(=O)C(CC2=CC=CC=C2)NC(=O)C(CC(C)C)NC(=O)C(CCC3=CC=CC=C3)NC(=O)CN4CCOCC4,CC(C)C[C@@H](C(=O)[C@]1(CO1)C)NC(=O)[C@H](CC2=CC=CC=C2)NC(=O)[C@H](CC(C)C)NC(=O)[C@H](CCC3=CC=CC=C3)NC(=O)CN4CCOCC4,257
drug_ada9cdb5d50fd342ed2b,Cariprazine,cariprazine,11154555,CN(C)C(=O)NC1CCC(CC1)CCN2CCN(CC2)C3=C(C(=CC=C3)Cl)Cl,CN(C)C(=O)NC1CCC(CC1)CCN2CCN(CC2)C3=C(C(=CC=C3)Cl)Cl,258
drug_342d77d17f08a980f01f,Carisoprodol,carisoprodol,2576,CCCC(C)(COC(=O)N)COC(=O)NC(C)C,CCCC(C)(COC(=O)N)COC(=O)NC(C)C,259
drug_7604fec43db618f7de27,Carmustine,carmustine,2578,C(CCl)NC(=O)N(CCCl)N=O,C(CCl)NC(=O)N(CCCl)N=O,260
drug_475f295af69dc3320b8c,Carprofen,carprofen,2581,CC(C1=CC2=C(C=C1)C3=C(N2)C=CC(=C3)Cl)C(=O)O,CC(C1=CC2=C(C=C1)C3=C(N2)C=CC(=C3)Cl)C(=O)O,261
drug_50792f186c8bc29c9d6a,Carteolol,carteolol,2583,CC(C)(C)NCC(COC1=CC=CC2=C1CCC(=O)N2)O,CC(C)(C)NCC(COC1=CC=CC2=C1CCC(=O)N2)O,262
drug_a3a5a34d4db3d6fde2b3,Carvedilol,carvedilol,2585,COC1=CC=CC=C1OCCNCC(COC2=CC=CC3=C2C4=CC=CC=C4N3)O,COC1=CC=CC=C1OCCNCC(COC2=CC=CC3=C2C4=CC=CC=C4N3)O,263
drug_c552f0f1397ae7f9b843,Caspofungin,caspofungin,16119814,CCC(C)CC(C)CCCCCCCCC(=O)NC1CC(C(NC(=O)C2C(CCN2C(=O)C(NC(=O)C(NC(=O)C3CC(CN3C(=O)C(NC1=O)C(C)O)O)C(C(C4=CC=C(C=C4)O)O)O)C(CCN)O)O)NCCN)O,CC[C@H](C)C[C@H](C)CCCCCCCCC(=O)N[C@H]1C[C@H]([C@H](NC(=O)[C@@H]2[C@H](CCN2C(=O)[C@@H](NC(=O)[C@@H](NC(=O)[C@@H]3C[C@H](CN3C(=O)[C@@H](NC1=O)[C@@H](C)O)O)[C@@H]([C@H](C4=CC=C(C=C4)O)O)O)[C@@H](CCN)O)O)NCCN)O,264
drug_590cd334cd0b65a42c09,Cefacetrile,cefacetrile,91562,CC(=O)OCC1=C(N2C(C(C2=O)NC(=O)CC#N)SC1)C(=O)O,CC(=O)OCC1=C(N2[C@@H]([C@@H](C2=O)NC(=O)CC#N)SC1)C(=O)O,265
drug_11d9c46b534a5c13e4c3,Cefaclor,cefaclor,51039,C1C(=C(N2C(S1)C(C2=O)NC(=O)C(C3=CC=CC=C3)N)C(=O)O)Cl,C1C(=C(N2[C@H](S1)[C@@H](C2=O)NC(=O)[C@@H](C3=CC=CC=C3)N)C(=O)O)Cl,266
drug_31434330dc024723a5b0,Cefadroxil,cefadroxil,47965,CC1=C(N2C(C(C2=O)NC(=O)C(C3=CC=C(C=C3)O)N)SC1)C(=O)O,CC1=C(N2[C@@H]([C@@H](C2=O)NC(=O)[C@@H](C3=CC=C(C=C3)O)N)SC1)C(=O)O,267
drug_0489d6724bf2bb60277c,Cefaloridine,cefaloridine,5773,C1C(=C(N2C(S1)C(C2=O)NC(=O)CC3=CC=CS3)C(=O)[O-])C[N+]4=CC=CC=C4,C1C(=C(N2[C@H](S1)[C@@H](C2=O)NC(=O)CC3=CC=CS3)C(=O)[O-])C[N+]4=CC=CC=C4,268
drug_10cae18cd4df3d42efbc,Cefalotin,cefalotin,6024,CC(=O)OCC1=C(N2C(C(C2=O)NC(=O)CC3=CC=CS3)SC1)C(=O)O,CC(=O)OCC1=C(N2[C@@H]([C@@H](C2=O)NC(=O)CC3=CC=CS3)SC1)C(=O)O,269
drug_076dd925dba31151006a,Cefamandole,cefamandole,456255,CN1C(=NN=N1)SCC2=C(N3C(C(C3=O)NC(=O)C(C4=CC=CC=C4)O)SC2)C(=O)O,CN1C(=NN=N1)SCC2=C(N3[C@@H]([C@@H](C3=O)NC(=O)[C@@H](C4=CC=CC=C4)O)SC2)C(=O)O,270
drug_f007d1ee654dc9ba0ea8,Cefapirin,cefapirin,30699,CC(=O)OCC1=C(N2C(C(C2=O)NC(=O)CSC3=CC=NC=C3)SC1)C(=O)O,CC(=O)OCC1=C(N2[C@@H]([C@@H](C2=O)NC(=O)CSC3=CC=NC=C3)SC1)C(=O)O,271
drug_373a23e053d27a6093c0,Cefazolin,cefazolin,33255,CC1=NN=C(S1)SCC2=C(N3C(C(C3=O)NC(=O)CN4C=NN=N4)SC2)C(=O)O,CC1=NN=C(S1)SCC2=C(N3[C@@H]([C@@H](C3=O)NC(=O)CN4C=NN=N4)SC2)C(=O)O,272
drug_d3078c36275e604dd87c,Cefdinir,cefdinir,6915944,C=CC1=C(N2C(C(C2=O)NC(=O)C(=NO)C3=CSC(=N3)N)SC1)C(=O)O,C=CC1=C(N2[C@@H]([C@@H](C2=O)NC(=O)/C(=N\O)/C3=CSC(=N3)N)SC1)C(=O)O,273
drug_ec7b596519b86166283a,Cefditoren,cefditoren,9870843,CC1=C(SC=N1)C=CC2=C(N3C(C(C3=O)NC(=O)C(=NOC)C4=CSC(=N4)N)SC2)C(=O)O,CC1=C(SC=N1)/C=C\C2=C(N3[C@@H]([C@@H](C3=O)NC(=O)/C(=N\OC)/C4=CSC(=N4)N)SC2)C(=O)O,274
drug_f213daa0759177da42ab,Cefepime,cefepime,5479537,C[N+]1(CCCC1)CC2=C(N3C(C(C3=O)NC(=O)C(=NOC)C4=CSC(=N4)N)SC2)C(=O)[O-],C[N+]1(CCCC1)CC2=C(N3[C@@H]([C@@H](C3=O)NC(=O)/C(=N\OC)/C4=CSC(=N4)N)SC2)C(=O)[O-],275
drug_1b4ac6feb0601661828e,Cefixime,cefixime,5362065,C=CC1=C(N2C(C(C2=O)NC(=O)C(=NOCC(=O)O)C3=CSC(=N3)N)SC1)C(=O)O,C=CC1=C(N2[C@@H]([C@@H](C2=O)NC(=O)/C(=N\OCC(=O)O)/C3=CSC(=N3)N)SC1)C(=O)O,276
drug_71bf21e77ef219c4cb65,Cefmenoxime,cefmenoxime,9570757,CN1C(=NN=N1)SCC2=C(N3C(C(C3=O)NC(=O)C(=NOC)C4=CSC(=N4)N)SC2)C(=O)O,CN1C(=NN=N1)SCC2=C(N3[C@@H]([C@@H](C3=O)NC(=O)/C(=N\OC)/C4=CSC(=N4)N)SC2)C(=O)O,277
drug_fb9c0eed8f9f41e5f8c7,Cefmetazole,cefmetazole,42008,CN1C(=NN=N1)SCC2=C(N3C(C(C3=O)(NC(=O)CSCC#N)OC)SC2)C(=O)O,CN1C(=NN=N1)SCC2=C(N3[C@@H]([C@@](C3=O)(NC(=O)CSCC#N)OC)SC2)C(=O)O,278
drug_469fe05329e8ba7f5511,Cefonicid,cefonicid,43594,C1C(=C(N2C(S1)C(C2=O)NC(=O)C(C3=CC=CC=C3)O)C(=O)O)CSC4=NN=NN4CS(=O)(=O)O,C1C(=C(N2[C@H](S1)[C@@H](C2=O)NC(=O)[C@@H](C3=CC=CC=C3)O)C(=O)O)CSC4=NN=NN4CS(=O)(=O)O,279
drug_06f41d310b1b6341ef33,Cefoperazone,cefoperazone,44187,CCN1CCN(C(=O)C1=O)C(=O)NC(C2=CC=C(C=C2)O)C(=O)NC3C4N(C3=O)C(=C(CS4)CSC5=NN=NN5C)C(=O)O,CCN1CCN(C(=O)C1=O)C(=O)N[C@H](C2=CC=C(C=C2)O)C(=O)N[C@H]3[C@@H]4N(C3=O)C(=C(CS4)CSC5=NN=NN5C)C(=O)O,280
drug_6206d902cf077f36fe69,Ceforanide,ceforanide,43507,C1C(=C(N2C(S1)C(C2=O)NC(=O)CC3=CC=CC=C3CN)C(=O)O)CSC4=NN=NN4CC(=O)O,C1C(=C(N2[C@H](S1)[C@@H](C2=O)NC(=O)CC3=CC=CC=C3CN)C(=O)O)CSC4=NN=NN4CC(=O)O,281
drug_269720e4b3f69ae8c7c2,Cefotaxime,cefotaxime,5742673,CC(=O)OCC1=C(N2C(C(C2=O)NC(=O)C(=NOC)C3=CSC(=N3)N)SC1)C(=O)O,CC(=O)OCC1=C(N2[C@@H]([C@@H](C2=O)NC(=O)/C(=N\OC)/C3=CSC(=N3)N)SC1)C(=O)O,282
drug_6b35c14d2fa7cb1ab395,Cefotetan,cefotetan,53025,CN1C(=NN=N1)SCC2=C(N3C(C(C3=O)(NC(=O)C4SC(=C(C(=O)N)C(=O)O)S4)OC)SC2)C(=O)O,CN1C(=NN=N1)SCC2=C(N3[C@@H]([C@@](C3=O)(NC(=O)C4SC(=C(C(=O)N)C(=O)O)S4)OC)SC2)C(=O)O,283
drug_06b8eec968d148560a8b,Cefotiam,cefotiam,43708,CN(C)CCN1C(=NN=N1)SCC2=C(N3C(C(C3=O)NC(=O)CC4=CSC(=N4)N)SC2)C(=O)O,CN(C)CCN1C(=NN=N1)SCC2=C(N3[C@@H]([C@@H](C3=O)NC(=O)CC4=CSC(=N4)N)SC2)C(=O)O,284
drug_9d49ac52a266557552d5,Cefoxitin,cefoxitin,441199,COC1(C2N(C1=O)C(=C(CS2)COC(=O)N)C(=O)O)NC(=O)CC3=CC=CS3,CO[C@@]1([C@@H]2N(C1=O)C(=C(CS2)COC(=O)N)C(=O)O)NC(=O)CC3=CC=CS3,285
drug_510c6df594cbb6ba2863,Cefpiramide,cefpiramide,636405,CC1=CC(=O)C(=CN1)C(=O)NC(C2=CC=C(C=C2)O)C(=O)NC3C4N(C3=O)C(=C(CS4)CSC5=NN=NN5C)C(=O)O,CC1=CC(=O)C(=CN1)C(=O)N[C@H](C2=CC=C(C=C2)O)C(=O)N[C@H]3[C@@H]4N(C3=O)C(=C(CS4)CSC5=NN=NN5C)C(=O)O,286
drug_ec295dfbbf415a47f4d7,Cefpodoxime,cefpodoxime,6335986,COCC1=C(N2C(C(C2=O)NC(=O)C(=NOC)C3=CSC(=N3)N)SC1)C(=O)O,COCC1=C(N2[C@@H]([C@@H](C2=O)NC(=O)/C(=N\OC)/C3=CSC(=N3)N)SC1)C(=O)O,287
drug_e22d5105d053c3160b0a,Cefprozil,cefprozil,62977,CC=CC1=C(N2C(C(C2=O)NC(=O)C(C3=CC=C(C=C3)O)N)SC1)C(=O)O,CC=CC1=C(N2[C@@H]([C@@H](C2=O)NC(=O)[C@@H](C3=CC=C(C=C3)O)N)SC1)C(=O)O,288
drug_9ea8b140e7eacd036110,Cefradine,cefradine,38103,CC1=C(N2C(C(C2=O)NC(=O)C(C3=CCC=CC3)N)SC1)C(=O)O,CC1=C(N2[C@@H]([C@@H](C2=O)NC(=O)[C@@H](C3=CCC=CC3)N)SC1)C(=O)O,289
drug_549306dbfbc1efef9238,Ceftazidime,ceftazidime,5481173,CC(C)(C(=O)O)ON=C(C1=CSC(=N1)N)C(=O)NC2C3N(C2=O)C(=C(CS3)C[N+]4=CC=CC=C4)C(=O)[O-],CC(C)(C(=O)O)O/N=C(/C1=CSC(=N1)N)\C(=O)N[C@H]2[C@@H]3N(C2=O)C(=C(CS3)C[N+]4=CC=CC=C4)C(=O)[O-],290
drug_692902eb8fabb41a1068,Ceftibuten,ceftibuten,5282242,C1C=C(N2C(S1)C(C2=O)NC(=O)C(=CCC(=O)O)C3=CSC(=N3)N)C(=O)O,C1C=C(N2[C@H](S1)[C@@H](C2=O)NC(=O)/C(=C\CC(=O)O)/C3=CSC(=N3)N)C(=O)O,291
drug_f92fb3f5487209941aa7,Ceftizoxime,ceftizoxime,6533629,CON=C(C1=CSC(=N1)N)C(=O)NC2C3N(C2=O)C(=CCS3)C(=O)O,CO/N=C(/C1=CSC(=N1)N)\C(=O)N[C@H]2[C@@H]3N(C2=O)C(=CCS3)C(=O)O,292
drug_7341a0789d3c2e0772db,Ceftobiprole,ceftobiprole,135413542,C1CNCC1N2CCC(=CC3=C(N4C(C(C4=O)NC(=O)C(=NO)C5=NSC(=N5)N)SC3)C(=O)O)C2=O,C1CNC[C@@H]1N2CC/C(=C\C3=C(N4[C@@H]([C@@H](C4=O)NC(=O)/C(=N\O)/C5=NSC(=N5)N)SC3)C(=O)O)/C2=O,293
drug_4acf49b4041794166a2d,Ceftriaxone,ceftriaxone,5479530,CN1C(=NC(=O)C(=O)N1)SCC2=C(N3C(C(C3=O)NC(=O)C(=NOC)C4=CSC(=N4)N)SC2)C(=O)O,CN1C(=NC(=O)C(=O)N1)SCC2=C(N3[C@@H]([C@@H](C3=O)NC(=O)/C(=N\OC)/C4=CSC(=N4)N)SC2)C(=O)O,294
drug_97c0eeec380b35befdc1,Cefuroxime,cefuroxime,5479529,CON=C(C1=CC=CO1)C(=O)NC2C3N(C2=O)C(=C(CS3)COC(=O)N)C(=O)O,CO/N=C(/C1=CC=CO1)\C(=O)N[C@H]2[C@@H]3N(C2=O)C(=C(CS3)COC(=O)N)C(=O)O,295
drug_de59c1707594ffafe77a,Celecoxib,celecoxib,2662,CC1=CC=C(C=C1)C2=CC(=NN2C3=CC=C(C=C3)S(=O)(=O)N)C(F)(F)F,CC1=CC=C(C=C1)C2=CC(=NN2C3=CC=C(C=C3)S(=O)(=O)N)C(F)(F)F,296
drug_7aa39dddcb1207903441,Celiprolol,celiprolol,2663,CCN(CC)C(=O)NC1=CC(=C(C=C1)OCC(CNC(C)(C)C)O)C(=O)C,CCN(CC)C(=O)NC1=CC(=C(C=C1)OCC(CNC(C)(C)C)O)C(=O)C,297
drug_0887401cfe6dd7a10ffe,Cephalexin,cephalexin,27447,CC1=C(N2C(C(C2=O)NC(=O)C(C3=CC=CC=C3)N)SC1)C(=O)O,CC1=C(N2[C@@H]([C@@H](C2=O)NC(=O)[C@@H](C3=CC=CC=C3)N)SC1)C(=O)O,298
drug_a45cb56a58453411764d,Cephaloglycin,cephaloglycin,19150,CC(=O)OCC1=C(N2C(C(C2=O)NC(=O)C(C3=CC=CC=C3)N)SC1)C(=O)O,CC(=O)OCC1=C(N2[C@@H]([C@@H](C2=O)NC(=O)[C@@H](C3=CC=CC=C3)N)SC1)C(=O)O,299
drug_96b81356ad449355494a,Ceritinib,ceritinib,57379345,CC1=CC(=C(C=C1C2CCNCC2)OC(C)C)NC3=NC=C(C(=N3)NC4=CC=CC=C4S(=O)(=O)C(C)C)Cl,CC1=CC(=C(C=C1C2CCNCC2)OC(C)C)NC3=NC=C(C(=N3)NC4=CC=CC=C4S(=O)(=O)C(C)C)Cl,300
drug_99082601cd2fbe126496,Cerulenin,cerulenin,5282054,CC=CCC=CCCC(=O)C1C(O1)C(=O)N,C/C=C/C/C=C/CCC(=O)[C@@H]1[C@@H](O1)C(=O)N,301
drug_fb8349206163fc4744dc,Cetirizine,cetirizine,2678,C1CN(CCN1CCOCC(=O)O)C(C2=CC=CC=C2)C3=CC=C(C=C3)Cl,C1CN(CCN1CCOCC(=O)O)C(C2=CC=CC=C2)C3=CC=C(C=C3)Cl,302
drug_cc54914080cd0f21998d,Cevimeline,cevimeline,25137844,CC1OC2(CN3CCC2CC3)CS1,CC1O[C@]2(CN3CCC2CC3)CS1,303
drug_897ebc7dad6ac4f64b0c,Chenodeoxycholic acid,chenodeoxycholic acid,10133,CC(CCC(=O)O)C1CCC2C1(CCC3C2C(CC4C3(CCC(C4)O)C)O)C,C[C@H](CCC(=O)O)[C@H]1CC[C@@H]2[C@@]1(CC[C@H]3[C@H]2[C@@H](C[C@H]4[C@@]3(CC[C@H](C4)O)C)O)C,304
drug_b1e10ac35470f5e8a098,Chloral hydrate,chloral hydrate,2707,C(C(Cl)(Cl)Cl)(O)O,C(C(Cl)(Cl)Cl)(O)O,305
drug_cc0e6164be96aaffcf5a,Chlorambucil,chlorambucil,2708,C1=CC(=CC=C1CCCC(=O)O)N(CCCl)CCCl,C1=CC(=CC=C1CCCC(=O)O)N(CCCl)CCCl,306
drug_734efc7928b8f926191c,Chloramphenicol,chloramphenicol,5959,C1=CC(=CC=C1C(C(CO)NC(=O)C(Cl)Cl)O)[N+](=O)[O-],C1=CC(=CC=C1[C@H]([C@@H](CO)NC(=O)C(Cl)Cl)O)[N+](=O)[O-],307
drug_6ac1c3c45e85a9a2b490,Chlordiazepoxide,chlordiazepoxide,2712,CN=C1CN(C(=C2C=C(C=CC2=N1)Cl)C3=CC=CC=C3)O,CN=C1CN(C(=C2C=C(C=CC2=N1)Cl)C3=CC=CC=C3)O,308
drug_0b1ec1badb9fd2c5fea3,Chlormezanone,chlormezanone,2717,CN1C(S(=O)(=O)CCC1=O)C2=CC=C(C=C2)Cl,CN1C(S(=O)(=O)CCC1=O)C2=CC=C(C=C2)Cl,309
drug_c889fc8d4dd048d1a1e0,Chloroprocaine,chloroprocaine,8612,CCN(CC)CCOC(=O)C1=C(C=C(C=C1)N)Cl,CCN(CC)CCOC(=O)C1=C(C=C(C=C1)N)Cl,310
drug_489c94469cfc7c4424df,Chloropyramine,chloropyramine,25295,CN(C)CCN(CC1=CC=C(C=C1)Cl)C2=CC=CC=N2,CN(C)CCN(CC1=CC=C(C=C1)Cl)C2=CC=CC=N2,311
drug_6ea1080e3ee811931bc3,Chloroquine,chloroquine,2719,CCN(CC)CCCC(C)NC1=C2C=CC(=CC2=NC=C1)Cl,CCN(CC)CCCC(C)NC1=C2C=CC(=CC2=NC=C1)Cl,312
drug_b308a047e2ab43bc7e12,Chlorothiazide,chlorothiazide,2720,C1=C2C(=CC(=C1Cl)S(=O)(=O)N)S(=O)(=O)N=CN2,C1=C2C(=CC(=C1Cl)S(=O)(=O)N)S(=O)(=O)N=CN2,313
drug_04b069c1066e6b2d099b,Chloroxine,chloroxine,2722,C1=CC2=C(C(=C(C=C2Cl)Cl)O)N=C1,C1=CC2=C(C(=C(C=C2Cl)Cl)O)N=C1,314
drug_2d08fce0a96356b66018,Chloroxylenol,chloroxylenol,2723,CC1=CC(=CC(=C1Cl)C)O,CC1=CC(=CC(=C1Cl)C)O,315
drug_7afca7120520b63d10d7,Chlorphenesin,chlorphenesin,7697,C1=CC(=CC=C1OCC(CO)O)Cl,C1=CC(=CC=C1OCC(CO)O)Cl,316
drug_2894ff743bdb4069f8b8,Chlorpheniramine,chlorpheniramine,2725,CN(C)CCC(C1=CC=C(C=C1)Cl)C2=CC=CC=N2,CN(C)CCC(C1=CC=C(C=C1)Cl)C2=CC=CC=N2,317
drug_2ce34460c7f59e1a6538,Chlorpromazine,chlorpromazine,2726,CN(C)CCCN1C2=CC=CC=C2SC3=C1C=C(C=C3)Cl,CN(C)CCCN1C2=CC=CC=C2SC3=C1C=C(C=C3)Cl,318
drug_9d14b17ef14ddde61ec8,Chlorpropamide,chlorpropamide,2727,CCCNC(=O)NS(=O)(=O)C1=CC=C(C=C1)Cl,CCCNC(=O)NS(=O)(=O)C1=CC=C(C=C1)Cl,319
drug_8e5c9549d0df2b56e170,Chlorprothixene,chlorprothixene,667467,CN(C)CCC=C1C2=CC=CC=C2SC3=C1C=C(C=C3)Cl,CN(C)CC/C=C\1/C2=CC=CC=C2SC3=C1C=C(C=C3)Cl,320
drug_789bc494243c7232ca49,Chlortetracycline,chlortetracycline,54675777,CC1(C2CC3C(C(=O)C(=C(C3(C(=O)C2=C(C4=C(C=CC(=C41)Cl)O)O)O)O)C(=O)N)N(C)C)O,C[C@@]1([C@H]2C[C@H]3[C@@H](C(=O)C(=C([C@]3(C(=O)C2=C(C4=C(C=CC(=C41)Cl)O)O)O)O)C(=O)N)N(C)C)O,321
drug_84f2c157996b529d356a,Chlorthalidone,chlorthalidone,2732,C1=CC=C2C(=C1)C(=O)NC2(C3=CC(=C(C=C3)Cl)S(=O)(=O)N)O,C1=CC=C2C(=C1)C(=O)NC2(C3=CC(=C(C=C3)Cl)S(=O)(=O)N)O,322
drug_9aafb62036e43170e784,Chlorzoxazone,chlorzoxazone,2733,C1=CC2=C(C=C1Cl)NC(=O)O2,C1=CC2=C(C=C1Cl)NC(=O)O2,323
drug_590ed6756a755a595a44,Cholecalciferol,cholecalciferol,5280795,CC(C)CCCC(C)C1CCC2C1(CCCC2=CC=C3CC(CCC3=C)O)C,C[C@H](CCCC(C)C)[C@H]1CC[C@@H]\2[C@@]1(CCC/C2=C\C=C/3\C[C@H](CCC3=C)O)C,324
drug_f0390a4ed301612bfc85,Cholic Acid,cholic acid,221493,CC(CCC(=O)O)C1CCC2C1(C(CC3C2C(CC4C3(CCC(C4)O)C)O)O)C,C[C@H](CCC(=O)O)[C@H]1CC[C@@H]2[C@@]1([C@H](C[C@H]3[C@H]2[C@@H](C[C@H]4[C@@]3(CC[C@H](C4)O)C)O)O)C,325
drug_23cdf120a2dd3701a24e,Choline,choline,305,C[N+](C)(C)CCO,C[N+](C)(C)CCO,326
drug_67865fc4dfa127b455c7,Choline C 11,choline c 11,449688,C[N+](C)(C)CCO,C[N+](C)([11CH3])CCO,327
drug_dd4b1c0dd85efb396858,Choline magnesium trisalicylate,choline magnesium trisalicylate,54682045,C[N+](C)(C)CCO.C1=CC=C(C(=C1)C(=O)O)[O-].C1=CC=C(C(=C1)C(=O)O)[O-].C1=CC=C(C(=C1)C(=O)O)[O-].[Mg+2],C[N+](C)(C)CCO.C1=CC=C(C(=C1)C(=O)O)[O-].C1=CC=C(C(=C1)C(=O)O)[O-].C1=CC=C(C(=C1)C(=O)O)[O-].[Mg+2],328
drug_ddf8d310d21693308b1e,Chromium,chromium,23976,[Cr],[Cr],329
drug_d151ce22891600a29388,Ciclesonide,ciclesonide,6918155,CC(C)C(=O)OCC(=O)C12C(CC3C1(CC(C4C3CCC5=CC(=O)C=CC45C)O)C)OC(O2)C6CCCCC6,CC(C)C(=O)OCC(=O)[C@@]12[C@@H](C[C@@H]3[C@@]1(C[C@@H]([C@H]4[C@H]3CCC5=CC(=O)C=C[C@]45C)O)C)O[C@H](O2)C6CCCCC6,330
drug_5c2a2f9124be05651676,Ciclopirox,ciclopirox,2749,CC1=CC(=O)N(C(=C1)C2CCCCC2)O,CC1=CC(=O)N(C(=C1)C2CCCCC2)O,331
drug_fd315d7c5a18e055b8cd,Cidofovir,cidofovir,60613,C1=CN(C(=O)N=C1N)CC(CO)OCP(=O)(O)O,C1=CN(C(=O)N=C1N)C[C@@H](CO)OCP(=O)(O)O,332
drug_fb8a9f459b05a87d2e42,Cilastatin,cilastatin,6435415,CC1(CC1C(=O)NC(=CCCCCSCC(C(=O)O)N)C(=O)O)C,CC1(C[C@@H]1C(=O)N/C(=C\CCCCSC[C@@H](C(=O)O)N)/C(=O)O)C,333
drug_7eff0126cbe102086941,Cilazapril,cilazapril,56330,CCOC(=O)C(CCC1=CC=CC=C1)NC2CCCN3CCCC(N3C2=O)C(=O)O,CCOC(=O)[C@H](CCC1=CC=CC=C1)N[C@H]2CCCN3CCC[C@H](N3C2=O)C(=O)O,334
drug_e0a113170280b3d74bd3,Cilnidipine,cilnidipine,5282138,CC1=C(C(C(=C(N1)C)C(=O)OCC=CC2=CC=CC=C2)C3=CC(=CC=C3)[N+](=O)[O-])C(=O)OCCOC,CC1=C(C(C(=C(N1)C)C(=O)OC/C=C/C2=CC=CC=C2)C3=CC(=CC=C3)[N+](=O)[O-])C(=O)OCCOC,335
drug_c44740b27baa8c72479b,Cilostazol,cilostazol,2754,C1CCC(CC1)N2C(=NN=N2)CCCCOC3=CC4=C(C=C3)NC(=O)CC4,C1CCC(CC1)N2C(=NN=N2)CCCCOC3=CC4=C(C=C3)NC(=O)CC4,336
drug_8486b14a1bd5413f54ee,Cimetidine,cimetidine,2756,CC1=C(N=CN1)CSCCNC(=NC)NC#N,CC1=C(N=CN1)CSCCNC(=NC)NC#N,337
drug_e5c6d7966c0ef8496037,Cinacalcet,cinacalcet,156419,CC(C1=CC=CC2=CC=CC=C21)NCCCC3=CC(=CC=C3)C(F)(F)F,C[C@H](C1=CC=CC2=CC=CC=C21)NCCCC3=CC(=CC=C3)C(F)(F)F,338
drug_338556f0e8c9f2d84a85,Cinchocaine,cinchocaine,3025,CCCCOC1=NC2=CC=CC=C2C(=C1)C(=O)NCCN(CC)CC,CCCCOC1=NC2=CC=CC=C2C(=C1)C(=O)NCCN(CC)CC,339
drug_4d9b91e2c4f5675822b2,Cinnarizine,cinnarizine,1547484,C1CN(CCN1CC=CC2=CC=CC=C2)C(C3=CC=CC=C3)C4=CC=CC=C4,C1CN(CCN1C/C=C/C2=CC=CC=C2)C(C3=CC=CC=C3)C4=CC=CC=C4,340
drug_b379201a84a42a1f88d4,Cinoxacin,cinoxacin,2762,CCN1C2=CC3=C(C=C2C(=O)C(=N1)C(=O)O)OCO3,CCN1C2=CC3=C(C=C2C(=O)C(=N1)C(=O)O)OCO3,341
drug_6036cad3024777ed5f64,Ciprofloxacin,ciprofloxacin,2764,C1CC1N2C=C(C(=O)C3=CC(=C(C=C32)N4CCNCC4)F)C(=O)O,C1CC1N2C=C(C(=O)C3=CC(=C(C=C32)N4CCNCC4)F)C(=O)O,342
drug_b8477dbe07555c809b6f,Cisapride,cisapride,6917698,COC1CN(CCC1NC(=O)C2=CC(=C(C=C2OC)N)Cl)CCCOC3=CC=C(C=C3)F,CO[C@H]1CN(CC[C@H]1NC(=O)C2=CC(=C(C=C2OC)N)Cl)CCCOC3=CC=C(C=C3)F,343
drug_389133a7d03d16f919a5,Cisatracurium,cisatracurium,62887,C[N+]1(CCC2=CC(=C(C=C2C1CC3=CC(=C(C=C3)OC)OC)OC)OC)CCC(=O)OCCCCCOC(=O)CC[N+]4(CCC5=CC(=C(C=C5C4CC6=CC(=C(C=C6)OC)OC)OC)OC)C,C[N@@+]1(CCC2=CC(=C(C=C2[C@H]1CC3=CC(=C(C=C3)OC)OC)OC)OC)CCC(=O)OCCCCCOC(=O)CC[N@+]4(CCC5=CC(=C(C=C5[C@H]4CC6=CC(=C(C=C6)OC)OC)OC)OC)C,344
drug_8114f85e2a2998f59bdf,Cisplatin,cisplatin,5702198,N.N.Cl[Pt]Cl,N.N.Cl[Pt]Cl,345
drug_f398fd9cd91169e05747,Citalopram,citalopram,2771,CN(C)CCCC1(C2=C(CO1)C=C(C=C2)C#N)C3=CC=C(C=C3)F,CN(C)CCCC1(C2=C(CO1)C=C(C=C2)C#N)C3=CC=C(C=C3)F,346
drug_4c591c30afa436056d0d,Citric acid,citric acid,311,C(C(=O)O)C(CC(=O)O)(C(=O)O)O,C(C(=O)O)C(CC(=O)O)(C(=O)O)O,347
drug_1eea7b63ceea9d5958e1,Cladribine,cladribine,20279,C1C(C(OC1N2C=NC3=C(N=C(N=C32)Cl)N)CO)O,C1[C@@H]([C@H](O[C@H]1N2C=NC3=C(N=C(N=C32)Cl)N)CO)O,348
drug_9712d583cf8179255286,Clarithromycin,clarithromycin,84029,CCC1C(C(C(C(=O)C(CC(C(C(C(C(C(=O)O1)C)OC2CC(C(C(O2)C)O)(C)OC)C)OC3C(C(CC(O3)C)N(C)C)O)(C)OC)C)C)O)(C)O,CC[C@@H]1[C@@]([C@@H]([C@H](C(=O)[C@@H](C[C@@]([C@@H]([C@H]([C@@H]([C@H](C(=O)O1)C)O[C@H]2C[C@@]([C@H]([C@@H](O2)C)O)(C)OC)C)O[C@H]3[C@@H]([C@H](C[C@H](O3)C)N(C)C)O)(C)OC)C)C)O)(C)O,349
drug_7c952430f48782afa445,Clavulanic acid,clavulanic acid,5280980,C1C2N(C1=O)C(C(=CCO)O2)C(=O)O,C1[C@@H]2N(C1=O)[C@H](/C(=C/CO)/O2)C(=O)O,350
drug_d2bc2d1069c6894863f4,Clemastine,clemastine,26987,CC(C1=CC=CC=C1)(C2=CC=C(C=C2)Cl)OCCC3CCCN3C,C[C@@](C1=CC=CC=C1)(C2=CC=C(C=C2)Cl)OCC[C@H]3CCCN3C,351
drug_9817bc9fcb8c1ac43a27,Clenbuterol,clenbuterol,2783,CC(C)(C)NCC(C1=CC(=C(C(=C1)Cl)N)Cl)O,CC(C)(C)NCC(C1=CC(=C(C(=C1)Cl)N)Cl)O,352
drug_5abdfe8a74e53084c1be,Clevidipine,clevidipine,153994,CCCC(=O)OCOC(=O)C1=C(NC(=C(C1C2=C(C(=CC=C2)Cl)Cl)C(=O)OC)C)C,CCCC(=O)OCOC(=O)C1=C(NC(=C(C1C2=C(C(=CC=C2)Cl)Cl)C(=O)OC)C)C,353
drug_91f1919d90e3766e8817,Clidinium,clidinium,2784,C[N+]12CCC(CC1)C(C2)OC(=O)C(C3=CC=CC=C3)(C4=CC=CC=C4)O,C[N+]12CCC(CC1)C(C2)OC(=O)C(C3=CC=CC=C3)(C4=CC=CC=C4)O,354
drug_c8654dfa1e6a3a787d99,Clindamycin,clindamycin,446598,CCCC1CC(N(C1)C)C(=O)NC(C2C(C(C(C(O2)SC)O)O)O)C(C)Cl,CCC[C@@H]1C[C@H](N(C1)C)C(=O)N[C@@H]([C@@H]2[C@@H]([C@@H]([C@H]([C@H](O2)SC)O)O)O)[C@H](C)Cl,355
drug_5967aa0890b8cb50e525,Clobazam,clobazam,2789,CN1C(=O)CC(=O)N(C2=C1C=CC(=C2)Cl)C3=CC=CC=C3,CN1C(=O)CC(=O)N(C2=C1C=CC(=C2)Cl)C3=CC=CC=C3,356
drug_2412dc44ca55f44d546a,Clobetasol propionate,clobetasol propionate,32798,CCC(=O)OC1(C(CC2C1(CC(C3(C2CCC4=CC(=O)C=CC43C)F)O)C)C)C(=O)CCl,CCC(=O)O[C@@]1([C@H](C[C@@H]2[C@@]1(C[C@@H]([C@]3([C@H]2CCC4=CC(=O)C=C[C@@]43C)F)O)C)C)C(=O)CCl,357
drug_67a2e5227630d71d11d8,Clobetasone,clobetasone,71387,CC1CC2C3CCC4=CC(=O)C=CC4(C3(C(=O)CC2(C1(C(=O)CCl)O)C)F)C,C[C@H]1C[C@H]2[C@@H]3CCC4=CC(=O)C=C[C@@]4([C@]3(C(=O)C[C@@]2([C@]1(C(=O)CCl)O)C)F)C,358
drug_98c61ec91bc8bcf606d5,Clocortolone,clocortolone,5311052,CC1CC2C3CC(C4=CC(=O)C=CC4(C3(C(CC2(C1C(=O)CO)C)O)Cl)C)F,C[C@@H]1C[C@H]2[C@@H]3C[C@@H](C4=CC(=O)C=C[C@@]4([C@]3([C@H](C[C@@]2([C@H]1C(=O)CO)C)O)Cl)C)F,359
drug_a8bcc65d7de90cfd3aa5,Clodronic acid,clodronic acid,25419,C(P(=O)(O)O)(P(=O)(O)O)(Cl)Cl,C(P(=O)(O)O)(P(=O)(O)O)(Cl)Cl,360
drug_f2e979435772a776c237,Clofarabine,clofarabine,119182,C1=NC2=C(N=C(N=C2N1C3C(C(C(O3)CO)O)F)Cl)N,C1=NC2=C(N=C(N=C2N1[C@H]3[C@H]([C@@H]([C@H](O3)CO)O)F)Cl)N,361
drug_c0de70db6b7832e9a812,Clofazimine,clofazimine,2794,CC(C)N=C1C=C2C(=NC3=CC=CC=C3N2C4=CC=C(C=C4)Cl)C=C1NC5=CC=C(C=C5)Cl,CC(C)N=C1C=C2C(=NC3=CC=CC=C3N2C4=CC=C(C=C4)Cl)C=C1NC5=CC=C(C=C5)Cl,362
drug_3a9f28537c4523d9b0cb,Clofibrate,clofibrate,2796,CCOC(=O)C(C)(C)OC1=CC=C(C=C1)Cl,CCOC(=O)C(C)(C)OC1=CC=C(C=C1)Cl,363
drug_42a5cb6175651840a59c,Clomipramine,clomipramine,2801,CN(C)CCCN1C2=CC=CC=C2CCC3=C1C=C(C=C3)Cl,CN(C)CCCN1C2=CC=CC=C2CCC3=C1C=C(C=C3)Cl,364
drug_1b5fa42eef7fb53ff80f,Clomocycline,clomocycline,54680675,CC1(C2CC3C(C(=O)C(=C(C3(C(=O)C2=C(C4=C(C=CC(=C41)Cl)O)O)O)O)C(=O)NCO)N(C)C)O,C[C@@]1([C@H]2C[C@H]3[C@@H](C(=O)C(=C([C@]3(C(=O)C2=C(C4=C(C=CC(=C41)Cl)O)O)O)O)C(=O)NCO)N(C)C)O,365
drug_12a4ea2b5e10de132ff3,Clonazepam,clonazepam,2802,C1C(=O)NC2=C(C=C(C=C2)[N+](=O)[O-])C(=N1)C3=CC=CC=C3Cl,C1C(=O)NC2=C(C=C(C=C2)[N+](=O)[O-])C(=N1)C3=CC=CC=C3Cl,366
drug_d65cbd1008a5d13c2e38,Clonidine,clonidine,2803,C1CN=C(N1)NC2=C(C=CC=C2Cl)Cl,C1CN=C(N1)NC2=C(C=CC=C2Cl)Cl,367
drug_5746988c3cf074ced85d,Clonixin,clonixin,28718,CC1=C(C=CC=C1Cl)NC2=C(C=CC=N2)C(=O)O,CC1=C(C=CC=C1Cl)NC2=C(C=CC=N2)C(=O)O,368
drug_9d5829358dff2892f67b,Clopidogrel,clopidogrel,60606,COC(=O)C(C1=CC=CC=C1Cl)N2CCC3=C(C2)C=CS3,COC(=O)[C@H](C1=CC=CC=C1Cl)N2CCC3=C(C2)C=CS3,369
drug_d3a3009d481633a62550,Clorazepic acid,clorazepic acid,2809,C1=CC=C(C=C1)C2=NC(C(=O)NC3=C2C=C(C=C3)Cl)C(=O)O,C1=CC=C(C=C1)C2=NC(C(=O)NC3=C2C=C(C=C3)Cl)C(=O)O,370
drug_0219b8321ee1eaf84ed9,Clotiazepam,clotiazepam,2811,CCC1=CC2=C(S1)N(C(=O)CN=C2C3=CC=CC=C3Cl)C,CCC1=CC2=C(S1)N(C(=O)CN=C2C3=CC=CC=C3Cl)C,371
drug_f53035420640904ad644,Clotrimazole,clotrimazole,2812,C1=CC=C(C=C1)C(C2=CC=CC=C2)(C3=CC=CC=C3Cl)N4C=CN=C4,C1=CC=C(C=C1)C(C2=CC=CC=C2)(C3=CC=CC=C3Cl)N4C=CN=C4,372
drug_fe5ca843e2ea393d7ef3,Cloxacillin,cloxacillin,6098,CC1=C(C(=NO1)C2=CC=CC=C2Cl)C(=O)NC3C4N(C3=O)C(C(S4)(C)C)C(=O)O,CC1=C(C(=NO1)C2=CC=CC=C2Cl)C(=O)N[C@H]3[C@@H]4N(C3=O)[C@H](C(S4)(C)C)C(=O)O,373
drug_99c0bbf8cc2c4e27b611,Cloxazolam,cloxazolam,2816,C1COC2(N1CC(=O)NC3=C2C=C(C=C3)Cl)C4=CC=CC=C4Cl,C1COC2(N1CC(=O)NC3=C2C=C(C=C3)Cl)C4=CC=CC=C4Cl,374
drug_a670530567194409c154,Clozapine,clozapine,135398737,CN1CCN(CC1)C2=NC3=C(C=CC(=C3)Cl)NC4=CC=CC=C42,CN1CCN(CC1)C2=NC3=C(C=CC(=C3)Cl)NC4=CC=CC=C42,375
drug_56ea232443e5b123dab0,Cobicistat,cobicistat,25151504,CC(C)C1=NC(=CS1)CN(C)C(=O)NC(CCN2CCOCC2)C(=O)NC(CCC(CC3=CC=CC=C3)NC(=O)OCC4=CN=CS4)CC5=CC=CC=C5,CC(C)C1=NC(=CS1)CN(C)C(=O)N[C@@H](CCN2CCOCC2)C(=O)N[C@H](CC[C@H](CC3=CC=CC=C3)NC(=O)OCC4=CN=CS4)CC5=CC=CC=C5,376
drug_da77e494ccba68557b38,Cobimetinib,cobimetinib,16222096,C1CCNC(C1)C2(CN(C2)C(=O)C3=C(C(=C(C=C3)F)F)NC4=C(C=C(C=C4)I)F)O,C1CCN[C@@H](C1)C2(CN(C2)C(=O)C3=C(C(=C(C=C3)F)F)NC4=C(C=C(C=C4)I)F)O,377
drug_39c7ad800c5792108f33,Cocaine,cocaine,446220,CN1C2CCC1C(C(C2)OC(=O)C3=CC=CC=C3)C(=O)OC,CN1[C@H]2CC[C@@H]1[C@H]([C@H](C2)OC(=O)C3=CC=CC=C3)C(=O)OC,378
drug_917bc6e70a3eb7576468,Codeine,codeine,5284371,CN1CCC23C4C1CC5=C2C(=C(C=C5)OC)OC3C(C=C4)O,CN1CC[C@]23[C@@H]4[C@H]1CC5=C2C(=C(C=C5)OC)O[C@H]3[C@H](C=C4)O,379
drug_f7cef0b66d576da52f5c,Colchicine,colchicine,6167,CC(=O)NC1CCC2=CC(=C(C(=C2C3=CC=C(C(=O)C=C13)OC)OC)OC)OC,CC(=O)N[C@H]1CCC2=CC(=C(C(=C2C3=CC=C(C(=O)C=C13)OC)OC)OC)OC,380
drug_d57c41f2cee6872effc9,Colistin,colistin,5311054,CCC(C)CCCC(=O)NC(CCN)C(=O)NC(C(C)O)C(=O)NC(CCN)C(=O)NC1CCNC(=O)C(NC(=O)C(NC(=O)C(NC(=O)C(NC(=O)C(NC(=O)C(NC1=O)CCN)CC(C)C)CC(C)C)CCN)CCN)C(C)O,CCC(C)CCCC(=O)N[C@@H](CCN)C(=O)N[C@@H]([C@@H](C)O)C(=O)N[C@@H](CCN)C(=O)N[C@H]1CCNC(=O)[C@@H](NC(=O)[C@@H](NC(=O)[C@@H](NC(=O)[C@@H](NC(=O)[C@H](NC(=O)[C@@H](NC1=O)CCN)CC(C)C)CC(C)C)CCN)CCN)[C@@H](C)O,381
drug_4527039f7a2a781723b4,Conivaptan,conivaptan,151171,CC1=NC2=C(N1)CCN(C3=CC=CC=C32)C(=O)C4=CC=C(C=C4)NC(=O)C5=CC=CC=C5C6=CC=CC=C6,CC1=NC2=C(N1)CCN(C3=CC=CC=C32)C(=O)C4=CC=C(C=C4)NC(=O)C5=CC=CC=C5C6=CC=CC=C6,382
drug_0af9eadb89b6c7cbdf49,Copanlisib,copanlisib,135565596,COC1=C(C=CC2=C3NCCN3C(=NC(=O)C4=CN=C(N=C4)N)N=C21)OCCCN5CCOCC5,COC1=C(C=CC2=C3NCCN3C(=NC(=O)C4=CN=C(N=C4)N)N=C21)OCCCN5CCOCC5,383
drug_d16f06fe255d801e0639,Copper,copper,23978,[Cu],[Cu],384
drug_0190a75027430ff340e2,Corticorelin ovine triflutate,corticorelin ovine triflutate,16132344,CCC(C)C(C(=O)NC(CO)C(=O)NC(CC(C)C)C(=O)NC(CC(=O)O)C(=O)NC(CC(C)C)C(=O)NC(C(C)O)C(=O)NC(CC1=CC=CC=C1)C(=O)NC(CC2=CN=CN2)C(=O)NC(CC(C)C)C(=O)NC(CC(C)C)C(=O)NC(CCCNC(=N)N)C(=O)NC(CCC(=O)O)C(=O)NC(C(C)C)C(=O)NC(CC(C)C)C(=O)NC(CCC(=O)O)C(=O)NC(CCSC)C(=O)NC(C(C)O)C(=O)NC(CCCCN)C(=O)NC(C)C(=O)NC(CC(=O)O)C(=O)NC(CCC(=O)N)C(=O)NC(CC(C)C)C(=O)NC(C)C(=O)NC(CCC(=O)N)C(=O)NC(CCC(=O)N)C(=O)NC(C)C(=O)NC(CC3=CN=CN3)C(=O)NC(CO)C(=O)NC(CC(=O)N)C(=O)NC(CCCNC(=N)N)C(=O)NC(CCCCN)C(=O)NC(CC(C)C)C(=O)NC(CC(C)C)C(=O)NC(CC(=O)O)C(=O)NC(C(C)CC)C(=O)NC(C)C(=O)N)NC(=O)C4CCCN4C(=O)C5CCCN5C(=O)C(CCC(=O)O)NC(=O)C(CCC(=O)N)NC(=O)C(CO)N,CC[C@H](C)[C@@H](C(=O)N[C@@H](CO)C(=O)N[C@@H](CC(C)C)C(=O)N[C@@H](CC(=O)O)C(=O)N[C@@H](CC(C)C)C(=O)N[C@@H]([C@@H](C)O)C(=O)N[C@@H](CC1=CC=CC=C1)C(=O)N[C@@H](CC2=CN=CN2)C(=O)N[C@@H](CC(C)C)C(=O)N[C@@H](CC(C)C)C(=O)N[C@@H](CCCNC(=N)N)C(=O)N[C@@H](CCC(=O)O)C(=O)N[C@@H](C(C)C)C(=O)N[C@@H](CC(C)C)C(=O)N[C@@H](CCC(=O)O)C(=O)N[C@@H](CCSC)C(=O)N[C@@H]([C@@H](C)O)C(=O)N[C@@H](CCCCN)C(=O)N[C@@H](C)C(=O)N[C@@H](CC(=O)O)C(=O)N[C@@H](CCC(=O)N)C(=O)N[C@@H](CC(C)C)C(=O)N[C@@H](C)C(=O)N[C@@H](CCC(=O)N)C(=O)N[C@@H](CCC(=O)N)C(=O)N[C@@H](C)C(=O)N[C@@H](CC3=CN=CN3)C(=O)N[C@@H](CO)C(=O)N[C@@H](CC(=O)N)C(=O)N[C@@H](CCCNC(=N)N)C(=O)N[C@@H](CCCCN)C(=O)N[C@@H](CC(C)C)C(=O)N[C@@H](CC(C)C)C(=O)N[C@@H](CC(=O)O)C(=O)N[C@@H]([C@@H](C)CC)C(=O)N[C@@H](C)C(=O)N)NC(=O)[C@@H]4CCCN4C(=O)[C@@H]5CCCN5C(=O)[C@H](CCC(=O)O)NC(=O)[C@H](CCC(=O)N)NC(=O)[C@H](CO)N,385
drug_7fcbe254cbdcf706b609,Cortisone acetate,cortisone acetate,5745,CC(=O)OCC(=O)C1(CCC2C1(CC(=O)C3C2CCC4=CC(=O)CCC34C)C)O,CC(=O)OCC(=O)[C@]1(CC[C@@H]2[C@@]1(CC(=O)[C@H]3[C@H]2CCC4=CC(=O)CC[C@]34C)C)O,386
drug_27a25b078d7be68a340b,Crisaborole,crisaborole,44591583,B1(C2=C(CO1)C=C(C=C2)OC3=CC=C(C=C3)C#N)O,B1(C2=C(CO1)C=C(C=C2)OC3=CC=C(C=C3)C#N)O,387
drug_4f200d14662791e46ca2,Crizotinib,crizotinib,11626560,CC(C1=C(C=CC(=C1Cl)F)Cl)OC2=C(N=CC(=C2)C3=CN(N=C3)C4CCNCC4)N,C[C@H](C1=C(C=CC(=C1Cl)F)Cl)OC2=C(N=CC(=C2)C3=CN(N=C3)C4CCNCC4)N,388
drug_3ed5f6e4561b39a9e2d4,Cyamemazine,cyamemazine,62865,CC(CN1C2=CC=CC=C2SC3=C1C=C(C=C3)C#N)CN(C)C,CC(CN1C2=CC=CC=C2SC3=C1C=C(C=C3)C#N)CN(C)C,389
drug_bbb0ec1b48225169e192,Cyanocobalamin,cyanocobalamin,166596686,CC1=CC2=C(C=C1C)[N+](=CN2)C3C(C(C(O3)CO)OP(=O)(O)OC(C)CNC(=O)CCC4(C(C5C6(C(C(C(=N6)C(=C7C(C(C(=CC8=NC(=C(C4=N5)C)C(C8(C)C)CCC(=N)[O-])N7)CCC(=N)[O-])(C)CC(=O)N)C)CCC(=N)[O-])(C)CC(=O)N)C)CC(=O)N)C)O.[C]#N.[Co+2],CC1=CC2=C(C=C1C)[N+](=CN2)[C@@H]3[C@@H]([C@@H]([C@H](O3)CO)OP(=O)(O)O[C@H](C)CNC(=O)CC[C@@]4([C@H]([C@@H]5[C@]6([C@@]([C@@H](C(=N6)/C(=C\7/[C@@]([C@@H](/C(=C/C8=N/C(=C(\C4=N5)/C)/[C@H](C8(C)C)CCC(=N)[O-])/N7)CCC(=N)[O-])(C)CC(=O)N)/C)CCC(=N)[O-])(C)CC(=O)N)C)CC(=O)N)C)O.[C]#N.[Co+2],390
drug_901d32fa9b9350a1a258,Cyclacillin,cyclacillin,19003,CC1(C(N2C(S1)C(C2=O)NC(=O)C3(CCCCC3)N)C(=O)O)C,CC1([C@@H](N2[C@H](S1)[C@@H](C2=O)NC(=O)C3(CCCCC3)N)C(=O)O)C,391
drug_e60a6132e03add666860,Cyclizine,cyclizine,6726,CN1CCN(CC1)C(C2=CC=CC=C2)C3=CC=CC=C3,CN1CCN(CC1)C(C2=CC=CC=C2)C3=CC=CC=C3,392
drug_16dd43d4cd9c7cb8423b,Cyclobenzaprine,cyclobenzaprine,2895,CN(C)CCC=C1C2=CC=CC=C2C=CC3=CC=CC=C31,CN(C)CCC=C1C2=CC=CC=C2C=CC3=CC=CC=C31,393
drug_5cdcf1a3ea302e1a313a,Cyclopentolate,cyclopentolate,2905,CN(C)CCOC(=O)C(C1=CC=CC=C1)C2(CCCC2)O,CN(C)CCOC(=O)C(C1=CC=CC=C1)C2(CCCC2)O,394
drug_f8f5717419c8c1f87aeb,Cyclophosphamide,cyclophosphamide,2907,C1CNP(=O)(OC1)N(CCCl)CCCl,C1CNP(=O)(OC1)N(CCCl)CCCl,395
drug_722b554f5e9c01bc52c6,Cycloserine,cycloserine,6234,C1C(C(=O)NO1)N,C1[C@H](C(=O)NO1)N,396
drug_f10bfee314e86e2e0553,Cyclosporine,cyclosporine,5284373,CCC1C(=O)N(CC(=O)N(C(C(=O)NC(C(=O)N(C(C(=O)NC(C(=O)NC(C(=O)N(C(C(=O)N(C(C(=O)N(C(C(=O)N(C(C(=O)N1)C(C(C)CC=CC)O)C)C(C)C)C)CC(C)C)C)CC(C)C)C)C)C)CC(C)C)C)C(C)C)CC(C)C)C)C,CC[C@H]1C(=O)N(CC(=O)N([C@H](C(=O)N[C@H](C(=O)N([C@H](C(=O)N[C@H](C(=O)N[C@@H](C(=O)N([C@H](C(=O)N([C@H](C(=O)N([C@H](C(=O)N([C@H](C(=O)N1)[C@@H]([C@H](C)C/C=C/C)O)C)C(C)C)C)CC(C)C)C)CC(C)C)C)C)C)CC(C)C)C)C(C)C)CC(C)C)C)C,397
drug_411e966a0a519d4714ec,Cyclothiazide,cyclothiazide,2910,C1C2CC(C1C=C2)C3NC4=CC(=C(C=C4S(=O)(=O)N3)S(=O)(=O)N)Cl,C1C2CC(C1C=C2)C3NC4=CC(=C(C=C4S(=O)(=O)N3)S(=O)(=O)N)Cl,398
drug_b22c0476092d4d29f7f5,Cyproheptadine,cyproheptadine,2913,CN1CCC(=C2C3=CC=CC=C3C=CC4=CC=CC=C42)CC1,CN1CCC(=C2C3=CC=CC=C3C=CC4=CC=CC=C42)CC1,399
drug_c51471e5c00ddf76a0f4,Cyproterone acetate,cyproterone acetate,9880,CC(=O)C1(CCC2C1(CCC3C2C=C(C4=CC(=O)C5CC5C34C)Cl)C)OC(=O)C,CC(=O)[C@]1(CC[C@@H]2[C@@]1(CC[C@H]3[C@H]2C=C(C4=CC(=O)[C@@H]5C[C@@H]5[C@]34C)Cl)C)OC(=O)C,400
drug_b1f68640819336274b1f,Cysteamine,cysteamine,6058,C(CS)N,C(CS)N,401
drug_3aab512cdb15c872e0a7,Cytarabine,cytarabine,6253,C1=CN(C(=O)N=C1N)C2C(C(C(O2)CO)O)O,C1=CN(C(=O)N=C1N)[C@H]2[C@H]([C@@H]([C@H](O2)CO)O)O,402
drug_8c19bc5d0f3110facb83,Dabigatran etexilate,dabigatran etexilate,135565674,CCCCCCOC(=O)NC(=N)C1=CC=C(C=C1)NCC2=NC3=C(N2C)C=CC(=C3)C(=O)N(CCC(=O)OCC)C4=CC=CC=N4,CCCCCCOC(=O)NC(=N)C1=CC=C(C=C1)NCC2=NC3=C(N2C)C=CC(=C3)C(=O)N(CCC(=O)OCC)C4=CC=CC=N4,403
drug_5bae8687db2479e071f0,Dabrafenib,dabrafenib,44462760,CC(C)(C)C1=NC(=C(S1)C2=NC(=NC=C2)N)C3=C(C(=CC=C3)NS(=O)(=O)C4=C(C=CC=C4F)F)F,CC(C)(C)C1=NC(=C(S1)C2=NC(=NC=C2)N)C3=C(C(=CC=C3)NS(=O)(=O)C4=C(C=CC=C4F)F)F,404
drug_1affa230a6e8943e4916,Dacarbazine,dacarbazine,135398738,CN(C)N=NC1=C(NC=N1)C(=O)N,CN(C)/N=N/C1=C(NC=N1)C(=O)N,405
drug_b0ee430221eb9b9b3dd6,Daclatasvir,daclatasvir,25154714,CC(C)C(C(=O)N1CCCC1C2=NC=C(N2)C3=CC=C(C=C3)C4=CC=C(C=C4)C5=CN=C(N5)C6CCCN6C(=O)C(C(C)C)NC(=O)OC)NC(=O)OC,CC(C)[C@@H](C(=O)N1CCC[C@H]1C2=NC=C(N2)C3=CC=C(C=C3)C4=CC=C(C=C4)C5=CN=C(N5)[C@@H]6CCCN6C(=O)[C@H](C(C)C)NC(=O)OC)NC(=O)OC,406
drug_c1a8802bacc0baa06d2e,Dactinomycin,dactinomycin,457193,CC1C(C(=O)NC(C(=O)N2CCCC2C(=O)N(CC(=O)N(C(C(=O)O1)C(C)C)C)C)C(C)C)NC(=O)C3=C4C(=C(C=C3)C)OC5=C(C(=O)C(=C(C5=N4)C(=O)NC6C(OC(=O)C(N(C(=O)CN(C(=O)C7CCCN7C(=O)C(NC6=O)C(C)C)C)C)C(C)C)C)N)C,C[C@@H]1[C@@H](C(=O)N[C@@H](C(=O)N2CCC[C@H]2C(=O)N(CC(=O)N([C@H](C(=O)O1)C(C)C)C)C)C(C)C)NC(=O)C3=C4C(=C(C=C3)C)OC5=C(C(=O)C(=C(C5=N4)C(=O)N[C@H]6[C@H](OC(=O)[C@@H](N(C(=O)CN(C(=O)[C@@H]7CCCN7C(=O)[C@H](NC6=O)C(C)C)C)C)C(C)C)C)N)C,407
drug_93047bc158832b0bccf9,Dalfampridine,dalfampridine,1727,C1=CN=CC=C1N,C1=CN=CC=C1N,408
drug_0466d51cda5bc2eecc11,Dalfopristin,dalfopristin,6323289,CCN(CC)CCS(=O)(=O)C1CCN2C1C(=O)OC(C(C=CC(=O)NCC=CC(=CC(CC(=O)CC3=NC(=CO3)C2=O)O)C)C)C(C)C,CCN(CC)CCS(=O)(=O)[C@@H]1CCN2[C@H]1C(=O)O[C@@H]([C@@H](/C=C/C(=O)NC/C=C/C(=C/[C@H](CC(=O)CC3=NC(=CO3)C2=O)O)/C)C)C(C)C,409
drug_e63ddb81083328d7b273,Danazol,danazol,28417,CC12CCC3C(C1CCC2(C#C)O)CCC4=CC5=C(CC34C)C=NO5,C[C@]12CC[C@H]3[C@H]([C@@H]1CC[C@]2(C#C)O)CCC4=CC5=C(C[C@]34C)C=NO5,410
drug_2e0f4ee03f0bdc661c46,Dantrolene,dantrolene,6914273,C1C(=O)NC(=O)N1N=CC2=CC=C(O2)C3=CC=C(C=C3)[N+](=O)[O-],C1C(=O)NC(=O)N1/N=C/C2=CC=C(O2)C3=CC=C(C=C3)[N+](=O)[O-],411
drug_caecc5e44b044eadfa15,Dapagliflozin,dapagliflozin,9887712,CCOC1=CC=C(C=C1)CC2=C(C=CC(=C2)C3C(C(C(C(O3)CO)O)O)O)Cl,CCOC1=CC=C(C=C1)CC2=C(C=CC(=C2)[C@H]3[C@@H]([C@H]([C@@H]([C@H](O3)CO)O)O)O)Cl,412
drug_ff70312315731b4dcbbd,Dapiprazole,dapiprazole,3033538,CC1=CC=CC=C1N2CCN(CC2)CCC3=NN=C4N3CCCC4,CC1=CC=CC=C1N2CCN(CC2)CCC3=NN=C4N3CCCC4,413
drug_440ff48ba1649c1c63ae,Dapsone,dapsone,2955,C1=CC(=CC=C1N)S(=O)(=O)C2=CC=C(C=C2)N,C1=CC(=CC=C1N)S(=O)(=O)C2=CC=C(C=C2)N,414
drug_ed9b166e7d6db12f6599,Daptomycin,daptomycin,21585658,CCCCCCCCCC(=O)NC(CC1=CNC2=CC=CC=C21)C(=O)NC(CC(=O)N)C(=O)NC(CC(=O)O)C(=O)NC3C(OC(=O)C(NC(=O)C(NC(=O)C(NC(=O)CNC(=O)C(NC(=O)C(NC(=O)C(NC(=O)C(NC(=O)CNC3=O)CCCN)CC(=O)O)C)CC(=O)O)CO)C(C)CC(=O)O)CC(=O)C4=CC=CC=C4N)C,CCCCCCCCCC(=O)N[C@@H](CC1=CNC2=CC=CC=C21)C(=O)N[C@H](CC(=O)N)C(=O)N[C@@H](CC(=O)O)C(=O)N[C@H]3[C@H](OC(=O)[C@@H](NC(=O)[C@@H](NC(=O)[C@H](NC(=O)CNC(=O)[C@@H](NC(=O)[C@H](NC(=O)[C@@H](NC(=O)[C@@H](NC(=O)CNC3=O)CCCN)CC(=O)O)C)CC(=O)O)CO)[C@H](C)CC(=O)O)CC(=O)C4=CC=CC=C4N)C,415
drug_e71fe8a0ebb2bd9a0e33,Darifenacin,darifenacin,444031,C1CN(CC1C(C2=CC=CC=C2)(C3=CC=CC=C3)C(=O)N)CCC4=CC5=C(C=C4)OCC5,C1CN(C[C@@H]1C(C2=CC=CC=C2)(C3=CC=CC=C3)C(=O)N)CCC4=CC5=C(C=C4)OCC5,416
drug_71648f40cecc6d736d52,Darunavir,darunavir,213039,CC(C)CN(CC(C(CC1=CC=CC=C1)NC(=O)OC2COC3C2CCO3)O)S(=O)(=O)C4=CC=C(C=C4)N,CC(C)CN(C[C@H]([C@H](CC1=CC=CC=C1)NC(=O)O[C@H]2CO[C@@H]3[C@H]2CCO3)O)S(=O)(=O)C4=CC=C(C=C4)N,417
drug_cc48bdfae535a7f1fa22,Dasabuvir,dasabuvir,56640146,CC(C)(C)C1=CC(=CC(=C1OC)C2=CC3=C(C=C2)C=C(C=C3)NS(=O)(=O)C)N4C=CC(=O)NC4=O,CC(C)(C)C1=CC(=CC(=C1OC)C2=CC3=C(C=C2)C=C(C=C3)NS(=O)(=O)C)N4C=CC(=O)NC4=O,418
drug_dedf77f2837dd0065509,Dasatinib,dasatinib,3062316,CC1=C(C(=CC=C1)Cl)NC(=O)C2=CN=C(S2)NC3=CC(=NC(=N3)C)N4CCN(CC4)CCO,CC1=C(C(=CC=C1)Cl)NC(=O)C2=CN=C(S2)NC3=CC(=NC(=N3)C)N4CCN(CC4)CCO,419
drug_ae5a18727fd5ece259d8,Daunorubicin,daunorubicin,30323,CC1C(C(CC(O1)OC2CC(CC3=C2C(=C4C(=C3O)C(=O)C5=C(C4=O)C(=CC=C5)OC)O)(C(=O)C)O)N)O,C[C@H]1[C@H]([C@H](C[C@@H](O1)O[C@H]2C[C@@](CC3=C2C(=C4C(=C3O)C(=O)C5=C(C4=O)C(=CC=C5)OC)O)(C(=O)C)O)N)O,420
drug_78486229699c157119ab,Debrisoquine,debrisoquine,2966,C1CN(CC2=CC=CC=C21)C(=N)N,C1CN(CC2=CC=CC=C21)C(=N)N,421
drug_f5077a8189778735fca4,Decamethonium,decamethonium,2968,C[N+](C)(C)CCCCCCCCCC[N+](C)(C)C,C[N+](C)(C)CCCCCCCCCC[N+](C)(C)C,422
drug_44e1b32827d4bfde7674,Decitabine,decitabine,451668,C1C(C(OC1N2C=NC(=NC2=O)N)CO)O,C1[C@@H]([C@H](O[C@H]1N2C=NC(=NC2=O)N)CO)O,423
drug_a43cf4617a70911230fb,Deferasirox,deferasirox,214348,C1=CC=C(C(=C1)C2=NN(C(=N2)C3=CC=CC=C3O)C4=CC=C(C=C4)C(=O)O)O,C1=CC=C(C(=C1)C2=NN(C(=N2)C3=CC=CC=C3O)C4=CC=C(C=C4)C(=O)O)O,424
drug_16a78f748cfffaef918d,Deferiprone,deferiprone,2972,CC1=C(C(=O)C=CN1C)O,CC1=C(C(=O)C=CN1C)O,425
drug_ab6b1d70d2520ce03a82,Deferoxamine,deferoxamine,2973,CC(=O)N(CCCCCNC(=O)CCC(=O)N(CCCCCNC(=O)CCC(=O)N(CCCCCN)O)O)O,CC(=O)N(CCCCCNC(=O)CCC(=O)N(CCCCCNC(=O)CCC(=O)N(CCCCCN)O)O)O,426
drug_0699a2e4095478e9cf5d,Deflazacort,deflazacort,189821,CC1=NC2(C(O1)CC3C2(CC(C4C3CCC5=CC(=O)C=CC45C)O)C)C(=O)COC(=O)C,CC1=N[C@@]2([C@H](O1)C[C@@H]3[C@@]2(C[C@@H]([C@H]4[C@H]3CCC5=CC(=O)C=C[C@]45C)O)C)C(=O)COC(=O)C,427
drug_1a54d5b8b34e294d0584,Degarelix,degarelix,16136245,CC(C)CC(C(=O)NC(CCCCNC(C)C)C(=O)N1CCCC1C(=O)NC(C)C(=O)N)NC(=O)C(CC2=CC=C(C=C2)NC(=O)N)NC(=O)C(CC3=CC=C(C=C3)NC(=O)C4CC(=O)NC(=O)N4)NC(=O)C(CO)NC(=O)C(CC5=CN=CC=C5)NC(=O)C(CC6=CC=C(C=C6)Cl)NC(=O)C(CC7=CC8=CC=CC=C8C=C7)NC(=O)C,C[C@H](C(=O)N)NC(=O)[C@@H]1CCCN1C(=O)[C@H](CCCCNC(C)C)NC(=O)[C@H](CC(C)C)NC(=O)[C@@H](CC2=CC=C(C=C2)NC(=O)N)NC(=O)[C@H](CC3=CC=C(C=C3)NC(=O)[C@@H]4CC(=O)NC(=O)N4)NC(=O)[C@H](CO)NC(=O)[C@@H](CC5=CN=CC=C5)NC(=O)[C@@H](CC6=CC=C(C=C6)Cl)NC(=O)[C@@H](CC7=CC8=CC=CC=C8C=C7)NC(=O)C,428
drug_937534167c6d94c8faa9,Delafloxacin,delafloxacin,487101,C1C(CN1C2=C(C=C3C(=C2Cl)N(C=C(C3=O)C(=O)O)C4=C(C=C(C(=N4)N)F)F)F)O,C1C(CN1C2=C(C=C3C(=C2Cl)N(C=C(C3=O)C(=O)O)C4=C(C=C(C(=N4)N)F)F)F)O,429
drug_d38f8192b9501ab21e08,Delavirdine,delavirdine,5625,CC(C)NC1=C(N=CC=C1)N2CCN(CC2)C(=O)C3=CC4=C(N3)C=CC(=C4)NS(=O)(=O)C,CC(C)NC1=C(N=CC=C1)N2CCN(CC2)C(=O)C3=CC4=C(N3)C=CC(=C4)NS(=O)(=O)C,430
drug_6f7eb8a6af62dc1e0776,Delorazepam,delorazepam,17925,C1C(=O)NC2=C(C=C(C=C2)Cl)C(=N1)C3=CC=CC=C3Cl,C1C(=O)NC2=C(C=C(C=C2)Cl)C(=N1)C3=CC=CC=C3Cl,431
drug_29fc93eff2926965570a,Demecarium,demecarium,5966,CN(CCCCCCCCCCN(C)C(=O)OC1=CC=CC(=C1)[N+](C)(C)C)C(=O)OC2=CC=CC(=C2)[N+](C)(C)C,CN(CCCCCCCCCCN(C)C(=O)OC1=CC=CC(=C1)[N+](C)(C)C)C(=O)OC2=CC=CC(=C2)[N+](C)(C)C,432
drug_87fd6f3667fe73f5992c,Demeclocycline,demeclocycline,54680690,CN(C)C1C2CC3C(C4=C(C=CC(=C4C(=C3C(=O)C2(C(=C(C1=O)C(=O)N)O)O)O)O)Cl)O,CN(C)[C@H]1[C@@H]2C[C@@H]3[C@@H](C4=C(C=CC(=C4C(=C3C(=O)[C@@]2(C(=C(C1=O)C(=O)N)O)O)O)O)Cl)O,433
drug_01afcd13b31c16375055,Deoxycholic acid,deoxycholic acid,222528,CC(CCC(=O)O)C1CCC2C1(C(CC3C2CCC4C3(CCC(C4)O)C)O)C,C[C@H](CCC(=O)O)[C@H]1CC[C@@H]2[C@@]1([C@H](C[C@H]3[C@H]2CC[C@H]4[C@@]3(CC[C@H](C4)O)C)O)C,434
drug_cb7cfa8ac91a831b5b43,Deserpidine,deserpidine,8550,COC1C(CC2CN3CCC4=C(C3CC2C1C(=O)OC)NC5=CC=CC=C45)OC(=O)C6=CC(=C(C(=C6)OC)OC)OC,CO[C@H]1[C@@H](C[C@@H]2CN3CCC4=C([C@H]3C[C@@H]2[C@@H]1C(=O)OC)NC5=CC=CC=C45)OC(=O)C6=CC(=C(C(=C6)OC)OC)OC,435
drug_d31919d30240a7b2c1a2,Desflurane,desflurane,42113,C(C(F)(F)F)(OC(F)F)F,C(C(F)(F)F)(OC(F)F)F,436
drug_e7d3246ee748af203672,Desipramine,desipramine,2995,CNCCCN1C2=CC=CC=C2CCC3=CC=CC=C31,CNCCCN1C2=CC=CC=C2CCC3=CC=CC=C31,437
drug_f73f7c894e46169b6c57,Deslanoside,deslanoside,28620,CC1C(C(CC(O1)OC2CCC3(C(C2)CCC4C3CC(C5(C4(CCC5C6=CC(=O)OC6)O)C)O)C)O)OC7CC(C(C(O7)C)OC8CC(C(C(O8)C)OC9C(C(C(C(O9)CO)O)O)O)O)O,C[C@@H]1[C@H]([C@H](C[C@@H](O1)O[C@H]2CC[C@]3([C@@H](C2)CC[C@@H]4[C@@H]3C[C@H]([C@]5([C@@]4(CC[C@@H]5C6=CC(=O)OC6)O)C)O)C)O)O[C@H]7C[C@@H]([C@@H]([C@H](O7)C)O[C@H]8C[C@@H]([C@@H]([C@H](O8)C)O[C@H]9[C@@H]([C@H]([C@@H]([C@H](O9)CO)O)O)O)O)O,438
drug_1933ca8ee2cd9e739577,Desloratadine,desloratadine,124087,C1CC2=C(C=CC(=C2)Cl)C(=C3CCNCC3)C4=C1C=CC=N4,C1CC2=C(C=CC(=C2)Cl)C(=C3CCNCC3)C4=C1C=CC=N4,439
drug_5b34c410a1475413467d,Desmopressin,desmopressin,5311065,C1CC(N(C1)C(=O)C2CSSCCC(=O)NC(C(=O)NC(C(=O)NC(C(=O)NC(C(=O)N2)CC(=O)N)CCC(=O)N)CC3=CC=CC=C3)CC4=CC=C(C=C4)O)C(=O)NC(CCCN=C(N)N)C(=O)NCC(=O)N,C1C[C@H](N(C1)C(=O)[C@@H]2CSSCCC(=O)N[C@H](C(=O)N[C@H](C(=O)N[C@H](C(=O)N[C@H](C(=O)N2)CC(=O)N)CCC(=O)N)CC3=CC=CC=C3)CC4=CC=C(C=C4)O)C(=O)N[C@H](CCCN=C(N)N)C(=O)NCC(=O)N,440
drug_4688af8443c04d86d380,Desogestrel,desogestrel,40973,CCC12CC(=C)C3C(C1CCC2(C#C)O)CCC4=CCCCC34,CC[C@]12CC(=C)[C@H]3[C@H]([C@@H]1CC[C@]2(C#C)O)CCC4=CCCC[C@H]34,441
drug_3cc7768811004469f6bf,Desonide,desonide,5311066,CC1(OC2CC3C4CCC5=CC(=O)C=CC5(C4C(CC3(C2(O1)C(=O)CO)C)O)C)C,C[C@]12C[C@@H]([C@H]3[C@H]([C@@H]1C[C@@H]4[C@]2(OC(O4)(C)C)C(=O)CO)CCC5=CC(=O)C=C[C@]35C)O,442
drug_fc9c53f3ac3be0230f63,Desoximetasone,desoximetasone,5311067,CC1CC2C3CCC4=CC(=O)C=CC4(C3(C(CC2(C1C(=O)CO)C)O)F)C,C[C@@H]1C[C@H]2[C@@H]3CCC4=CC(=O)C=C[C@@]4([C@]3([C@H](C[C@@]2([C@H]1C(=O)CO)C)O)F)C,443
drug_a13494970f6c9c01fce1,Desvenlafaxine,desvenlafaxine,125017,CN(C)CC(C1=CC=C(C=C1)O)C2(CCCCC2)O,CN(C)CC(C1=CC=C(C=C1)O)C2(CCCCC2)O,444
drug_25ae6c55505ba6f26bb8,Deutetrabenazine,deutetrabenazine,73442840,CC(C)CC1CN2CCC3=CC(=C(C=C3C2CC1=O)OC)OC,[2H]C([2H])([2H])OC1=C(C=C2[C@@H]3CC(=O)[C@H](CN3CCC2=C1)CC(C)C)OC([2H])([2H])[2H],445
drug_282fe35deb80077fdc66,Dexamethasone,dexamethasone,5743,CC1CC2C3CCC4=CC(=O)C=CC4(C3(C(CC2(C1(C(=O)CO)O)C)O)F)C,C[C@@H]1C[C@H]2[C@@H]3CCC4=CC(=O)C=C[C@@]4([C@]3([C@H](C[C@@]2([C@]1(C(=O)CO)O)C)O)F)C,446
drug_90bd5074888f9fd17af3,Dexbrompheniramine,dexbrompheniramine,16960,CN(C)CCC(C1=CC=C(C=C1)Br)C2=CC=CC=N2,CN(C)CC[C@@H](C1=CC=C(C=C1)Br)C2=CC=CC=N2,447
drug_f25ef325319cacaea8a7,Dexchlorpheniramine maleate,dexchlorpheniramine maleate,5281070,CN(C)CCC(C1=CC=C(C=C1)Cl)C2=CC=CC=N2.C(=CC(=O)O)C(=O)O,CN(C)CC[C@@H](C1=CC=C(C=C1)Cl)C2=CC=CC=N2.C(=C\C(=O)O)\C(=O)O,448
drug_dd503092b2be3fa69148,Dexfenfluramine,dexfenfluramine,66265,CCNC(C)CC1=CC(=CC=C1)C(F)(F)F,CCN[C@@H](C)CC1=CC(=CC=C1)C(F)(F)F,449
drug_4cfb698c3437f2ea0c91,Dexketoprofen,dexketoprofen,667550,CC(C1=CC(=CC=C1)C(=O)C2=CC=CC=C2)C(=O)O,C[C@@H](C1=CC(=CC=C1)C(=O)C2=CC=CC=C2)C(=O)O,450
drug_77aba7793e3a1a0cd6c9,Dexlansoprazole,dexlansoprazole,9578005,CC1=C(C=CN=C1CS(=O)C2=NC3=CC=CC=C3N2)OCC(F)(F)F,CC1=C(C=CN=C1C[S@@](=O)C2=NC3=CC=CC=C3N2)OCC(F)(F)F,451
drug_86da901376b2540d6d17,Dexmedetomidine,dexmedetomidine,5311068,CC1=C(C(=CC=C1)C(C)C2=CN=CN2)C,CC1=C(C(=CC=C1)[C@H](C)C2=CN=CN2)C,452
drug_93f7aaea93aee1e1de29,Dexmethylphenidate,dexmethylphenidate,154101,COC(=O)C(C1CCCCN1)C2=CC=CC=C2,COC(=O)[C@@H]([C@H]1CCCCN1)C2=CC=CC=C2,453
drug_ab3a49299051ab9fc171,Dexrazoxane,dexrazoxane,71384,CC(CN1CC(=O)NC(=O)C1)N2CC(=O)NC(=O)C2,C[C@@H](CN1CC(=O)NC(=O)C1)N2CC(=O)NC(=O)C2,454
drug_4259b0cbd0c2640dabe4,Dextroamphetamine,dextroamphetamine,5826,CC(CC1=CC=CC=C1)N,C[C@@H](CC1=CC=CC=C1)N,455
drug_4c6a976e94fb877a4cd5,Dextromethorphan,dextromethorphan,5360696,CN1CCC23CCCCC2C1CC4=C3C=C(C=C4)OC,CN1CC[C@@]23CCCC[C@@H]2[C@@H]1CC4=C3C=C(C=C4)OC,456
drug_21341f5dfa64d3caace4,Dextropropoxyphene,dextropropoxyphene,10100,CCC(=O)OC(CC1=CC=CC=C1)(C2=CC=CC=C2)C(C)CN(C)C,CCC(=O)O[C@](CC1=CC=CC=C1)(C2=CC=CC=C2)[C@H](C)CN(C)C,457
drug_be92dbc9b871305a89f8,Dezocine,dezocine,3033053,CC12CCCCCC(C1N)CC3=C2C=C(C=C3)O,C[C@]12CCCCC[C@H]([C@@H]1N)CC3=C2C=C(C=C3)O,458
drug_d4e63b165e9adcb041f9,Diacerein,diacerein,26248,CC(=O)OC1=CC=CC2=C1C(=O)C3=C(C2=O)C=C(C=C3OC(=O)C)C(=O)O,CC(=O)OC1=CC=CC2=C1C(=O)C3=C(C2=O)C=C(C=C3OC(=O)C)C(=O)O,459
drug_bd67f2c70cdb43368a4e,Diamorphine,diamorphine,5462328,CC(=O)OC1C=CC2C3CC4=C5C2(C1OC5=C(C=C4)OC(=O)C)CCN3C,CC(=O)O[C@H]1C=C[C@H]2[C@H]3CC4=C5[C@]2([C@H]1OC5=C(C=C4)OC(=O)C)CCN3C,460
drug_dee038320b82bb555d07,Diatrizoate,diatrizoate,2140,CC(=O)NC1=C(C(=C(C(=C1I)C(=O)O)I)NC(=O)C)I,CC(=O)NC1=C(C(=C(C(=C1I)C(=O)O)I)NC(=O)C)I,461
drug_b3e0f6359133644a2afd,Diazepam,diazepam,3016,CN1C(=O)CN=C(C2=C1C=CC(=C2)Cl)C3=CC=CC=C3,CN1C(=O)CN=C(C2=C1C=CC(=C2)Cl)C3=CC=CC=C3,462
drug_c0daf2a7f0e5ebe09840,Diazoxide,diazoxide,3019,CC1=NS(=O)(=O)C2=C(N1)C=CC(=C2)Cl,CC1=NS(=O)(=O)C2=C(N1)C=CC(=C2)Cl,463
drug_a582495b597ecfc7bfb9,Diclofenac,diclofenac,3033,C1=CC=C(C(=C1)CC(=O)O)NC2=C(C=CC=C2Cl)Cl,C1=CC=C(C(=C1)CC(=O)O)NC2=C(C=CC=C2Cl)Cl,464
drug_b50001b6e15093dfd93e,Diclofenamide,diclofenamide,3038,C1=C(C=C(C(=C1S(=O)(=O)N)Cl)Cl)S(=O)(=O)N,C1=C(C=C(C(=C1S(=O)(=O)N)Cl)Cl)S(=O)(=O)N,465
drug_1f8a7defe4e056c387aa,Dicloxacillin,dicloxacillin,18381,CC1=C(C(=NO1)C2=C(C=CC=C2Cl)Cl)C(=O)NC3C4N(C3=O)C(C(S4)(C)C)C(=O)O,CC1=C(C(=NO1)C2=C(C=CC=C2Cl)Cl)C(=O)N[C@H]3[C@@H]4N(C3=O)[C@H](C(S4)(C)C)C(=O)O,466
drug_6f253f7bad72908c38f6,Dicoumarol,dicoumarol,54676038,C1=CC=C2C(=C1)C(=C(C(=O)O2)CC3=C(C4=CC=CC=C4OC3=O)O)O,C1=CC=C2C(=C1)C(=C(C(=O)O2)CC3=C(C4=CC=CC=C4OC3=O)O)O,467
drug_2b32a0dc8fe94c518eee,Dicyclomine,dicyclomine,3042,CCN(CC)CCOC(=O)C1(CCCCC1)C2CCCCC2,CCN(CC)CCOC(=O)C1(CCCCC1)C2CCCCC2,468
drug_063a2c2e0744c26ab904,Didanosine,didanosine,135398739,C1CC(OC1CO)N2C=NC3=C2N=CNC3=O,C1C[C@@H](O[C@@H]1CO)N2C=NC3=C2N=CNC3=O,469
drug_0d404b93c9973929285e,Dienestrol,dienestrol,667476,CC=C(C1=CC=C(C=C1)O)C(=CC)C2=CC=C(C=C2)O,C/C=C(/C(=C/C)/C1=CC=C(C=C1)O)\C2=CC=C(C=C2)O,470
drug_f22b921fdb0c58666a28,Dienogest,dienogest,68861,CC12CCC3=C4CCC(=O)C=C4CCC3C1CCC2(CC#N)O,C[C@]12CCC3=C4CCC(=O)C=C4CC[C@H]3[C@@H]1CC[C@]2(CC#N)O,471
drug_50a0cbb0ea5ef6eed278,Diethylcarbamazine,diethylcarbamazine,3052,CCN(CC)C(=O)N1CCN(CC1)C,CCN(CC)C(=O)N1CCN(CC1)C,472
drug_18e8b586772757a9afa8,Diethylpropion,diethylpropion,7029,CCN(CC)C(C)C(=O)C1=CC=CC=C1,CCN(CC)C(C)C(=O)C1=CC=CC=C1,473
drug_bb9224fe2eb2b750ec25,Diethylstilbestrol,diethylstilbestrol,448537,CCC(=C(CC)C1=CC=C(C=C1)O)C2=CC=C(C=C2)O,CC/C(=C(/CC)\C1=CC=C(C=C1)O)/C2=CC=C(C=C2)O,474
drug_0773040ccaf92ca4ca2c,Difenoxin,difenoxin,34328,C1CN(CCC1(C2=CC=CC=C2)C(=O)O)CCC(C#N)(C3=CC=CC=C3)C4=CC=CC=C4,C1CN(CCC1(C2=CC=CC=C2)C(=O)O)CCC(C#N)(C3=CC=CC=C3)C4=CC=CC=C4,475
drug_4bba4734f8fe35380b6c,Diflorasone,diflorasone,71415,CC1CC2C3CC(C4=CC(=O)C=CC4(C3(C(CC2(C1(C(=O)CO)O)C)O)F)C)F,C[C@H]1C[C@H]2[C@@H]3C[C@@H](C4=CC(=O)C=C[C@@]4([C@]3([C@H](C[C@@]2([C@]1(C(=O)CO)O)C)O)F)C)F,476
drug_ad92f02fde61eb29617a,Diflunisal,diflunisal,3059,C1=CC(=C(C=C1C2=C(C=C(C=C2)F)F)C(=O)O)O,C1=CC(=C(C=C1C2=C(C=C(C=C2)F)F)C(=O)O)O,477
drug_cdc261e362e0a4cfa7d0,Difluocortolone,difluocortolone,11954369,CC1CC2C3CC(C4=CC(=O)C=CC4(C3(C(CC2(C1C(=O)CO)C)O)F)C)F,C[C@@H]1C[C@H]2[C@@H]3C[C@@H](C4=CC(=O)C=C[C@@]4([C@]3([C@H](C[C@@]2([C@H]1C(=O)CO)C)O)F)C)F,478
drug_ead6fcebebb61fe141b3,Difluprednate,difluprednate,443936,CCCC(=O)OC1(CCC2C1(CC(C3(C2CC(C4=CC(=O)C=CC43C)F)F)O)C)C(=O)COC(=O)C,CCCC(=O)O[C@@]1(CC[C@@H]2[C@@]1(C[C@@H]([C@]3([C@H]2C[C@@H](C4=CC(=O)C=C[C@@]43C)F)F)O)C)C(=O)COC(=O)C,479
drug_4e3ae8c09d364e60d040,Digitoxin,digitoxin,441207,CC1C(C(CC(O1)OC2C(OC(CC2O)OC3C(OC(CC3O)OC4CCC5(C(C4)CCC6C5CCC7(C6(CCC7C8=CC(=O)OC8)O)C)C)C)C)O)O,C[C@@H]1[C@H]([C@H](C[C@@H](O1)O[C@@H]2[C@H](O[C@H](C[C@@H]2O)O[C@@H]3[C@H](O[C@H](C[C@@H]3O)O[C@H]4CC[C@]5([C@@H](C4)CC[C@@H]6[C@@H]5CC[C@]7([C@@]6(CC[C@@H]7C8=CC(=O)OC8)O)C)C)C)C)O)O,480
drug_0103bbf84ff0c39d123a,Digoxin,digoxin,2724385,CC1C(C(CC(O1)OC2C(OC(CC2O)OC3C(OC(CC3O)OC4CCC5(C(C4)CCC6C5CC(C7(C6(CCC7C8=CC(=O)OC8)O)C)O)C)C)C)O)O,C[C@@H]1[C@H]([C@H](C[C@@H](O1)O[C@@H]2[C@H](O[C@H](C[C@@H]2O)O[C@@H]3[C@H](O[C@H](C[C@@H]3O)O[C@H]4CC[C@]5([C@@H](C4)CC[C@@H]6[C@@H]5C[C@H]([C@]7([C@@]6(CC[C@@H]7C8=CC(=O)OC8)O)C)O)C)C)C)O)O,481
drug_0c11c272e9dd5bda1562,Dihydrocodeine,dihydrocodeine,5284543,CN1CCC23C4C1CC5=C2C(=C(C=C5)OC)OC3C(CC4)O,CN1CC[C@]23[C@@H]4[C@H]1CC5=C2C(=C(C=C5)OC)O[C@H]3[C@H](CC4)O,482
drug_b36bd6becf473724ca99,Dihydroergotamine,dihydroergotamine,10531,CC1(C(=O)N2C(C(=O)N3CCCC3C2(O1)O)CC4=CC=CC=C4)NC(=O)C5CC6C(CC7=CNC8=CC=CC6=C78)N(C5)C,C[C@@]1(C(=O)N2[C@H](C(=O)N3CCC[C@H]3[C@@]2(O1)O)CC4=CC=CC=C4)NC(=O)[C@@H]5C[C@H]6[C@@H](CC7=CNC8=CC=CC6=C78)N(C5)C,483
drug_c2f2b181da1bdee53b51,Dihydrotachysterol,dihydrotachysterol,5311071,CC1CCC(CC1=CC=C2CCCC3(C2CCC3C(C)C=CC(C)C(C)C)C)O,C[C@H]\1CC[C@@H](C/C1=C\C=C\2/CCC[C@]3([C@H]2CC[C@@H]3[C@H](C)/C=C/[C@H](C)C(C)C)C)O,484
drug_3c884926a90c01150cb6,Diltiazem,diltiazem,39186,CC(=O)OC1C(SC2=CC=CC=C2N(C1=O)CCN(C)C)C3=CC=C(C=C3)OC,CC(=O)O[C@@H]1[C@@H](SC2=CC=CC=C2N(C1=O)CCN(C)C)C3=CC=C(C=C3)OC,485
drug_7a495b9437afb27246ff,Dimenhydrinate,dimenhydrinate,10660,CN1C2=C(C(=O)N(C1=O)C)NC(=N2)Cl.CN(C)CCOC(C1=CC=CC=C1)C2=CC=CC=C2,CN1C2=C(C(=O)N(C1=O)C)NC(=N2)Cl.CN(C)CCOC(C1=CC=CC=C1)C2=CC=CC=C2,486
drug_054c2be34304d9a56ffd,Dimercaprol,dimercaprol,3080,C(C(CS)S)O,C(C(CS)S)O,487
drug_d4ab918af5e0c064f54d,Dimetacrine,dimetacrine,94280,CC1(C2=CC=CC=C2N(C3=CC=CC=C31)CCCN(C)C)C,CC1(C2=CC=CC=C2N(C3=CC=CC=C31)CCCN(C)C)C,488
drug_f20a2d8c55d6b2671f8e,Dimethyl fumarate,dimethyl fumarate,637568,COC(=O)C=CC(=O)OC,COC(=O)/C=C/C(=O)OC,489
drug_af25d0a0258b10118075,Dimethyl sulfoxide,dimethyl sulfoxide,679,CS(=O)C,CS(=O)C,490
drug_df2ea0de6192735d93ec,Dimetindene,dimetindene,21855,CC(C1=CC=CC=N1)C2=C(CC3=CC=CC=C32)CCN(C)C,CC(C1=CC=CC=N1)C2=C(CC3=CC=CC=C32)CCN(C)C,491
drug_7de12ccaea40a2e0bf24,Dimetotiazine,dimetotiazine,3089,CC(CN1C2=CC=CC=C2SC3=C1C=C(C=C3)S(=O)(=O)N(C)C)N(C)C,CC(CN1C2=CC=CC=C2SC3=C1C=C(C=C3)S(=O)(=O)N(C)C)N(C)C,492
drug_a95b2afcef5c4facfa5a,Dinoprost tromethamine,dinoprost tromethamine,5282415,CCCCCC(C=CC1C(CC(C1CC=CCCCC(=O)O)O)O)O.C(C(CO)(CO)N)O,CCCCC[C@@H](/C=C/[C@H]1[C@@H](C[C@@H]([C@@H]1C/C=C\CCCC(=O)O)O)O)O.C(C(CO)(CO)N)O,493
drug_4524c50ea4ad1c9a0072,Dinoprostone,dinoprostone,5280360,CCCCCC(C=CC1C(CC(=O)C1CC=CCCCC(=O)O)O)O,CCCCC[C@@H](/C=C/[C@H]1[C@@H](CC(=O)[C@@H]1C/C=C\CCCC(=O)O)O)O,494
drug_a21f9dccbffd4c02fadd,Diphenhydramine,diphenhydramine,3100,CN(C)CCOC(C1=CC=CC=C1)C2=CC=CC=C2,CN(C)CCOC(C1=CC=CC=C1)C2=CC=CC=C2,495
drug_a855958820efe2d4a98d,Diphenoxylate,diphenoxylate,13505,CCOC(=O)C1(CCN(CC1)CCC(C#N)(C2=CC=CC=C2)C3=CC=CC=C3)C4=CC=CC=C4,CCOC(=O)C1(CCN(CC1)CCC(C#N)(C2=CC=CC=C2)C3=CC=CC=C3)C4=CC=CC=C4,496
drug_f59b0f9fd4afa9c83776,Dipivefrin,dipivefrin,3105,CC(C)(C)C(=O)OC1=C(C=C(C=C1)C(CNC)O)OC(=O)C(C)(C)C,CC(C)(C)C(=O)OC1=C(C=C(C=C1)C(CNC)O)OC(=O)C(C)(C)C,497
drug_fbc3b500db2914e9545c,Dipotassium phosphate,dipotassium phosphate,24450,OP(=O)([O-])[O-].[K+].[K+],OP(=O)([O-])[O-].[K+].[K+],498
drug_258809e1ca94cab056a4,Dipyridamole,dipyridamole,3108,C1CCN(CC1)C2=NC(=NC3=C2N=C(N=C3N4CCCCC4)N(CCO)CCO)N(CCO)CCO,C1CCN(CC1)C2=NC(=NC3=C2N=C(N=C3N4CCCCC4)N(CCO)CCO)N(CCO)CCO,499
drug_cf3c0ae421e8c4b3e8d1,Dirithromycin,dirithromycin,6473883,CCC1C(C2C(C(C(CC(C(C(C(C(C(=O)O1)C)OC3CC(C(C(O3)C)O)(C)OC)C)OC4C(C(CC(O4)C)N(C)C)O)(C)O)C)NC(O2)COCCOC)C)(C)O,CC[C@@H]1[C@@]([C@H]2[C@H]([C@H]([C@@H](C[C@@]([C@@H]([C@H]([C@@H]([C@H](C(=O)O1)C)O[C@H]3C[C@@]([C@H]([C@@H](O3)C)O)(C)OC)C)O[C@H]4[C@@H]([C@H](C[C@H](O4)C)N(C)C)O)(C)O)C)N[C@H](O2)COCCOC)C)(C)O,500
drug_faae5e6785efe195f0bc,Disopyramide,disopyramide,3114,CC(C)N(CCC(C1=CC=CC=C1)(C2=CC=CC=N2)C(=O)N)C(C)C,CC(C)N(CCC(C1=CC=CC=C1)(C2=CC=CC=N2)C(=O)N)C(C)C,501
drug_d3fa7843f2046655717a,Disulfiram,disulfiram,3117,CCN(CC)C(=S)SSC(=S)N(CC)CC,CCN(CC)C(=S)SSC(=S)N(CC)CC,502
drug_f0b4ddf813860e871f9e,Ditazole,ditazole,29088,C1=CC=C(C=C1)C2=C(OC(=N2)N(CCO)CCO)C3=CC=CC=C3,C1=CC=C(C=C1)C2=C(OC(=N2)N(CCO)CCO)C3=CC=CC=C3,503
drug_ed9248cd97aae815ec3e,Dobutamine,dobutamine,36811,CC(CCC1=CC=C(C=C1)O)NCCC2=CC(=C(C=C2)O)O,CC(CCC1=CC=C(C=C1)O)NCCC2=CC(=C(C=C2)O)O,504
drug_1ad915ad9e2a88e7c267,Docetaxel,docetaxel,148124,CC1=C2C(C(=O)C3(C(CC4C(C3C(C(C2(C)C)(CC1OC(=O)C(C(C5=CC=CC=C5)NC(=O)OC(C)(C)C)O)O)OC(=O)C6=CC=CC=C6)(CO4)OC(=O)C)O)C)O,CC1=C2[C@H](C(=O)[C@@]3([C@H](C[C@@H]4[C@]([C@H]3[C@@H]([C@@](C2(C)C)(C[C@@H]1OC(=O)[C@@H]([C@H](C5=CC=CC=C5)NC(=O)OC(C)(C)C)O)O)OC(=O)C6=CC=CC=C6)(CO4)OC(=O)C)O)C)O,505
drug_3c2710295dd5d7190d25,Doconexent,doconexent,445580,CCC=CCC=CCC=CCC=CCC=CCC=CCCC(=O)O,CC/C=C\C/C=C\C/C=C\C/C=C\C/C=C\C/C=C\CCC(=O)O,506
drug_c6a6672c89f2b120dad4,Dofetilide,dofetilide,71329,CN(CCC1=CC=C(C=C1)NS(=O)(=O)C)CCOC2=CC=C(C=C2)NS(=O)(=O)C,CN(CCC1=CC=C(C=C1)NS(=O)(=O)C)CCOC2=CC=C(C=C2)NS(=O)(=O)C,507
drug_e1521f80340fe4d7e167,Dolasetron,dolasetron,3033818,C1C2CC3CC(CC1N3CC2=O)OC(=O)C4=CNC5=CC=CC=C54,C1[C@@H]2CC(C[C@H]3N2CC(=O)C1C3)OC(=O)C4=CNC5=CC=CC=C54,508
drug_84b77879dd20741aa803,Dolutegravir,dolutegravir,54726191,CC1CCOC2N1C(=O)C3=C(C(=O)C(=CN3C2)C(=O)NCC4=C(C=C(C=C4)F)F)O,C[C@@H]1CCO[C@@H]2N1C(=O)C3=C(C(=O)C(=CN3C2)C(=O)NCC4=C(C=C(C=C4)F)F)O,509
drug_c03b9303756f6b29e760,Domperidone,domperidone,3151,C1CN(CCC1N2C3=C(C=C(C=C3)Cl)NC2=O)CCCN4C5=CC=CC=C5NC4=O,C1CN(CCC1N2C3=C(C=C(C=C3)Cl)NC2=O)CCCN4C5=CC=CC=C5NC4=O,510
drug_a40bf5125433dead454f,Donepezil,donepezil,3152,COC1=C(C=C2C(=C1)CC(C2=O)CC3CCN(CC3)CC4=CC=CC=C4)OC,COC1=C(C=C2C(=C1)CC(C2=O)CC3CCN(CC3)CC4=CC=CC=C4)OC,511
drug_96cae9d2238bef8e6a5f,Dopamine,dopamine,681,C1=CC(=C(C=C1CCN)O)O,C1=CC(=C(C=C1CCN)O)O,512
drug_ed49b2a81f4ef6bf5779,Doripenem,doripenem,73303,CC1C2C(C(=O)N2C(=C1SC3CC(NC3)CNS(=O)(=O)N)C(=O)O)C(C)O,C[C@@H]1[C@@H]2[C@H](C(=O)N2C(=C1S[C@H]3C[C@H](NC3)CNS(=O)(=O)N)C(=O)O)[C@@H](C)O,513
drug_5664248743d23553ec12,Dorzolamide,dorzolamide,5284549,CCNC1CC(S(=O)(=O)C2=C1C=C(S2)S(=O)(=O)N)C,CCN[C@H]1C[C@@H](S(=O)(=O)C2=C1C=C(S2)S(=O)(=O)N)C,514
drug_ee66708e770ce27bbcc4,Dosulepin,dosulepin,5284550,CN(C)CCC=C1C2=CC=CC=C2CSC3=CC=CC=C31,CN(C)CC/C=C/1\C2=CC=CC=C2CSC3=CC=CC=C31,515
drug_21e3d5a7c5573d0f63cb,Dotatate gallium Ga-68,dotatate gallium ga-68,131634491,CC(C1C(=O)NC(CSSCC(C(=O)NC(C(=O)NC(C(=O)NC(C(=O)N1)CCCCN)CC2=CNC3=CC=CC=C32)CC4=CC=C(C=C4)O)NC(=O)C(CC5=CC=CC=C5)NC(=O)CN6CCN(CCN(CCN(CC6)CC(=O)[O-])CC(=O)[O-])CC(=O)[O-])C(=O)NC(C(C)O)C(=O)O)O.[Ga+3],C[C@H]([C@H]1C(=O)N[C@@H](CSSC[C@@H](C(=O)N[C@H](C(=O)N[C@@H](C(=O)N[C@H](C(=O)N1)CCCCN)CC2=CNC3=CC=CC=C32)CC4=CC=C(C=C4)O)NC(=O)[C@@H](CC5=CC=CC=C5)NC(=O)CN6CCN(CCN(CCN(CC6)CC(=O)[O-])CC(=O)[O-])CC(=O)[O-])C(=O)N[C@@H]([C@@H](C)O)C(=O)O)O.[68Ga+3],516
drug_806dff93cd9e97a94143,Doxacurium,doxacurium,60169,C[N+]1(CCC2=CC(=C(C(=C2C1CC3=CC(=C(C(=C3)OC)OC)OC)OC)OC)OC)CCCOC(=O)CCC(=O)OCCC[N+]4(CCC5=CC(=C(C(=C5C4CC6=CC(=C(C(=C6)OC)OC)OC)OC)OC)OC)C,C[N+]1(CCC2=CC(=C(C(=C2C1CC3=CC(=C(C(=C3)OC)OC)OC)OC)OC)OC)CCCOC(=O)CCC(=O)OCCC[N+]4(CCC5=CC(=C(C(=C5C4CC6=CC(=C(C(=C6)OC)OC)OC)OC)OC)OC)C,517
drug_7599ed23adf8fe0ef0ef,Doxapram,doxapram,3156,CCN1CC(C(C1=O)(C2=CC=CC=C2)C3=CC=CC=C3)CCN4CCOCC4,CCN1CC(C(C1=O)(C2=CC=CC=C2)C3=CC=CC=C3)CCN4CCOCC4,518
drug_5f3a1b0a19903d6f1c29,Doxazosin,doxazosin,3157,COC1=C(C=C2C(=C1)C(=NC(=N2)N3CCN(CC3)C(=O)C4COC5=CC=CC=C5O4)N)OC,COC1=C(C=C2C(=C1)C(=NC(=N2)N3CCN(CC3)C(=O)C4COC5=CC=CC=C5O4)N)OC,519
drug_b4cd1b8a5a1873702506,Doxepin,doxepin,3158,CN(C)CCC=C1C2=CC=CC=C2COC3=CC=CC=C31,CN(C)CCC=C1C2=CC=CC=C2COC3=CC=CC=C31,520
drug_07db75a0def8b2d59a8d,Doxercalciferol,doxercalciferol,5281107,CC(C)C(C)C=CC(C)C1CCC2C1(CCCC2=CC=C3CC(CC(C3=C)O)O)C,C[C@H](/C=C/[C@H](C)C(C)C)[C@H]1CC[C@@H]\2[C@@]1(CCC/C2=C\C=C/3\C[C@H](C[C@@H](C3=C)O)O)C,521
drug_2bea5d5dac025aa73b35,Doxofylline,doxofylline,50942,CN1C2=C(C(=O)N(C1=O)C)N(C=N2)CC3OCCO3,CN1C2=C(C(=O)N(C1=O)C)N(C=N2)CC3OCCO3,522
drug_79d0927b37b4b0a1efeb,Doxorubicin,doxorubicin,31703,CC1C(C(CC(O1)OC2CC(CC3=C2C(=C4C(=C3O)C(=O)C5=C(C4=O)C(=CC=C5)OC)O)(C(=O)CO)O)N)O,C[C@H]1[C@H]([C@H](C[C@@H](O1)O[C@H]2C[C@@](CC3=C2C(=C4C(=C3O)C(=O)C5=C(C4=O)C(=CC=C5)OC)O)(C(=O)CO)O)N)O,523
drug_fdd3e3ccc9517e97019a,Doxycycline,doxycycline,54671203,CC1C2C(C3C(C(=O)C(=C(C3(C(=O)C2=C(C4=C1C=CC=C4O)O)O)O)C(=O)N)N(C)C)O,C[C@@H]1[C@H]2[C@@H]([C@H]3[C@@H](C(=O)C(=C([C@]3(C(=O)C2=C(C4=C1C=CC=C4O)O)O)O)C(=O)N)N(C)C)O,524
drug_9c7cc54bae1e4c8c237b,Doxylamine,doxylamine,3162,CC(C1=CC=CC=C1)(C2=CC=CC=N2)OCCN(C)C,CC(C1=CC=CC=C1)(C2=CC=CC=N2)OCCN(C)C,525
drug_cbf31a9e15b196202c78,Dronabinol,dronabinol,16078,CCCCCC1=CC(=C2C3C=C(CCC3C(OC2=C1)(C)C)C)O,CCCCCC1=CC(=C2[C@@H]3C=C(CC[C@H]3C(OC2=C1)(C)C)C)O,526
drug_752f724885a26e0d4e3a,Dronedarone,dronedarone,208898,CCCCC1=C(C2=C(O1)C=CC(=C2)NS(=O)(=O)C)C(=O)C3=CC=C(C=C3)OCCCN(CCCC)CCCC,CCCCC1=C(C2=C(O1)C=CC(=C2)NS(=O)(=O)C)C(=O)C3=CC=C(C=C3)OCCCN(CCCC)CCCC,527
drug_45105751fb115350b52c,Droperidol,droperidol,3168,C1CN(CC=C1N2C3=CC=CC=C3NC2=O)CCCC(=O)C4=CC=C(C=C4)F,C1CN(CC=C1N2C3=CC=CC=C3NC2=O)CCCC(=O)C4=CC=C(C=C4)F,528
drug_c34b6a86755cc89cf72d,Drospirenone,drospirenone,68873,CC12CCC(=O)C=C1C3CC3C4C2CCC5(C4C6CC6C57CCC(=O)O7)C,C[C@]12CCC(=O)C=C1[C@@H]3C[C@@H]3[C@@H]4[C@@H]2CC[C@]5([C@H]4[C@@H]6C[C@@H]6[C@@]57CCC(=O)O7)C,529
drug_fff55bc31aff0b68c457,Droxicam,droxicam,65679,CN1C2=C(C3=CC=CC=C3S1(=O)=O)OC(=O)N(C2=O)C4=CC=CC=N4,CN1C2=C(C3=CC=CC=C3S1(=O)=O)OC(=O)N(C2=O)C4=CC=CC=N4,530
drug_60f997e820c4ef2d6d1f,Droxidopa,droxidopa,92974,C1=CC(=C(C=C1C(C(C(=O)O)N)O)O)O,C1=CC(=C(C=C1[C@H]([C@@H](C(=O)O)N)O)O)O,531
drug_11f64ad3e91968c3f364,Duloxetine,duloxetine,60835,CNCCC(C1=CC=CS1)OC2=CC=CC3=CC=CC=C32,CNCC[C@@H](C1=CC=CS1)OC2=CC=CC3=CC=CC=C32,532
drug_18bf1d6e03f0ffc5dcdf,Dutasteride,dutasteride,6918296,CC12CCC3C(C1CCC2C(=O)NC4=C(C=CC(=C4)C(F)(F)F)C(F)(F)F)CCC5C3(C=CC(=O)N5)C,C[C@]12CC[C@H]3[C@H]([C@@H]1CC[C@@H]2C(=O)NC4=C(C=CC(=C4)C(F)(F)F)C(F)(F)F)CC[C@@H]5[C@@]3(C=CC(=O)N5)C,533
drug_2615f7ab5202a38b8733,Dyclonine,dyclonine,3180,CCCCOC1=CC=C(C=C1)C(=O)CCN2CCCCC2,CCCCOC1=CC=C(C=C1)C(=O)CCN2CCCCC2,534
drug_a87ea7fd73534d1c1383,Dydrogesterone,dydrogesterone,9051,CC(=O)C1CCC2C1(CCC3C2C=CC4=CC(=O)CCC34C)C,CC(=O)[C@H]1CC[C@@H]2[C@@]1(CC[C@@H]3[C@H]2C=CC4=CC(=O)CC[C@@]34C)C,535
drug_b4a60a198fa9ee2e3cdc,Dyphylline,dyphylline,3182,CN1C2=C(C(=O)N(C1=O)C)N(C=N2)CC(CO)O,CN1C2=C(C(=O)N(C1=O)C)N(C=N2)CC(CO)O,536
drug_f38219c21386fd5e3883,Ecabet,ecabet,65781,CC(C)C1=C(C=C2C(=C1)CCC3C2(CCCC3(C)C(=O)O)C)S(=O)(=O)O,CC(C)C1=C(C=C2C(=C1)CC[C@@H]3[C@@]2(CCC[C@@]3(C)C(=O)O)C)S(=O)(=O)O,537
drug_ce01fa7819252256ed60,Echothiophate,echothiophate,10548,CCOP(=O)(OCC)SCC[N+](C)(C)C,CCOP(=O)(OCC)SCC[N+](C)(C)C,538
drug_744d765f9ec2fa8724b6,Econazole,econazole,3198,C1=CC(=CC=C1COC(CN2C=CN=C2)C3=C(C=C(C=C3)Cl)Cl)Cl,C1=CC(=CC=C1COC(CN2C=CN=C2)C3=C(C=C(C=C3)Cl)Cl)Cl,539
drug_77b9d33cd34b4dd43dc3,Edetic acid,edetic acid,6049,C(CN(CC(=O)O)CC(=O)O)N(CC(=O)O)CC(=O)O,C(CN(CC(=O)O)CC(=O)O)N(CC(=O)O)CC(=O)O,540
drug_e23cfd44568f9df8c4a4,Edoxaban,edoxaban,10280735,CN1CCC2=C(C1)SC(=N2)C(=O)NC3CC(CCC3NC(=O)C(=O)NC4=NC=C(C=C4)Cl)C(=O)N(C)C,CN1CCC2=C(C1)SC(=N2)C(=O)N[C@@H]3C[C@H](CC[C@@H]3NC(=O)C(=O)NC4=NC=C(C=C4)Cl)C(=O)N(C)C,541
drug_2f8702c30ae85f1048cc,Edrophonium,edrophonium,3202,CC[N+](C)(C)C1=CC(=CC=C1)O,CC[N+](C)(C)C1=CC(=CC=C1)O,542
drug_787f225db2e30b420678,Efavirenz,efavirenz,64139,C1CC1C#CC2(C3=C(C=CC(=C3)Cl)NC(=O)O2)C(F)(F)F,C1CC1C#C[C@]2(C3=C(C=CC(=C3)Cl)NC(=O)O2)C(F)(F)F,543
drug_63754294ca876e1596ea,Efinaconazole,efinaconazole,489181,CC(C(CN1C=NC=N1)(C2=C(C=C(C=C2)F)F)O)N3CCC(=C)CC3,C[C@H]([C@](CN1C=NC=N1)(C2=C(C=C(C=C2)F)F)O)N3CCC(=C)CC3,544
drug_eaa609e0a6cfda82bbba,Eflornithine,eflornithine,3009,C(CC(C(F)F)(C(=O)O)N)CN,C(CC(C(F)F)(C(=O)O)N)CN,545
drug_1d59e2e6c85331e4853b,Efonidipine,efonidipine,119171,CC1=C(C(C(=C(N1)C)P2(=O)OCC(CO2)(C)C)C3=CC(=CC=C3)[N+](=O)[O-])C(=O)OCCN(CC4=CC=CC=C4)C5=CC=CC=C5,CC1=C(C(C(=C(N1)C)P2(=O)OCC(CO2)(C)C)C3=CC(=CC=C3)[N+](=O)[O-])C(=O)OCCN(CC4=CC=CC=C4)C5=CC=CC=C5,546
drug_6af3043db19f2d91b063,Elbasvir,elbasvir,71661251,CC(C)C(C(=O)N1CCCC1C2=NC=C(N2)C3=CC4=C(C=C3)N5C(OC6=C(C5=C4)C=CC(=C6)C7=CN=C(N7)C8CCCN8C(=O)C(C(C)C)NC(=O)OC)C9=CC=CC=C9)NC(=O)OC,CC(C)[C@@H](C(=O)N1CCC[C@H]1C2=NC=C(N2)C3=CC4=C(C=C3)N5[C@@H](OC6=C(C5=C4)C=CC(=C6)C7=CN=C(N7)[C@@H]8CCCN8C(=O)[C@H](C(C)C)NC(=O)OC)C9=CC=CC=C9)NC(=O)OC,547
drug_55da060a6f77d55b2bfb,Eletriptan,eletriptan,77993,CN1CCCC1CC2=CNC3=C2C=C(C=C3)CCS(=O)(=O)C4=CC=CC=C4,CN1CCC[C@@H]1CC2=CNC3=C2C=C(C=C3)CCS(=O)(=O)C4=CC=CC=C4,548
drug_816fb7be653cd8cca163,Eliglustat,eliglustat,23652731,CCCCCCCC(=O)NC(CN1CCCC1)C(C2=CC3=C(C=C2)OCCO3)O,CCCCCCCC(=O)N[C@H](CN1CCCC1)[C@@H](C2=CC3=C(C=C2)OCCO3)O,549
drug_5b92ad631e147228f1b7,Eltrombopag,eltrombopag,135449332,CC1=C(C=C(C=C1)N2C(=O)C(=C(N2)C)N=NC3=CC=CC(=C3O)C4=CC(=CC=C4)C(=O)O)C,CC1=C(C=C(C=C1)N2C(=O)C(=C(N2)C)N=NC3=CC=CC(=C3O)C4=CC(=CC=C4)C(=O)O)C,550
drug_d790559eadc79b8ef456,Eluxadoline,eluxadoline,11250029,CC1=CC(=CC(=C1CC(C(=O)N(CC2=CC(=C(C=C2)OC)C(=O)O)C(C)C3=NC=C(N3)C4=CC=CC=C4)N)C)C(=O)N,CC1=CC(=CC(=C1C[C@@H](C(=O)N(CC2=CC(=C(C=C2)OC)C(=O)O)[C@@H](C)C3=NC=C(N3)C4=CC=CC=C4)N)C)C(=O)N,551
drug_5bd1edc30ce66b0ecc49,Elvitegravir,elvitegravir,5277135,CC(C)C(CO)N1C=C(C(=O)C2=C1C=C(C(=C2)CC3=C(C(=CC=C3)Cl)F)OC)C(=O)O,CC(C)[C@@H](CO)N1C=C(C(=O)C2=C1C=C(C(=C2)CC3=C(C(=CC=C3)Cl)F)OC)C(=O)O,552
drug_aaecd52cf46c01181dff,Emedastine,emedastine,3219,CCOCCN1C2=CC=CC=C2N=C1N3CCCN(CC3)C,CCOCCN1C2=CC=CC=C2N=C1N3CCCN(CC3)C,553
drug_a98ee9b705711e418722,Empagliflozin,empagliflozin,11949646,C1COCC1OC2=CC=C(C=C2)CC3=C(C=CC(=C3)C4C(C(C(C(O4)CO)O)O)O)Cl,C1COC[C@H]1OC2=CC=C(C=C2)CC3=C(C=CC(=C3)[C@H]4[C@@H]([C@H]([C@@H]([C@H](O4)CO)O)O)O)Cl,554
drug_e379482dc18f2a29d2b0,Emtricitabine,emtricitabine,60877,C1C(OC(S1)CO)N2C=C(C(=NC2=O)N)F,C1[C@H](O[C@H](S1)CO)N2C=C(C(=NC2=O)N)F,555
drug_bde6a813b6cab1a759b4,Enalapril,enalapril,5388962,CCOC(=O)C(CCC1=CC=CC=C1)NC(C)C(=O)N2CCCC2C(=O)O,CCOC(=O)[C@H](CCC1=CC=CC=C1)N[C@@H](C)C(=O)N2CCC[C@H]2C(=O)O,556
drug_b5dc4b827ea7d60cc2c0,Enalaprilat,enalaprilat,5462501,CC(C(=O)N1CCCC1C(=O)O)NC(CCC2=CC=CC=C2)C(=O)O,C[C@@H](C(=O)N1CCC[C@H]1C(=O)O)N[C@@H](CCC2=CC=CC=C2)C(=O)O,557
drug_9744ffca2ee7b96de27a,Enasidenib,enasidenib,89683805,CC(C)(CNC1=NC(=NC(=N1)C2=NC(=CC=C2)C(F)(F)F)NC3=CC(=NC=C3)C(F)(F)F)O,CC(C)(CNC1=NC(=NC(=N1)C2=NC(=CC=C2)C(F)(F)F)NC3=CC(=NC=C3)C(F)(F)F)O,558
drug_2230297a29f4a67945bb,Encainide,encainide,48041,CN1CCCCC1CCC2=CC=CC=C2NC(=O)C3=CC=C(C=C3)OC,CN1CCCCC1CCC2=CC=CC=C2NC(=O)C3=CC=C(C=C3)OC,559
drug_ffa826e851cc1993d082,Enflurane,enflurane,3226,C(C(OC(F)F)(F)F)(F)Cl,C(C(OC(F)F)(F)F)(F)Cl,560
drug_b98c3999b668f6931dec,Enoxacin,enoxacin,3229,CCN1C=C(C(=O)C2=CC(=C(N=C21)N3CCNCC3)F)C(=O)O,CCN1C=C(C(=O)C2=CC(=C(N=C21)N3CCNCC3)F)C(=O)O,561
drug_1c00e2e075320f7dcb82,Entacapone,entacapone,5281081,CCN(CC)C(=O)C(=CC1=CC(=C(C(=C1)O)O)[N+](=O)[O-])C#N,CCN(CC)C(=O)/C(=C/C1=CC(=C(C(=C1)O)O)[N+](=O)[O-])/C#N,562
drug_e51e2fa346139d11f0bd,Entecavir,entecavir,135398508,C=C1C(CC(C1CO)O)N2C=NC3=C2N=C(NC3=O)N,C=C1[C@H](C[C@@H]([C@H]1CO)O)N2C=NC3=C2N=C(NC3=O)N,563
drug_9439ef6e79815f4c24e7,Enviomycin,enviomycin,135565326,C1CNC(=NC1C2C(=O)NCC(C(=O)NC(C(=O)NC(C(=O)NC(=CNC(=O)N)C(=O)N2)CO)CO)NC(=O)CC(C(CCN)O)N)N,C1CNC(=N[C@H]1[C@H]2C(=O)NC[C@@H](C(=O)N[C@H](C(=O)N[C@H](C(=O)N/C(=C\NC(=O)N)/C(=O)N2)CO)CO)NC(=O)C[C@H]([C@@H](CCN)O)N)N,564
drug_02d130d71a75e19bbe86,Enzalutamide,enzalutamide,15951529,CC1(C(=O)N(C(=S)N1C2=CC(=C(C=C2)C(=O)NC)F)C3=CC(=C(C=C3)C#N)C(F)(F)F)C,CC1(C(=O)N(C(=S)N1C2=CC(=C(C=C2)C(=O)NC)F)C3=CC(=C(C=C3)C#N)C(F)(F)F)C,565
drug_c97a1db54178fb9786e4,Eperisone,eperisone,3236,CCC1=CC=C(C=C1)C(=O)C(C)CN2CCCCC2,CCC1=CC=C(C=C1)C(=O)C(C)CN2CCCCC2,566
drug_f55cd87237a675e69080,Ephedrine,ephedrine,9294,CC(C(C1=CC=CC=C1)O)NC,C[C@@H]([C@@H](C1=CC=CC=C1)O)NC,567
drug_e6e16b26312dd90767dc,Epinastine,epinastine,3241,C1C2C3=CC=CC=C3CC4=CC=CC=C4N2C(=N1)N,C1C2C3=CC=CC=C3CC4=CC=CC=C4N2C(=N1)N,568
drug_d13d73d7874aa1d24c20,Epinephrine,epinephrine,5816,CNCC(C1=CC(=C(C=C1)O)O)O,CNC[C@@H](C1=CC(=C(C=C1)O)O)O,569
drug_e15424428d2622ce5d9b,Epirizole,epirizole,3242,CC1=CC(=NC(=N1)N2C(=CC(=N2)C)OC)OC,CC1=CC(=NC(=N1)N2C(=CC(=N2)C)OC)OC,570
drug_9ed25b40c1a945ebe459,Epirubicin,epirubicin,41867,CC1C(C(CC(O1)OC2CC(CC3=C2C(=C4C(=C3O)C(=O)C5=C(C4=O)C(=CC=C5)OC)O)(C(=O)CO)O)N)O,C[C@H]1[C@@H]([C@H](C[C@@H](O1)O[C@H]2C[C@@](CC3=C2C(=C4C(=C3O)C(=O)C5=C(C4=O)C(=CC=C5)OC)O)(C(=O)CO)O)N)O,571
drug_f3f77bd2c8bd98171101,Eplerenone,eplerenone,443872,CC12CCC(=O)C=C1CC(C3C24C(O4)CC5(C3CCC56CCC(=O)O6)C)C(=O)OC,C[C@]12CCC(=O)C=C1C[C@H]([C@@H]3[C@]24[C@H](O4)C[C@]5([C@H]3CC[C@@]56CCC(=O)O6)C)C(=O)OC,572
drug_6e7c173b42dc132e5257,Epoprostenol,epoprostenol,5282411,CCCCCC(C=CC1C(CC2C1CC(=CCCCC(=O)O)O2)O)O,CCCCC[C@@H](/C=C/[C@H]1[C@@H](C[C@H]2[C@@H]1C/C(=C/CCCC(=O)O)/O2)O)O,573
drug_9539734f2df153bef868,Eprosartan,eprosartan,5281037,CCCCC1=NC=C(N1CC2=CC=C(C=C2)C(=O)O)C=C(CC3=CC=CS3)C(=O)O,CCCCC1=NC=C(N1CC2=CC=C(C=C2)C(=O)O)/C=C(\CC3=CC=CS3)/C(=O)O,574
drug_e395bf159d98bd62efb4,Equilin,equilin,223368,CC12CCC3C(=CCC4=C3C=CC(=C4)O)C1CCC2=O,C[C@]12CC[C@H]3C(=CCC4=C3C=CC(=C4)O)[C@@H]1CCC2=O,575
drug_5b2a70243e6648b9a7ca,Ergocalciferol,ergocalciferol,5280793,CC(C)C(C)C=CC(C)C1CCC2C1(CCCC2=CC=C3CC(CCC3=C)O)C,C[C@H](/C=C/[C@H](C)C(C)C)[C@H]1CC[C@@H]\2[C@@]1(CCC/C2=C\C=C/3\C[C@H](CCC3=C)O)C,576
drug_77c67ac3048fc5e6e354,Ergometrine,ergometrine,443884,CC(CO)NC(=O)C1CN(C2CC3=CNC4=CC=CC(=C34)C2=C1)C,C[C@@H](CO)NC(=O)[C@H]1CN([C@@H]2CC3=CNC4=CC=CC(=C34)C2=C1)C,577
drug_3b631f287641b55ec052,Ergotamine,ergotamine,8223,CC1(C(=O)N2C(C(=O)N3CCCC3C2(O1)O)CC4=CC=CC=C4)NC(=O)C5CN(C6CC7=CNC8=CC=CC(=C78)C6=C5)C,C[C@@]1(C(=O)N2[C@H](C(=O)N3CCC[C@H]3[C@@]2(O1)O)CC4=CC=CC=C4)NC(=O)[C@H]5CN([C@@H]6CC7=CNC8=CC=CC(=C78)C6=C5)C,578
drug_ed15cb20e227d82b887e,Eribulin,eribulin,11354606,CC1CC2CCC3C(=C)CC(O3)CCC45CC6C(O4)C7C(O6)C(O5)C8C(O7)CCC(O8)CC(=O)CC9C(CC(C1=C)O2)OC(C9OC)CC(CN)O,C[C@@H]1C[C@@H]2CC[C@H]3C(=C)C[C@@H](O3)CC[C@]45C[C@@H]6[C@H](O4)[C@H]7[C@@H](O6)[C@@H](O5)[C@@H]8[C@@H](O7)CC[C@@H](O8)CC(=O)C[C@H]9[C@H](C[C@H](C1=C)O2)O[C@@H]([C@@H]9OC)C[C@@H](CN)O,579
drug_fa6bba6f285334b7e4fe,Erlotinib,erlotinib,176870,COCCOC1=C(C=C2C(=C1)C(=NC=N2)NC3=CC=CC(=C3)C#C)OCCOC,COCCOC1=C(C=C2C(=C1)C(=NC=N2)NC3=CC=CC(=C3)C#C)OCCOC,580
drug_62a3b1c2b979806d369c,Ertapenem,ertapenem,150610,CC1C2C(C(=O)N2C(=C1SC3CC(NC3)C(=O)NC4=CC=CC(=C4)C(=O)O)C(=O)O)C(C)O,C[C@@H]1[C@@H]2[C@H](C(=O)N2C(=C1S[C@H]3C[C@H](NC3)C(=O)NC4=CC=CC(=C4)C(=O)O)C(=O)O)[C@@H](C)O,581
drug_14f7cb4d1ba9c962a17d,Erythrityl tetranitrate,erythrityl tetranitrate,5284553,C(C(C(CO[N+](=O)[O-])O[N+](=O)[O-])O[N+](=O)[O-])O[N+](=O)[O-],C([C@H]([C@H](CO[N+](=O)[O-])O[N+](=O)[O-])O[N+](=O)[O-])O[N+](=O)[O-],582
drug_e91629ef683d8ddc508b,Erythromycin,erythromycin,12560,CCC1C(C(C(C(=O)C(CC(C(C(C(C(C(=O)O1)C)OC2CC(C(C(O2)C)O)(C)OC)C)OC3C(C(CC(O3)C)N(C)C)O)(C)O)C)C)O)(C)O,CC[C@@H]1[C@@]([C@@H]([C@H](C(=O)[C@@H](C[C@@]([C@@H]([C@H]([C@@H]([C@H](C(=O)O1)C)O[C@H]2C[C@@]([C@H]([C@@H](O2)C)O)(C)OC)C)O[C@H]3[C@@H]([C@H](C[C@H](O3)C)N(C)C)O)(C)O)C)C)O)(C)O,583
drug_dc4d899da1918e423529,Escitalopram,escitalopram,146570,CN(C)CCCC1(C2=C(CO1)C=C(C=C2)C#N)C3=CC=C(C=C3)F,CN(C)CCC[C@@]1(C2=C(CO1)C=C(C=C2)C#N)C3=CC=C(C=C3)F,584
drug_0ff04cdb48774c99eab4,Eslicarbazepine acetate,eslicarbazepine acetate,179344,CC(=O)OC1CC2=CC=CC=C2N(C3=CC=CC=C13)C(=O)N,CC(=O)O[C@H]1CC2=CC=CC=C2N(C3=CC=CC=C13)C(=O)N,585
drug_bddcbf947dcbe134794a,Esmolol,esmolol,59768,CC(C)NCC(COC1=CC=C(C=C1)CCC(=O)OC)O,CC(C)NCC(COC1=CC=C(C=C1)CCC(=O)OC)O,586
drug_0eb962e9fb96e6b4629c,Esomeprazole,esomeprazole,9568614,CC1=CN=C(C(=C1OC)C)CS(=O)C2=NC3=C(N2)C=C(C=C3)OC,CC1=CN=C(C(=C1OC)C)C[S@](=O)C2=NC3=C(N2)C=C(C=C3)OC,587
drug_8001e83cbd66facaaba7,Estazolam,estazolam,3261,C1C2=NN=CN2C3=C(C=C(C=C3)Cl)C(=N1)C4=CC=CC=C4,C1C2=NN=CN2C3=C(C=C(C=C3)Cl)C(=N1)C4=CC=CC=C4,588
drug_cb7a2534d5bc5a4baf47,Estradiol,estradiol,5757,CC12CCC3C(C1CCC2O)CCC4=C3C=CC(=C4)O,C[C@]12CC[C@H]3[C@H]([C@@H]1CC[C@@H]2O)CCC4=C3C=CC(=C4)O,589
drug_f18af351535686aa68dd,Estramustine,estramustine,259331,CC12CCC3C(C1CCC2O)CCC4=C3C=CC(=C4)OC(=O)N(CCCl)CCCl,C[C@]12CC[C@H]3[C@H]([C@@H]1CC[C@@H]2O)CCC4=C3C=CC(=C4)OC(=O)N(CCCl)CCCl,590
drug_cffa14321a1b4af40ed0,Estriol,estriol,5756,CC12CCC3C(C1CC(C2O)O)CCC4=C3C=CC(=C4)O,C[C@]12CC[C@H]3[C@H]([C@@H]1C[C@H]([C@@H]2O)O)CCC4=C3C=CC(=C4)O,591
drug_c374a54728a7da5055f1,Estrone,estrone,5870,CC12CCC3C(C1CCC2=O)CCC4=C3C=CC(=C4)O,C[C@]12CC[C@H]3[C@H]([C@@H]1CCC2=O)CCC4=C3C=CC(=C4)O,592
drug_0e4d808455d0b48c7702,Estrone sulfate,estrone sulfate,3001028,CC12CCC3C(C1CCC2=O)CCC4=C3C=CC(=C4)OS(=O)(=O)O,C[C@]12CC[C@H]3[C@H]([C@@H]1CCC2=O)CCC4=C3C=CC(=C4)OS(=O)(=O)O,593
drug_bb1a5d8176b6a52ccd56,Eszopiclone,eszopiclone,969472,CN1CCN(CC1)C(=O)OC2C3=NC=CN=C3C(=O)N2C4=NC=C(C=C4)Cl,CN1CCN(CC1)C(=O)O[C@H]2C3=NC=CN=C3C(=O)N2C4=NC=C(C=C4)Cl,594
drug_f11de8adaaabd22ac542,Etacrynic acid,etacrynic acid,3278,CCC(=C)C(=O)C1=C(C(=C(C=C1)OCC(=O)O)Cl)Cl,CCC(=C)C(=O)C1=C(C(=C(C=C1)OCC(=O)O)Cl)Cl,595
drug_21264587fffc98e8a2aa,Ethambutol,ethambutol,14052,CCC(CO)NCCNC(CC)CO,CC[C@@H](CO)NCCN[C@@H](CC)CO,596
drug_d42741845745036d3d2a,Ethanol,ethanol,702,CCO,CCO,597
drug_58b44e566b8be3529029,Ethanolamine oleate,ethanolamine oleate,5282489,CCCCCCCCC=CCCCCCCCC(=O)O.C(CO)N,CCCCCCCC/C=C\CCCCCCCC(=O)O.C(CO)N,598
drug_554d00553df747398c12,Ethchlorvynol,ethchlorvynol,5281077,CCC(C=CCl)(C#C)O,CCC(/C=C/Cl)(C#C)O,599
drug_f7c6200bf111b84ee533,Ethinylestradiol,ethinylestradiol,5991,CC12CCC3C(C1CCC2(C#C)O)CCC4=C3C=CC(=C4)O,C[C@]12CC[C@H]3[C@H]([C@@H]1CC[C@]2(C#C)O)CCC4=C3C=CC(=C4)O,600
drug_87707b89cf8414431297,Ethionamide,ethionamide,2761171,CCC1=NC=CC(=C1)C(=S)N,CCC1=NC=CC(=C1)C(=S)N,601
drug_be635647a048f1598962,Ethosuximide,ethosuximide,3291,CCC1(CC(=O)NC1=O)C,CCC1(CC(=O)NC1=O)C,602
drug_79c17f6ac71a471b4cea,Ethotoin,ethotoin,3292,CCN1C(=O)C(NC1=O)C2=CC=CC=C2,CCN1C(=O)C(NC1=O)C2=CC=CC=C2,603
drug_95ad2ecd388fa2fa7606,Ethyl loflazepate,ethyl loflazepate,3299,CCOC(=O)C1C(=O)NC2=C(C=C(C=C2)Cl)C(=N1)C3=CC=CC=C3F,CCOC(=O)C1C(=O)NC2=C(C=C(C=C2)Cl)C(=N1)C3=CC=CC=C3F,604
drug_15ed58bc1d4c825813a8,Ethylmorphine,ethylmorphine,5359271,CCOC1=C2C3=C(CC4C5C3(CCN4C)C(O2)C(C=C5)O)C=C1,CCOC1=C2C3=C(C[C@@H]4[C@H]5[C@]3(CCN4C)[C@@H](O2)[C@H](C=C5)O)C=C1,605
drug_9baac453f1ef84d9c6a6,Ethynodiol diacetate,ethynodiol diacetate,9270,CC(=O)OC1CCC2C3CCC4(C(C3CCC2=C1)CCC4(C#C)OC(=O)C)C,CC(=O)O[C@H]1CC[C@@H]2[C@H]3CC[C@]4([C@H]([C@@H]3CCC2=C1)CC[C@]4(C#C)OC(=O)C)C,606
drug_b03c91321a8e0c1fc50a,Etidocaine,etidocaine,37497,CCCN(CC)C(CC)C(=O)NC1=C(C=CC=C1C)C,CCCN(CC)C(CC)C(=O)NC1=C(C=CC=C1C)C,607
drug_df0307dfd63a3c83c774,Etidronic acid,etidronic acid,3305,CC(O)(P(=O)(O)O)P(=O)(O)O,CC(O)(P(=O)(O)O)P(=O)(O)O,608
drug_509849d414e6dd51976a,Etizolam,etizolam,3307,CCC1=CC2=C(S1)N3C(=NN=C3CN=C2C4=CC=CC=C4Cl)C,CCC1=CC2=C(S1)N3C(=NN=C3CN=C2C4=CC=CC=C4Cl)C,609
drug_9d6ecf41d95f9240fb11,Etodolac,etodolac,3308,CCC1=C2C(=CC=C1)C3=C(N2)C(OCC3)(CC)CC(=O)O,CCC1=C2C(=CC=C1)C3=C(N2)C(OCC3)(CC)CC(=O)O,610
drug_6bb228b2b9dcf1ea3d65,Etofenamate,etofenamate,35375,C1=CC=C(C(=C1)C(=O)OCCOCCO)NC2=CC=CC(=C2)C(F)(F)F,C1=CC=C(C(=C1)C(=O)OCCOCCO)NC2=CC=CC(=C2)C(F)(F)F,611
drug_05b110752968056521a4,Etofibrate,etofibrate,65777,CC(C)(C(=O)OCCOC(=O)C1=CN=CC=C1)OC2=CC=C(C=C2)Cl,CC(C)(C(=O)OCCOC(=O)C1=CN=CC=C1)OC2=CC=C(C=C2)Cl,612
drug_fff4fc75851922ef2a30,Etomidate,etomidate,667484,CCOC(=O)C1=CN=CN1C(C)C2=CC=CC=C2,CCOC(=O)C1=CN=CN1[C@H](C)C2=CC=CC=C2,613
drug_71d8b65b93cf54857989,Etonogestrel,etonogestrel,6917715,CCC12CC(=C)C3C(C1CCC2(C#C)O)CCC4=CC(=O)CCC34,CC[C@]12CC(=C)[C@H]3[C@H]([C@@H]1CC[C@]2(C#C)O)CCC4=CC(=O)CC[C@H]34,614
drug_298af6d32cf67ddfef0b,Etoposide,etoposide,36462,CC1OCC2C(O1)C(C(C(O2)OC3C4COC(=O)C4C(C5=CC6=C(C=C35)OCO6)C7=CC(=C(C(=C7)OC)O)OC)O)O,C[C@@H]1OC[C@@H]2[C@@H](O1)[C@@H]([C@H]([C@@H](O2)O[C@H]3[C@H]4COC(=O)[C@@H]4[C@@H](C5=CC6=C(C=C35)OCO6)C7=CC(=C(C(=C7)OC)O)OC)O)O,615
drug_84c8c255fadfda33edc4,Etoricoxib,etoricoxib,123619,CC1=NC=C(C=C1)C2=C(C=C(C=N2)Cl)C3=CC=C(C=C3)S(=O)(=O)C,CC1=NC=C(C=C1)C2=C(C=C(C=N2)Cl)C3=CC=C(C=C3)S(=O)(=O)C,616
drug_0d775499e43cfe4ff43e,Etravirine,etravirine,193962,CC1=CC(=CC(=C1OC2=NC(=NC(=C2Br)N)NC3=CC=C(C=C3)C#N)C)C#N,CC1=CC(=CC(=C1OC2=NC(=NC(=C2Br)N)NC3=CC=C(C=C3)C#N)C)C#N,617
drug_ac301fbebe7635d2f259,Everolimus,everolimus,6442177,CC1CCC2CC(C(=CC=CC=CC(CC(C(=O)C(C(C(=CC(C(=O)CC(OC(=O)C3CCCCN3C(=O)C(=O)C1(O2)O)C(C)CC4CCC(C(C4)OC)OCCO)C)C)O)OC)C)C)C)OC,C[C@@H]1CC[C@H]2C[C@@H](/C(=C/C=C/C=C/[C@H](C[C@H](C(=O)[C@@H]([C@@H](/C(=C/[C@H](C(=O)C[C@H](OC(=O)[C@@H]3CCCCN3C(=O)C(=O)[C@@]1(O2)O)[C@H](C)C[C@@H]4CC[C@H]([C@@H](C4)OC)OCCO)C)/C)O)OC)C)C)/C)OC,618
drug_1b68c701b25de8397a00,Exemestane,exemestane,60198,CC12CCC3C(C1CCC2=O)CC(=C)C4=CC(=O)C=CC34C,C[C@]12CC[C@H]3[C@H]([C@@H]1CCC2=O)CC(=C)C4=CC(=O)C=C[C@]34C,619
drug_6d5ea8ff7347167d35fe,Ezetimibe,ezetimibe,150311,C1=CC(=CC=C1C2C(C(=O)N2C3=CC=C(C=C3)F)CCC(C4=CC=C(C=C4)F)O)O,C1=CC(=CC=C1[C@@H]2[C@H](C(=O)N2C3=CC=C(C=C3)F)CC[C@@H](C4=CC=C(C=C4)F)O)O,620
drug_705113e6c0bfa1025131,Ezogabine,ezogabine,121892,CCOC(=O)NC1=C(C=C(C=C1)NCC2=CC=C(C=C2)F)N,CCOC(=O)NC1=C(C=C(C=C1)NCC2=CC=C(C=C2)F)N,621
drug_569319d3249b6c902403,Famciclovir,famciclovir,3324,CC(=O)OCC(CCN1C=NC2=CN=C(N=C21)N)COC(=O)C,CC(=O)OCC(CCN1C=NC2=CN=C(N=C21)N)COC(=O)C,622
drug_1d8765fef2c50b860c19,Famotidine,famotidine,5702160,C1=C(N=C(S1)N=C(N)N)CSCCC(=NS(=O)(=O)N)N,C1=C(N=C(S1)N=C(N)N)CSCC/C(=N/S(=O)(=O)N)/N,623
drug_308165d2b3efc89320f0,Febuxostat,febuxostat,134018,CC1=C(SC(=N1)C2=CC(=C(C=C2)OCC(C)C)C#N)C(=O)O,CC1=C(SC(=N1)C2=CC(=C(C=C2)OCC(C)C)C#N)C(=O)O,624
drug_eb3d2d19d6d20aa9394d,Felbamate,felbamate,3331,C1=CC=C(C=C1)C(COC(=O)N)COC(=O)N,C1=CC=C(C=C1)C(COC(=O)N)COC(=O)N,625
drug_b46e3f876c23ccb0a5db,Felodipine,felodipine,3333,CCOC(=O)C1=C(NC(=C(C1C2=C(C(=CC=C2)Cl)Cl)C(=O)OC)C)C,CCOC(=O)C1=C(NC(=C(C1C2=C(C(=CC=C2)Cl)Cl)C(=O)OC)C)C,626
drug_dddaa3a075ccd9a22754,Fenbufen,fenbufen,3335,C1=CC=C(C=C1)C2=CC=C(C=C2)C(=O)CCC(=O)O,C1=CC=C(C=C1)C2=CC=C(C=C2)C(=O)CCC(=O)O,627
drug_442b5b482ae3821f78f7,Fencamfamin,fencamfamin,14584,CCNC1C2CCC(C2)C1C3=CC=CC=C3,CCNC1C2CCC(C2)C1C3=CC=CC=C3,628
drug_4e765f8f1eff90c008cd,Fenofibrate,fenofibrate,3339,CC(C)OC(=O)C(C)(C)OC1=CC=C(C=C1)C(=O)C2=CC=C(C=C2)Cl,CC(C)OC(=O)C(C)(C)OC1=CC=C(C=C1)C(=O)C2=CC=C(C=C2)Cl,629
drug_27b6725ec5ad0d2efd5b,Fenofibric acid,fenofibric acid,64929,CC(C)(C(=O)O)OC1=CC=C(C=C1)C(=O)C2=CC=C(C=C2)Cl,CC(C)(C(=O)O)OC1=CC=C(C=C1)C(=O)C2=CC=C(C=C2)Cl,630
drug_ac6d1bdc419d9058936e,Fenoldopam,fenoldopam,3341,C1CNCC(C2=CC(=C(C(=C21)Cl)O)O)C3=CC=C(C=C3)O,C1CNCC(C2=CC(=C(C(=C21)Cl)O)O)C3=CC=C(C=C3)O,631
drug_86c6700972c3bf3d3834,Fenoprofen,fenoprofen,3342,CC(C1=CC(=CC=C1)OC2=CC=CC=C2)C(=O)O,CC(C1=CC(=CC=C1)OC2=CC=CC=C2)C(=O)O,632
drug_87ef999b1d2c3495daf7,Fenoterol,fenoterol,3343,CC(CC1=CC=C(C=C1)O)NCC(C2=CC(=CC(=C2)O)O)O,CC(CC1=CC=C(C=C1)O)NCC(C2=CC(=CC(=C2)O)O)O,633
drug_87595db4d28ba64dff0a,Fentanyl,fentanyl,3345,CCC(=O)N(C1CCN(CC1)CCC2=CC=CC=C2)C3=CC=CC=C3,CCC(=O)N(C1CCN(CC1)CCC2=CC=CC=C2)C3=CC=CC=C3,634
drug_0a720917f6c9f549a45f,Ferric pyrophosphate,ferric pyrophosphate,24877,[O-]P(=O)([O-])OP(=O)([O-])[O-].[O-]P(=O)([O-])OP(=O)([O-])[O-].[O-]P(=O)([O-])OP(=O)([O-])[O-].[Fe+3].[Fe+3].[Fe+3].[Fe+3],[O-]P(=O)([O-])OP(=O)([O-])[O-].[O-]P(=O)([O-])OP(=O)([O-])[O-].[O-]P(=O)([O-])OP(=O)([O-])[O-].[Fe+3].[Fe+3].[Fe+3].[Fe+3],635
drug_6786c7d7daff4da0c5c0,Fesoterodine,fesoterodine,6918558,CC(C)C(=O)OC1=C(C=C(C=C1)CO)C(CCN(C(C)C)C(C)C)C2=CC=CC=C2,CC(C)C(=O)OC1=C(C=C(C=C1)CO)[C@H](CCN(C(C)C)C(C)C)C2=CC=CC=C2,636
drug_82e1d2fdd11c7ce3c4ef,Fexofenadine,fexofenadine,3348,CC(C)(C1=CC=C(C=C1)C(CCCN2CCC(CC2)C(C3=CC=CC=C3)(C4=CC=CC=C4)O)O)C(=O)O,CC(C)(C1=CC=C(C=C1)C(CCCN2CCC(CC2)C(C3=CC=CC=C3)(C4=CC=CC=C4)O)O)C(=O)O,637
drug_6ff0326d2d0e7cc81561,Fidaxomicin,fidaxomicin,10034073,CCC1C=C(C(CC=CC=C(C(=O)OC(CC=C(C=C(C1OC2C(C(C(C(O2)(C)C)OC(=O)C(C)C)O)O)C)C)C(C)O)COC3C(C(C(C(O3)C)OC(=O)C4=C(C(=C(C(=C4O)Cl)O)Cl)CC)O)OC)O)C,CC[C@H]1/C=C(/[C@H](C/C=C/C=C(/C(=O)O[C@@H](C/C=C(/C=C(/[C@@H]1O[C@H]2[C@H]([C@H]([C@@H](C(O2)(C)C)OC(=O)C(C)C)O)O)\C)\C)[C@@H](C)O)\CO[C@H]3[C@H]([C@H]([C@@H]([C@H](O3)C)OC(=O)C4=C(C(=C(C(=C4O)Cl)O)Cl)CC)O)OC)O)\C,638
drug_6f9ed8c7e32ae4a9fff7,Fimasartan,fimasartan,9870652,CCCCC1=NC(=C(C(=O)N1CC2=CC=C(C=C2)C3=CC=CC=C3C4=NNN=N4)CC(=S)N(C)C)C,CCCCC1=NC(=C(C(=O)N1CC2=CC=C(C=C2)C3=CC=CC=C3C4=NNN=N4)CC(=S)N(C)C)C,639
drug_3bfffab47b87fa2e555f,Finafloxacin,finafloxacin,11567473,C1CC1N2C=C(C(=O)C3=CC(=C(C(=C32)C#N)N4CC5C(C4)OCCN5)F)C(=O)O,C1CC1N2C=C(C(=O)C3=CC(=C(C(=C32)C#N)N4C[C@H]5[C@H](C4)OCCN5)F)C(=O)O,640
drug_22d5620efe85076620d5,Finasteride,finasteride,57363,CC12CCC3C(C1CCC2C(=O)NC(C)(C)C)CCC4C3(C=CC(=O)N4)C,C[C@]12CC[C@H]3[C@H]([C@@H]1CC[C@@H]2C(=O)NC(C)(C)C)CC[C@@H]4[C@@]3(C=CC(=O)N4)C,641
drug_b0e35cad741be45c5135,Fingolimod,fingolimod,107970,CCCCCCCCC1=CC=C(C=C1)CCC(CO)(CO)N,CCCCCCCCC1=CC=C(C=C1)CCC(CO)(CO)N,642
drug_1550a03dc2dfcc105e6f,Flecainide,flecainide,3356,C1CCNC(C1)CNC(=O)C2=C(C=CC(=C2)OCC(F)(F)F)OCC(F)(F)F,C1CCNC(C1)CNC(=O)C2=C(C=CC(=C2)OCC(F)(F)F)OCC(F)(F)F,643
drug_e7158dc5c75ccf878275,Fleroxacin,fleroxacin,3357,CN1CCN(CC1)C2=C(C=C3C(=C2F)N(C=C(C3=O)C(=O)O)CCF)F,CN1CCN(CC1)C2=C(C=C3C(=C2F)N(C=C(C3=O)C(=O)O)CCF)F,644
drug_37f49ee20b903bf6260b,Flibanserin,flibanserin,6918248,C1CN(CCN1CCN2C3=CC=CC=C3NC2=O)C4=CC=CC(=C4)C(F)(F)F,C1CN(CCN1CCN2C3=CC=CC=C3NC2=O)C4=CC=CC(=C4)C(F)(F)F,645
drug_7bb4322cdb7119ee288d,Floctafenine,floctafenine,3360,C1=CC=C(C(=C1)C(=O)OCC(CO)O)NC2=C3C=CC=C(C3=NC=C2)C(F)(F)F,C1=CC=C(C(=C1)C(=O)OCC(CO)O)NC2=C3C=CC=C(C3=NC=C2)C(F)(F)F,646
drug_5bca50984de83501066e,Floxuridine,floxuridine,5790,C1C(C(OC1N2C=C(C(=O)NC2=O)F)CO)O,C1[C@@H]([C@H](O[C@H]1N2C=C(C(=O)NC2=O)F)CO)O,647
drug_346e29ee462cd0fcf1ee,Flubendazole,flubendazole,35802,COC(=O)NC1=NC2=C(N1)C=C(C=C2)C(=O)C3=CC=C(C=C3)F,COC(=O)NC1=NC2=C(N1)C=C(C=C2)C(=O)C3=CC=C(C=C3)F,648
drug_d7c749b4fa63ef365406,Fluciclovine (18F),fluciclovine (18f),450601,C1C(CC1(C(=O)O)N)F,C1C(CC1(C(=O)O)N)[18F],649
drug_bec383409f6bc90b3825,Flucloxacillin,flucloxacillin,21319,CC1=C(C(=NO1)C2=C(C=CC=C2Cl)F)C(=O)NC3C4N(C3=O)C(C(S4)(C)C)C(=O)O,CC1=C(C(=NO1)C2=C(C=CC=C2Cl)F)C(=O)N[C@H]3[C@@H]4N(C3=O)[C@H](C(S4)(C)C)C(=O)O,650
drug_88b1b528944b737055a6,Fluconazole,fluconazole,3365,C1=CC(=C(C=C1F)F)C(CN2C=NC=N2)(CN3C=NC=N3)O,C1=CC(=C(C=C1F)F)C(CN2C=NC=N2)(CN3C=NC=N3)O,651
drug_549cca25717f3b608ad6,Flucytosine,flucytosine,3366,C1=NC(=O)NC(=C1F)N,C1=NC(=O)NC(=C1F)N,652
drug_cb9905f3e0aad50a94a3,Fludarabine,fludarabine,657237,C1=NC2=C(N=C(N=C2N1C3C(C(C(O3)CO)O)O)F)N,C1=NC2=C(N=C(N=C2N1[C@H]3[C@H]([C@@H]([C@H](O3)CO)O)O)F)N,653
drug_a122f7bd31e9e7d30955,Fludiazepam,fludiazepam,3369,CN1C(=O)CN=C(C2=C1C=CC(=C2)Cl)C3=CC=CC=C3F,CN1C(=O)CN=C(C2=C1C=CC(=C2)Cl)C3=CC=CC=C3F,654
drug_3a1e1fb01d2caa3aec7c,Fludrocortisone,fludrocortisone,31378,CC12CCC(=O)C=C1CCC3C2(C(CC4(C3CCC4(C(=O)CO)O)C)O)F,C[C@]12CCC(=O)C=C1CC[C@@H]3[C@@]2([C@H](C[C@]4([C@H]3CC[C@@]4(C(=O)CO)O)C)O)F,655
drug_fc391909ad94254e6517,Flumazenil,flumazenil,3373,CCOC(=O)C1=C2CN(C(=O)C3=C(N2C=N1)C=CC(=C3)F)C,CCOC(=O)C1=C2CN(C(=O)C3=C(N2C=N1)C=CC(=C3)F)C,656
drug_1100b38699e1b8fee37c,Flumethasone,flumethasone,16490,CC1CC2C3CC(C4=CC(=O)C=CC4(C3(C(CC2(C1(C(=O)CO)O)C)O)F)C)F,C[C@@H]1C[C@H]2[C@@H]3C[C@@H](C4=CC(=O)C=C[C@@]4([C@]3([C@H](C[C@@]2([C@]1(C(=O)CO)O)C)O)F)C)F,657
drug_ffaa2f48c5b133bbb940,Flunarizine,flunarizine,941361,C1CN(CCN1CC=CC2=CC=CC=C2)C(C3=CC=C(C=C3)F)C4=CC=C(C=C4)F,C1CN(CCN1C/C=C/C2=CC=CC=C2)C(C3=CC=C(C=C3)F)C4=CC=C(C=C4)F,658
drug_80aa773367ba6e1e738a,Flunisolide,flunisolide,82153,CC1(OC2CC3C4CC(C5=CC(=O)C=CC5(C4C(CC3(C2(O1)C(=O)CO)C)O)C)F)C,C[C@]12C[C@@H]([C@H]3[C@H]([C@@H]1C[C@@H]4[C@]2(OC(O4)(C)C)C(=O)CO)C[C@@H](C5=CC(=O)C=C[C@]35C)F)O,659
drug_ff7d0131de372d74a03b,Flunitrazepam,flunitrazepam,3380,CN1C(=O)CN=C(C2=C1C=CC(=C2)[N+](=O)[O-])C3=CC=CC=C3F,CN1C(=O)CN=C(C2=C1C=CC(=C2)[N+](=O)[O-])C3=CC=CC=C3F,660
drug_5b85e2d4bec96a7c6605,Fluocinolone acetonide,fluocinolone acetonide,6215,CC1(OC2CC3C4CC(C5=CC(=O)C=CC5(C4(C(CC3(C2(O1)C(=O)CO)C)O)F)C)F)C,C[C@]12C[C@@H]([C@]3([C@H]([C@@H]1C[C@@H]4[C@]2(OC(O4)(C)C)C(=O)CO)C[C@@H](C5=CC(=O)C=C[C@@]53C)F)F)O,661
drug_27be0973935b9b99b91e,Fluocinonide,fluocinonide,9642,CC(=O)OCC(=O)C12C(CC3C1(CC(C4(C3CC(C5=CC(=O)C=CC54C)F)F)O)C)OC(O2)(C)C,CC(=O)OCC(=O)[C@@]12[C@@H](C[C@@H]3[C@@]1(C[C@@H]([C@]4([C@H]3C[C@@H](C5=CC(=O)C=C[C@@]54C)F)F)O)C)OC(O2)(C)C,662
drug_674b96321c5bc9ddf394,Fluocortolone,fluocortolone,9053,CC1CC2C3CC(C4=CC(=O)C=CC4(C3C(CC2(C1C(=O)CO)C)O)C)F,C[C@@H]1C[C@H]2[C@@H]3C[C@@H](C4=CC(=O)C=C[C@@]4([C@H]3[C@H](C[C@@]2([C@H]1C(=O)CO)C)O)C)F,663
drug_1df7573d5a715d3f5171,Fluorometholone,fluorometholone,9878,CC1CC2C3CCC(C3(CC(C2(C4(C1=CC(=O)C=C4)C)F)O)C)(C(=O)C)O,C[C@H]1C[C@H]2[C@@H]3CC[C@@]([C@]3(C[C@@H]([C@@]2([C@@]4(C1=CC(=O)C=C4)C)F)O)C)(C(=O)C)O,664
drug_9095bd0841212631ef8d,Fluorouracil,fluorouracil,3385,C1=C(C(=O)NC(=O)N1)F,C1=C(C(=O)NC(=O)N1)F,665
drug_6979e68b93072f4457a8,Fluoxetine,fluoxetine,3386,CNCCC(C1=CC=CC=C1)OC2=CC=C(C=C2)C(F)(F)F,CNCCC(C1=CC=CC=C1)OC2=CC=C(C=C2)C(F)(F)F,666
drug_a72e73d4a6c02a47ab1c,Fluoxymesterone,fluoxymesterone,6446,CC12CCC(=O)C=C1CCC3C2(C(CC4(C3CCC4(C)O)C)O)F,C[C@]12CCC(=O)C=C1CC[C@@H]3[C@@]2([C@H](C[C@]4([C@H]3CC[C@]4(C)O)C)O)F,667
drug_95e10d4e638cf2eab4cf,Flupentixol,flupentixol,5281881,C1CN(CCN1CCC=C2C3=CC=CC=C3SC4=C2C=C(C=C4)C(F)(F)F)CCO,C1CN(CCN1CC/C=C\2/C3=CC=CC=C3SC4=C2C=C(C=C4)C(F)(F)F)CCO,668
drug_d4f6f2e0f697ce6b743c,Fluphenazine,fluphenazine,3372,C1CN(CCN1CCCN2C3=CC=CC=C3SC4=C2C=C(C=C4)C(F)(F)F)CCO,C1CN(CCN1CCCN2C3=CC=CC=C3SC4=C2C=C(C=C4)C(F)(F)F)CCO,669
drug_3e4dd13e18c73761f913,Fluprednidene,fluprednidene,11794741,CC12CC(C3(C(C1CC(=C)C2(C(=O)CO)O)CCC4=CC(=O)C=CC43C)F)O,C[C@]12C[C@@H]([C@]3([C@H]([C@@H]1CC(=C)[C@@]2(C(=O)CO)O)CCC4=CC(=O)C=C[C@@]43C)F)O,670
drug_ad65ab4b1a6e7ac18c1c,Flurandrenolide,flurandrenolide,15209,CC1(OC2CC3C4CC(C5=CC(=O)CCC5(C4C(CC3(C2(O1)C(=O)CO)C)O)C)F)C,C[C@]12CCC(=O)C=C1[C@H](C[C@@H]3[C@@H]2[C@H](C[C@]4([C@H]3C[C@@H]5[C@]4(OC(O5)(C)C)C(=O)CO)C)O)F,671
drug_4dad8c9968dfb4048e33,Flurazepam,flurazepam,3393,CCN(CC)CCN1C(=O)CN=C(C2=C1C=CC(=C2)Cl)C3=CC=CC=C3F,CCN(CC)CCN1C(=O)CN=C(C2=C1C=CC(=C2)Cl)C3=CC=CC=C3F,672
drug_a98cbad6a37763a1c7dd,Flurbiprofen,flurbiprofen,3394,CC(C1=CC(=C(C=C1)C2=CC=CC=C2)F)C(=O)O,CC(C1=CC(=C(C=C1)C2=CC=CC=C2)F)C(=O)O,673
drug_48328691326799919a15,Fluspirilene,fluspirilene,3396,C1CN(CCC12C(=O)NCN2C3=CC=CC=C3)CCCC(C4=CC=C(C=C4)F)C5=CC=C(C=C5)F,C1CN(CCC12C(=O)NCN2C3=CC=CC=C3)CCCC(C4=CC=C(C=C4)F)C5=CC=C(C=C5)F,674
drug_c9d35fa3b475c642fcda,Flutamide,flutamide,3397,CC(C)C(=O)NC1=CC(=C(C=C1)[N+](=O)[O-])C(F)(F)F,CC(C)C(=O)NC1=CC(=C(C=C1)[N+](=O)[O-])C(F)(F)F,675
drug_c3cd2ebc20fae4cbc4a7,Fluticasone furoate,fluticasone furoate,9854489,CC1CC2C3CC(C4=CC(=O)C=CC4(C3(C(CC2(C1(C(=O)SCF)OC(=O)C5=CC=CO5)C)O)F)C)F,C[C@@H]1C[C@H]2[C@@H]3C[C@@H](C4=CC(=O)C=C[C@@]4([C@]3([C@H](C[C@@]2([C@]1(C(=O)SCF)OC(=O)C5=CC=CO5)C)O)F)C)F,676
drug_08e69894c0b3a98cfb51,Fluticasone propionate,fluticasone propionate,444036,CCC(=O)OC1(C(CC2C1(CC(C3(C2CC(C4=CC(=O)C=CC43C)F)F)O)C)C)C(=O)SCF,CCC(=O)O[C@@]1([C@@H](C[C@@H]2[C@@]1(C[C@@H]([C@]3([C@H]2C[C@@H](C4=CC(=O)C=C[C@@]43C)F)F)O)C)C)C(=O)SCF,677
drug_7f6a4ba8eda72fbce3fd,Fluvastatin,fluvastatin,1548972,CC(C)N1C2=CC=CC=C2C(=C1C=CC(CC(CC(=O)O)O)O)C3=CC=C(C=C3)F,CC(C)N1C2=CC=CC=C2C(=C1/C=C/[C@@H](C[C@@H](CC(=O)O)O)O)C3=CC=C(C=C3)F,678
drug_2a31eaf67df3e59a03c5,Fluvoxamine,fluvoxamine,5324346,COCCCCC(=NOCCN)C1=CC=C(C=C1)C(F)(F)F,COCCCC/C(=N\OCCN)/C1=CC=C(C=C1)C(F)(F)F,679
drug_501412629a52e590b561,Folic acid,folic acid,135398658,C1=CC(=CC=C1C(=O)NC(CCC(=O)O)C(=O)O)NCC2=CN=C3C(=N2)C(=O)NC(=N3)N,C1=CC(=CC=C1C(=O)N[C@@H](CCC(=O)O)C(=O)O)NCC2=CN=C3C(=N2)C(=O)NC(=N3)N,680
drug_7b5808d4c92db1049d6c,Fomepizole,fomepizole,3406,CC1=CNN=C1,CC1=CNN=C1,681
drug_f8903971a01a596cb14a,Fondaparinux,fondaparinux,5282448,COC1C(C(C(C(O1)COS(=O)(=O)O)OC2C(C(C(C(O2)C(=O)O)OC3C(C(C(C(O3)COS(=O)(=O)O)OC4C(C(C(C(O4)C(=O)O)OC5C(C(C(C(O5)COS(=O)(=O)O)O)O)NS(=O)(=O)O)O)O)OS(=O)(=O)O)NS(=O)(=O)O)O)OS(=O)(=O)O)O)NS(=O)(=O)O,CO[C@@H]1[C@@H]([C@H]([C@@H]([C@H](O1)COS(=O)(=O)O)O[C@H]2[C@@H]([C@H]([C@@H]([C@@H](O2)C(=O)O)O[C@@H]3[C@@H]([C@H]([C@@H]([C@H](O3)COS(=O)(=O)O)O[C@H]4[C@@H]([C@H]([C@@H]([C@H](O4)C(=O)O)O[C@@H]5[C@@H]([C@H]([C@@H]([C@H](O5)COS(=O)(=O)O)O)O)NS(=O)(=O)O)O)O)OS(=O)(=O)O)NS(=O)(=O)O)O)OS(=O)(=O)O)O)NS(=O)(=O)O,682
drug_c325a7f97b989396833c,Formestane,formestane,11273,CC12CCC(=O)C(=C1CCC3C2CCC4(C3CCC4=O)C)O,C[C@]12CCC(=O)C(=C1CC[C@@H]3[C@@H]2CC[C@]4([C@H]3CCC4=O)C)O,683
drug_95918579eb2c9db3f23f,Formoterol,formoterol,3410,CC(CC1=CC=C(C=C1)OC)NCC(C2=CC(=C(C=C2)O)NC=O)O,CC(CC1=CC=C(C=C1)OC)NCC(C2=CC(=C(C=C2)O)NC=O)O,684
drug_ebf49977c6ca8cbd24c7,Fosamprenavir,fosamprenavir,131536,CC(C)CN(CC(C(CC1=CC=CC=C1)NC(=O)OC2CCOC2)OP(=O)(O)O)S(=O)(=O)C3=CC=C(C=C3)N,CC(C)CN(C[C@H]([C@H](CC1=CC=CC=C1)NC(=O)O[C@H]2CCOC2)OP(=O)(O)O)S(=O)(=O)C3=CC=C(C=C3)N,685
drug_87054ae87cba9e8478ed,Fosaprepitant,fosaprepitant,135413538,CC(C1=CC(=CC(=C1)C(F)(F)F)C(F)(F)F)OC2C(N(CCO2)CC3=NN(C(=O)N3)P(=O)(O)O)C4=CC=C(C=C4)F,C[C@H](C1=CC(=CC(=C1)C(F)(F)F)C(F)(F)F)O[C@@H]2[C@@H](N(CCO2)CC3=NN(C(=O)N3)P(=O)(O)O)C4=CC=C(C=C4)F,686
drug_f4dade1b4bd826bac2b5,Foscarnet,foscarnet,3415,C(=O)(O)P(=O)(O)O,C(=O)(O)P(=O)(O)O,687
drug_8eb60395796c8a7a67d5,Fosfomycin,fosfomycin,446987,CC1C(O1)P(=O)(O)O,C[C@H]1[C@H](O1)P(=O)(O)O,688
drug_1c4b9879eb129fba3c9e,Fosinopril,fosinopril,9601226,CCC(=O)OC(C(C)C)OP(=O)(CCCCC1=CC=CC=C1)CC(=O)N2CC(CC2C(=O)O)C3CCCCC3,CCC(=O)O[C@H](C(C)C)O[P@](=O)(CCCCC1=CC=CC=C1)CC(=O)N2C[C@@H](C[C@H]2C(=O)O)C3CCCCC3,689
drug_4a682732a1b5fbf548d8,Fosphenytoin,fosphenytoin,56339,C1=CC=C(C=C1)C2(C(=O)N(C(=O)N2)COP(=O)(O)O)C3=CC=CC=C3,C1=CC=C(C=C1)C2(C(=O)N(C(=O)N2)COP(=O)(O)O)C3=CC=CC=C3,690
drug_f54a9a2d6b9ba6faafa0,Fospropofol,fospropofol,3038498,CC(C)C1=C(C(=CC=C1)C(C)C)OCOP(=O)(O)O,CC(C)C1=C(C(=CC=C1)C(C)C)OCOP(=O)(O)O,691
drug_3a123fb8ce9628200cc6,Framycetin,framycetin,8378,C1C(C(C(C(C1N)OC2C(C(C(C(O2)CN)O)O)N)OC3C(C(C(O3)CO)OC4C(C(C(C(O4)CN)O)O)N)O)O)N,C1[C@H]([C@@H]([C@H]([C@@H]([C@H]1N)O[C@@H]2[C@@H]([C@H]([C@@H]([C@H](O2)CN)O)O)N)O[C@H]3[C@@H]([C@@H]([C@H](O3)CO)O[C@@H]4[C@@H]([C@H]([C@@H]([C@@H](O4)CN)O)O)N)O)O)N,692
drug_e00db244182403b163cf,Frovatriptan,frovatriptan,77992,CNC1CCC2=C(C1)C3=C(N2)C=CC(=C3)C(=O)N,CN[C@@H]1CCC2=C(C1)C3=C(N2)C=CC(=C3)C(=O)N,693
drug_45c4801d03a92e92e148,Fulvestrant,fulvestrant,104741,CC12CCC3C(C1CCC2O)C(CC4=C3C=CC(=C4)O)CCCCCCCCCS(=O)CCCC(C(F)(F)F)(F)F,C[C@]12CC[C@H]3[C@H]([C@@H]1CC[C@@H]2O)[C@@H](CC4=C3C=CC(=C4)O)CCCCCCCCCS(=O)CCCC(C(F)(F)F)(F)F,694
drug_d9d9aea94fabd6193113,Furazolidone,furazolidone,5323714,C1COC(=O)N1N=CC2=CC=C(O2)[N+](=O)[O-],C1COC(=O)N1/N=C/C2=CC=C(O2)[N+](=O)[O-],695
drug_7ae669b86fba6d9a9d8b,Furosemide,furosemide,3440,C1=COC(=C1)CNC2=CC(=C(C=C2C(=O)O)S(=O)(=O)N)Cl,C1=COC(=C1)CNC2=CC(=C(C=C2C(=O)O)S(=O)(=O)N)Cl,696
drug_9194ce74e55c8d698aa1,Fusafungine,fusafungine,3084092,CC(C)C1C(=O)OC(C(=O)N(C(C(=O)OC(C(=O)N(C(C(=O)OC(C(=O)N1C)C(C)C)C(C)C)C)C(C)C)C(C)C)C)C(C)C,CC(C)[C@H]1C(=O)OC(C(=O)N([C@H](C(=O)OC(C(=O)N([C@H](C(=O)OC(C(=O)N1C)C(C)C)C(C)C)C)C(C)C)C(C)C)C)C(C)C,697
drug_55def7a1948dcc855c25,Fusidic acid,fusidic acid,3000226,CC1C2CCC3(C(C2(CCC1O)C)C(CC4C3(CC(C4=C(CCC=C(C)C)C(=O)O)OC(=O)C)C)O)C,C[C@H]1[C@@H]2CC[C@]3([C@H]([C@]2(CC[C@H]1O)C)[C@@H](C[C@@H]\4[C@@]3(C[C@@H](/C4=C(/CCC=C(C)C)\C(=O)O)OC(=O)C)C)O)C,698
drug_3e0baa0973faa3f4268d,Gabapentin,gabapentin,3446,C1CCC(CC1)(CC(=O)O)CN,C1CCC(CC1)(CC(=O)O)CN,699
drug_9600a1567d6ea2c7acb3,Gabapentin enacarbil,gabapentin enacarbil,9883933,CC(C)C(=O)OC(C)OC(=O)NCC1(CCCCC1)CC(=O)O,CC(C)C(=O)OC(C)OC(=O)NCC1(CCCCC1)CC(=O)O,700
drug_64bf0384f63bfab97ddf,Gadobenic acid,gadobenic acid,18177388,[H+].[H+].C1=CC=C(C=C1)COCC(C(=O)[O-])N(CCN(CCN(CC(=O)[O-])CC(=O)[O-])CC(=O)[O-])CC(=O)[O-].[Gd+3],[H+].[H+].C1=CC=C(C=C1)COCC(C(=O)[O-])N(CCN(CCN(CC(=O)[O-])CC(=O)[O-])CC(=O)[O-])CC(=O)[O-].[Gd+3],701
drug_d9420200fb3e1e5d8738,Gadoxetic acid,gadoxetic acid,25203894,[H+].[H+].CCOC1=CC=C(C=C1)CC(CN(CCN(CC(=O)[O-])CC(=O)[O-])CC(=O)[O-])N(CC(=O)[O-])CC(=O)[O-].[Gd+3],[H+].[H+].CCOC1=CC=C(C=C1)C[C@@H](CN(CCN(CC(=O)[O-])CC(=O)[O-])CC(=O)[O-])N(CC(=O)[O-])CC(=O)[O-].[Gd+3],702
drug_4fa206906cc3c80fa7eb,Galantamine,galantamine,9651,CN1CCC23C=CC(CC2OC4=C(C=CC(=C34)C1)OC)O,CN1CC[C@@]23C=C[C@@H](C[C@@H]2OC4=C(C=CC(=C34)C1)OC)O,703
drug_84c7e28f7e05b9b58d4a,Gallamine triethiodide,gallamine triethiodide,6172,CC[N+](CC)(CC)CCOC1=C(C(=CC=C1)OCC[N+](CC)(CC)CC)OCC[N+](CC)(CC)CC.[I-].[I-].[I-],CC[N+](CC)(CC)CCOC1=C(C(=CC=C1)OCC[N+](CC)(CC)CC)OCC[N+](CC)(CC)CC.[I-].[I-].[I-],704
drug_05b7d4634f28abae39c1,Gallium nitrate,gallium nitrate,61635,[N+](=O)([O-])[O-].[N+](=O)([O-])[O-].[N+](=O)([O-])[O-].[Ga+3],[N+](=O)([O-])[O-].[N+](=O)([O-])[O-].[N+](=O)([O-])[O-].[Ga+3],705
drug_9befca4052e03319b760,gamma-Hydroxybutyric acid,gamma-hydroxybutyric acid,10413,C(CC(=O)O)CO,C(CC(=O)O)CO,706
drug_2257e6111cbe7d5271ba,Ganciclovir,ganciclovir,135398740,C1=NC2=C(N1COC(CO)CO)N=C(NC2=O)N,C1=NC2=C(N1COC(CO)CO)N=C(NC2=O)N,707
drug_8a3fcbbd2ebfb6c8f2bd,Gatifloxacin,gatifloxacin,5379,CC1CN(CCN1)C2=C(C=C3C(=C2OC)N(C=C(C3=O)C(=O)O)C4CC4)F,CC1CN(CCN1)C2=C(C=C3C(=C2OC)N(C=C(C3=O)C(=O)O)C4CC4)F,708
drug_a211f5f6690c09079817,Gefitinib,gefitinib,123631,COC1=C(C=C2C(=C1)N=CN=C2NC3=CC(=C(C=C3)F)Cl)OCCCN4CCOCC4,COC1=C(C=C2C(=C1)N=CN=C2NC3=CC(=C(C=C3)F)Cl)OCCCN4CCOCC4,709
drug_cb0f74075776222dab0f,Gemcitabine,gemcitabine,60750,C1=CN(C(=O)N=C1N)C2C(C(C(O2)CO)O)(F)F,C1=CN(C(=O)N=C1N)[C@H]2C([C@@H]([C@H](O2)CO)O)(F)F,710
drug_bd75206737c75ff63841,Gemeprost,gemeprost,5282237,CCCCC(C)(C)C(C=CC1C(CC(=O)C1CCCCC=CC(=O)OC)O)O,CCCCC(C)(C)[C@@H](/C=C/[C@H]1[C@@H](CC(=O)[C@@H]1CCCC/C=C/C(=O)OC)O)O,711
drug_9ae01b01fe6085564a8b,Gemfibrozil,gemfibrozil,3463,CC1=CC(=C(C=C1)C)OCCCC(C)(C)C(=O)O,CC1=CC(=C(C=C1)C)OCCCC(C)(C)C(=O)O,712
drug_188938d1542c9d7f1550,Gemifloxacin,gemifloxacin,9571107,CON=C1CN(CC1CN)C2=C(C=C3C(=O)C(=CN(C3=N2)C4CC4)C(=O)O)F,CO/N=C/1\CN(CC1CN)C2=C(C=C3C(=O)C(=CN(C3=N2)C4CC4)C(=O)O)F,713
drug_9572601dd0bc3e88c35e,Gentamicin,gentamicin,3467,CC(C1CCC(C(O1)OC2C(CC(C(C2O)OC3C(C(C(CO3)(C)O)NC)O)N)N)N)NC,CC(C1CCC(C(O1)OC2C(CC(C(C2O)OC3C(C(C(CO3)(C)O)NC)O)N)N)N)NC,714
drug_8e8279a55a25bb2c9c7f,Gestodene,gestodene,3033968,CCC12CCC3C(C1C=CC2(C#C)O)CCC4=CC(=O)CCC34,CC[C@]12CC[C@H]3[C@H]([C@@H]1C=C[C@]2(C#C)O)CCC4=CC(=O)CC[C@H]34,715
drug_c33d67868df09771a5ec,Gestrinone,gestrinone,27812,CCC12C=CC3=C4CCC(=O)C=C4CCC3C1CCC2(C#C)O,CC[C@]12C=CC3=C4CCC(=O)C=C4CC[C@H]3[C@@H]1CC[C@]2(C#C)O,716
drug_8faa71da1f14edb39033,Gimeracil,gimeracil,54679224,C1=C(C(=CNC1=O)Cl)O,C1=C(C(=CNC1=O)Cl)O,717
drug_694a60352db0b68d50d9,Glecaprevir,glecaprevir,66828839,CC1(CC1)S(=O)(=O)NC(=O)C2(CC2C(F)F)NC(=O)C3CC4CN3C(=O)C(NC(=O)OC5CCCC5OCC=CC(C6=NC7=CC=CC=C7N=C6O4)(F)F)C(C)(C)C,CC1(CC1)S(=O)(=O)NC(=O)[C@]2(C[C@H]2C(F)F)NC(=O)[C@@H]3C[C@@H]4CN3C(=O)[C@@H](NC(=O)O[C@@H]5CCC[C@H]5OC/C=C/C(C6=NC7=CC=CC=C7N=C6O4)(F)F)C(C)(C)C,718
drug_6c58758bc547e0459c07,Gliclazide,gliclazide,3475,CC1=CC=C(C=C1)S(=O)(=O)NC(=O)NN2CC3CCCC3C2,CC1=CC=C(C=C1)S(=O)(=O)NC(=O)NN2CC3CCCC3C2,719
drug_76ac041cc910a9f18262,Glimepiride,glimepiride,3476,CCC1=C(CN(C1=O)C(=O)NCCC2=CC=C(C=C2)S(=O)(=O)NC(=O)NC3CCC(CC3)C)C,CCC1=C(CN(C1=O)C(=O)NCCC2=CC=C(C=C2)S(=O)(=O)NC(=O)NC3CCC(CC3)C)C,720
drug_664518ecff41b61ff3df,Glipizide,glipizide,3478,CC1=CN=C(C=N1)C(=O)NCCC2=CC=C(C=C2)S(=O)(=O)NC(=O)NC3CCCCC3,CC1=CN=C(C=N1)C(=O)NCCC2=CC=C(C=C2)S(=O)(=O)NC(=O)NC3CCCCC3,721
drug_f1a9dcdd9fe7b8e88796,Gliquidone,gliquidone,91610,CC1(C2=C(C=C(C=C2)OC)C(=O)N(C1=O)CCC3=CC=C(C=C3)S(=O)(=O)NC(=O)NC4CCCCC4)C,CC1(C2=C(C=C(C=C2)OC)C(=O)N(C1=O)CCC3=CC=C(C=C3)S(=O)(=O)NC(=O)NC4CCCCC4)C,722
drug_26b65c649e8c174a91f0,Glisoxepide,glisoxepide,32778,CC1=CC(=NO1)C(=O)NCCC2=CC=C(C=C2)S(=O)(=O)NC(=O)NN3CCCCCC3,CC1=CC(=NO1)C(=O)NCCC2=CC=C(C=C2)S(=O)(=O)NC(=O)NN3CCCCCC3,723
drug_d1fa643bd8ba97189e65,Glucosamine,glucosamine,439213,C(C1C(C(C(C(O1)O)N)O)O)O,C([C@@H]1[C@H]([C@@H]([C@H](C(O1)O)N)O)O)O,724
drug_68fdb3b8d127990d7a78,Glutamic acid,glutamic acid,33032,C(CC(=O)O)C(C(=O)O)N,C(CC(=O)O)[C@@H](C(=O)O)N,725
drug_3af8f2660ea90da568f2,Glutethimide,glutethimide,3487,CCC1(CCC(=O)NC1=O)C2=CC=CC=C2,CCC1(CCC(=O)NC1=O)C2=CC=CC=C2,726
drug_40e37af4579f3b422443,Glyburide,glyburide,3488,COC1=C(C=C(C=C1)Cl)C(=O)NCCC2=CC=C(C=C2)S(=O)(=O)NC(=O)NC3CCCCC3,COC1=C(C=C(C=C1)Cl)C(=O)NCCC2=CC=C(C=C2)S(=O)(=O)NC(=O)NC3CCCCC3,727
drug_26aa4a069f0dc6b2a887,Glycerin,glycerin,753,C(C(CO)O)O,C(C(CO)O)O,728
drug_21ff0d760f7462d15b06,Glycerol phenylbutyrate,glycerol phenylbutyrate,10482134,C1=CC=C(C=C1)CCCC(=O)OCC(COC(=O)CCCC2=CC=CC=C2)OC(=O)CCCC3=CC=CC=C3,C1=CC=C(C=C1)CCCC(=O)OCC(COC(=O)CCCC2=CC=CC=C2)OC(=O)CCCC3=CC=CC=C3,729
drug_23401856a13c9011cd56,Glycopyrronium,glycopyrronium,3494,C[N+]1(CCC(C1)OC(=O)C(C2CCCC2)(C3=CC=CC=C3)O)C,C[N+]1(CCC(C1)OC(=O)C(C2CCCC2)(C3=CC=CC=C3)O)C,730
drug_cb35a0a141f4ba79ba4d,Goserelin,goserelin,5311128,CC(C)CC(C(=O)NC(CCCN=C(N)N)C(=O)N1CCCC1C(=O)NNC(=O)N)NC(=O)C(COC(C)(C)C)NC(=O)C(CC2=CC=C(C=C2)O)NC(=O)C(CO)NC(=O)C(CC3=CNC4=CC=CC=C43)NC(=O)C(CC5=CN=CN5)NC(=O)C6CCC(=O)N6,CC(C)C[C@@H](C(=O)N[C@@H](CCCN=C(N)N)C(=O)N1CCC[C@H]1C(=O)NNC(=O)N)NC(=O)[C@@H](COC(C)(C)C)NC(=O)[C@H](CC2=CC=C(C=C2)O)NC(=O)[C@H](CO)NC(=O)[C@H](CC3=CNC4=CC=CC=C43)NC(=O)[C@H](CC5=CN=CN5)NC(=O)[C@@H]6CCC(=O)N6,731
drug_9a5902b04b04f2b8d880,Gramicidin D,gramicidin d,45267103,CC(C)CC(C(=O)NC(C)C(=O)NC(C(C)C)C(=O)NC(C(C)C)C(=O)NC(C(C)C)C(=O)NC(CC1=CNC2=CC=CC=C21)C(=O)NC(CC(C)C)C(=O)NC(CC3=CNC4=CC=CC=C43)C(=O)NC(CC(C)C)C(=O)NC(CC5=CNC6=CC=CC=C65)C(=O)NC(CC(C)C)C(=O)NC(CC7=CNC8=CC=CC=C87)C(=O)NCCO)NC(=O)CNC(=O)C(C(C)C)NC=O,C[C@@H](C(=O)N[C@H](C(C)C)C(=O)N[C@@H](C(C)C)C(=O)N[C@H](C(C)C)C(=O)N[C@@H](CC1=CNC2=CC=CC=C21)C(=O)N[C@H](CC(C)C)C(=O)N[C@@H](CC3=CNC4=CC=CC=C43)C(=O)N[C@H](CC(C)C)C(=O)N[C@@H](CC5=CNC6=CC=CC=C65)C(=O)N[C@H](CC(C)C)C(=O)N[C@@H](CC7=CNC8=CC=CC=C87)C(=O)NCCO)NC(=O)[C@@H](CC(C)C)NC(=O)CNC(=O)[C@H](C(C)C)NC=O,732
drug_a6e022ce13527c7e6164,Granisetron,granisetron,5284566,CN1C2CCCC1CC(C2)NC(=O)C3=NN(C4=CC=CC=C43)C,CN1[C@@H]2CCC[C@H]1CC(C2)NC(=O)C3=NN(C4=CC=CC=C43)C,733
drug_537cc88d8480f5f8961f,Grazoprevir,grazoprevir,44603531,CC(C)(C)C1C(=O)N2CC(CC2C(=O)NC3(CC3C=C)C(=O)NS(=O)(=O)C4CC4)OC5=NC6=C(C=CC(=C6)OC)N=C5CCCCCC7CC7OC(=O)N1,CC(C)(C)[C@H]1C(=O)N2C[C@@H](C[C@H]2C(=O)N[C@@]3(C[C@H]3C=C)C(=O)NS(=O)(=O)C4CC4)OC5=NC6=C(C=CC(=C6)OC)N=C5CCCCC[C@@H]7C[C@H]7OC(=O)N1,734
drug_39de7024398399ade875,Griseofulvin,griseofulvin,441140,CC1CC(=O)C=C(C12C(=O)C3=C(O2)C(=C(C=C3OC)OC)Cl)OC,C[C@@H]1CC(=O)C=C([C@]12C(=O)C3=C(O2)C(=C(C=C3OC)OC)Cl)OC,735
drug_10fc61366c6d373609b3,Guanabenz,guanabenz,5702063,C1=CC(=C(C(=C1)Cl)C=NN=C(N)N)Cl,C1=CC(=C(C(=C1)Cl)/C=N/N=C(N)N)Cl,736
drug_d8978b0579c20a2d8874,Guanadrel,guanadrel,38521,C1CCC2(CC1)OCC(O2)CN=C(N)N,C1CCC2(CC1)OCC(O2)CN=C(N)N,737
drug_8b3025b31833c4fc23dd,Guanethidine,guanethidine,3518,C1CCCN(CCC1)CCN=C(N)N,C1CCCN(CCC1)CCN=C(N)N,738
drug_38c369ce8a9e2aabe104,Guanfacine,guanfacine,3519,C1=CC(=C(C(=C1)Cl)CC(=O)N=C(N)N)Cl,C1=CC(=C(C(=C1)Cl)CC(=O)N=C(N)N)Cl,739
drug_cb828af0b13519062f5f,Halazepam,halazepam,31640,C1C(=O)N(C2=C(C=C(C=C2)Cl)C(=N1)C3=CC=CC=C3)CC(F)(F)F,C1C(=O)N(C2=C(C=C(C=C2)Cl)C(=N1)C3=CC=CC=C3)CC(F)(F)F,740
drug_41ee9b05d62f130deead,Halcinonide,halcinonide,443943,CC1(OC2CC3C4CCC5=CC(=O)CCC5(C4(C(CC3(C2(O1)C(=O)CCl)C)O)F)C)C,C[C@]12CCC(=O)C=C1CC[C@@H]3[C@@]2([C@H](C[C@]4([C@H]3C[C@@H]5[C@]4(OC(O5)(C)C)C(=O)CCl)C)O)F,741
drug_b6bb2e90fee3a85d701e,Halofantrine,halofantrine,37393,CCCCN(CCCC)CCC(C1=C2C=CC(=CC2=C3C=C(C=C(C3=C1)Cl)Cl)C(F)(F)F)O,CCCCN(CCCC)CCC(C1=C2C=CC(=CC2=C3C=C(C=C(C3=C1)Cl)Cl)C(F)(F)F)O,742
drug_4b2e5d23df6206100e42,Haloperidol,haloperidol,3559,C1CN(CCC1(C2=CC=C(C=C2)Cl)O)CCCC(=O)C3=CC=C(C=C3)F,C1CN(CCC1(C2=CC=C(C=C2)Cl)O)CCCC(=O)C3=CC=C(C=C3)F,743
drug_955cdf20bc6184f820b9,Haloprogin,haloprogin,3561,C1=C(C(=CC(=C1Cl)Cl)Cl)OCC#CI,C1=C(C(=CC(=C1Cl)Cl)Cl)OCC#CI,744
drug_5aae724a5c1bdcc3c71a,Halothane,halothane,3562,C(C(F)(F)F)(Cl)Br,C(C(F)(F)F)(Cl)Br,745
drug_2a27b55726dadc69d89b,Hesperetin,hesperetin,72281,COC1=C(C=C(C=C1)C2CC(=O)C3=C(C=C(C=C3O2)O)O)O,COC1=C(C=C(C=C1)[C@@H]2CC(=O)C3=C(C=C(C=C3O2)O)O)O,746
drug_70301aafce19ff543f08,Hexaminolevulinate,hexaminolevulinate,6433083,CCCCCCOC(=O)CCC(=O)CN,CCCCCCOC(=O)CCC(=O)CN,747
drug_182b4f4cff310b5fb2b5,Hexetidine,hexetidine,3607,CCCCC(CC)CN1CC(CN(C1)CC(CC)CCCC)(C)N,CCCCC(CC)CN1CC(CN(C1)CC(CC)CCCC)(C)N,748
drug_7a7a5636b20a831ca150,Hexobarbital,hexobarbital,3608,CC1(C(=O)NC(=O)N(C1=O)C)C2=CCCCC2,CC1(C(=O)NC(=O)N(C1=O)C)C2=CCCCC2,749
drug_d2667d8607b68e750304,Hexoprenaline,hexoprenaline,3609,C1=CC(=C(C=C1C(CNCCCCCCNCC(C2=CC(=C(C=C2)O)O)O)O)O)O,C1=CC(=C(C=C1C(CNCCCCCCNCC(C2=CC(=C(C=C2)O)O)O)O)O)O,750
drug_2b95e8adae9c05d1af7f,Hexylresorcinol,hexylresorcinol,3610,CCCCCCC1=C(C=C(C=C1)O)O,CCCCCCC1=C(C=C(C=C1)O)O,751
drug_cf655476e810af3e797a,Histamine,histamine,774,C1=C(NC=N1)CCN,C1=C(NC=N1)CCN,752
drug_c8fd6d2a945eb0869027,Histrelin,histrelin,25077993,CCNC(=O)C1CCCN1C(=O)C(CCCN=C(N)N)NC(=O)C(CC(C)C)NC(=O)C(CC2=CN(C=N2)CC3=CC=CC=C3)NC(=O)C(CC4=CC=C(C=C4)O)NC(=O)C(CO)NC(=O)C(CC5=CNC6=CC=CC=C65)NC(=O)C(CC7=CN=CN7)NC(=O)C8CCC(=O)N8,CCNC(=O)[C@@H]1CCCN1C(=O)[C@H](CCCN=C(N)N)NC(=O)[C@H](CC(C)C)NC(=O)[C@@H](CC2=CN(C=N2)CC3=CC=CC=C3)NC(=O)[C@H](CC4=CC=C(C=C4)O)NC(=O)[C@H](CO)NC(=O)[C@H](CC5=CNC6=CC=CC=C65)NC(=O)[C@H](CC7=CN=CN7)NC(=O)[C@@H]8CCC(=O)N8,753
drug_9f79995ed07140176b21,Hydralazine,hydralazine,3637,C1=CC=C2C(=C1)C=NN=C2NN,C1=CC=C2C(=C1)C=NN=C2NN,754
drug_c587ceab445a4ceb38ba,Hydrochlorothiazide,hydrochlorothiazide,3639,C1NC2=CC(=C(C=C2S(=O)(=O)N1)S(=O)(=O)N)Cl,C1NC2=CC(=C(C=C2S(=O)(=O)N1)S(=O)(=O)N)Cl,755
drug_25375a46270e2ad6647e,Hydrocodone,hydrocodone,5284569,CN1CCC23C4C1CC5=C2C(=C(C=C5)OC)OC3C(=O)CC4,CN1CC[C@]23[C@@H]4[C@H]1CC5=C2C(=C(C=C5)OC)O[C@H]3C(=O)CC4,756
drug_ea08509817edb481a629,Hydrocortamate,hydrocortamate,84088,CCN(CC)CC(=O)OCC(=O)C1(CCC2C1(CC(C3C2CCC4=CC(=O)CCC34C)O)C)O,CCN(CC)CC(=O)OCC(=O)[C@]1(CC[C@@H]2[C@@]1(C[C@@H]([C@H]3[C@H]2CCC4=CC(=O)CC[C@]34C)O)C)O,757
drug_dc618402991f1b209931,Hydrocortisone,hydrocortisone,5754,CC12CCC(=O)C=C1CCC3C2C(CC4(C3CCC4(C(=O)CO)O)C)O,C[C@]12CCC(=O)C=C1CC[C@@H]3[C@@H]2[C@H](C[C@]4([C@H]3CC[C@@]4(C(=O)CO)O)C)O,758
drug_e4dead7659826ca92be4,Hydroflumethiazide,hydroflumethiazide,3647,C1NC2=C(C=C(C(=C2)C(F)(F)F)S(=O)(=O)N)S(=O)(=O)N1,C1NC2=C(C=C(C(=C2)C(F)(F)F)S(=O)(=O)N)S(=O)(=O)N1,759
drug_3f753f4e98bd94b0809d,Hydromorphone,hydromorphone,5284570,CN1CCC23C4C1CC5=C2C(=C(C=C5)O)OC3C(=O)CC4,CN1CC[C@]23[C@@H]4[C@H]1CC5=C2C(=C(C=C5)O)O[C@H]3C(=O)CC4,760
drug_2e1ef5414444ca7b005a,Hydroxyamphetamine,hydroxyamphetamine,3651,CC(CC1=CC=C(C=C1)O)N,CC(CC1=CC=C(C=C1)O)N,761
drug_07bcbd510992b22d62bc,Hydroxychloroquine,hydroxychloroquine,3652,CCN(CCCC(C)NC1=C2C=CC(=CC2=NC=C1)Cl)CCO,CCN(CCCC(C)NC1=C2C=CC(=CC2=NC=C1)Cl)CCO,762
drug_717b3caf194400393730,Hydroxyprogesterone caproate,hydroxyprogesterone caproate,169870,CCCCCC(=O)OC1(CCC2C1(CCC3C2CCC4=CC(=O)CCC34C)C)C(=O)C,CCCCCC(=O)O[C@@]1(CC[C@@H]2[C@@]1(CC[C@H]3[C@H]2CCC4=CC(=O)CC[C@]34C)C)C(=O)C,763
drug_04a522addd4fbeadb648,Hydroxyurea,hydroxyurea,3657,C(=O)(N)NO,C(=O)(N)NO,764
drug_bccab0e7736abc941d0b,Hydroxyzine,hydroxyzine,3658,C1CN(CCN1CCOCCO)C(C2=CC=CC=C2)C3=CC=C(C=C3)Cl,C1CN(CCN1CCOCCO)C(C2=CC=CC=C2)C3=CC=C(C=C3)Cl,765
drug_0cd8027d17c4d9bf9b93,Ibandronate,ibandronate,60852,CCCCCN(C)CCC(O)(P(=O)(O)O)P(=O)(O)O,CCCCCN(C)CCC(O)(P(=O)(O)O)P(=O)(O)O,766
drug_196a7315f73f07a25f5e,Ibrutinib,ibrutinib,24821094,C=CC(=O)N1CCCC(C1)N2C3=NC=NC(=C3C(=N2)C4=CC=C(C=C4)OC5=CC=CC=C5)N,C=CC(=O)N1CCC[C@H](C1)N2C3=NC=NC(=C3C(=N2)C4=CC=C(C=C4)OC5=CC=CC=C5)N,767
drug_a1662000103c9c747168,Ibudilast,ibudilast,3671,CC(C)C1=NN2C=CC=CC2=C1C(=O)C(C)C,CC(C)C1=NN2C=CC=CC2=C1C(=O)C(C)C,768
drug_a7f187a6f4f060d524a6,Ibuprofen,ibuprofen,3672,CC(C)CC1=CC=C(C=C1)C(C)C(=O)O,CC(C)CC1=CC=C(C=C1)C(C)C(=O)O,769
drug_52f0e9fa426c11be347d,Ibutilide,ibutilide,60753,CCCCCCCN(CC)CCCC(C1=CC=C(C=C1)NS(=O)(=O)C)O,CCCCCCCN(CC)CCCC(C1=CC=C(C=C1)NS(=O)(=O)C)O,770
drug_cf98dc743b7807a95f4e,Icatibant,icatibant,6918173,C1CCC2C(C1)CC(N2C(=O)C3CC4=CC=CC=C4CN3C(=O)C(CO)NC(=O)C(CC5=CC=CS5)NC(=O)CNC(=O)C6CC(CN6C(=O)C7CCCN7C(=O)C(CCCN=C(N)N)NC(=O)C(CCCN=C(N)N)N)O)C(=O)NC(CCCN=C(N)N)C(=O)O,C1CC[C@H]2[C@@H](C1)C[C@H](N2C(=O)[C@H]3CC4=CC=CC=C4CN3C(=O)[C@H](CO)NC(=O)[C@H](CC5=CC=CS5)NC(=O)CNC(=O)[C@@H]6C[C@H](CN6C(=O)[C@@H]7CCCN7C(=O)[C@H](CCCN=C(N)N)NC(=O)[C@@H](CCCN=C(N)N)N)O)C(=O)N[C@@H](CCCN=C(N)N)C(=O)O,771
drug_d31532fb0f66cd2f4eee,Icosapent ethyl,icosapent ethyl,9831415,CCC=CCC=CCC=CCC=CCC=CCCCC(=O)OCC,CC/C=C\C/C=C\C/C=C\C/C=C\C/C=C\CCCC(=O)OCC,772
drug_ef30bfeac179ebfbe656,Icotinib,icotinib,22024915,C#CC1=CC(=CC=C1)NC2=NC=NC3=CC4=C(C=C32)OCCOCCOCCO4,C#CC1=CC(=CC=C1)NC2=NC=NC3=CC4=C(C=C32)OCCOCCOCCO4,773
drug_ddf626c89447aba8cbb1,Idarubicin,idarubicin,42890,CC1C(C(CC(O1)OC2CC(CC3=C2C(=C4C(=C3O)C(=O)C5=CC=CC=C5C4=O)O)(C(=O)C)O)N)O,C[C@H]1[C@H]([C@H](C[C@@H](O1)O[C@H]2C[C@@](CC3=C2C(=C4C(=C3O)C(=O)C5=CC=CC=C5C4=O)O)(C(=O)C)O)N)O,774
drug_a1fee8d2b7e7a15f54ac,Idelalisib,idelalisib,11625818,CCC(C1=NC2=C(C(=CC=C2)F)C(=O)N1C3=CC=CC=C3)NC4=NC=NC5=C4NC=N5,CC[C@@H](C1=NC2=C(C(=CC=C2)F)C(=O)N1C3=CC=CC=C3)NC4=NC=NC5=C4NC=N5,775
drug_8c65bb2e1a49de53385c,Ifenprodil,ifenprodil,3689,CC(C(C1=CC=C(C=C1)O)O)N2CCC(CC2)CC3=CC=CC=C3,CC(C(C1=CC=C(C=C1)O)O)N2CCC(CC2)CC3=CC=CC=C3,776
drug_ce826aa67b695c02f3b0,Ifosfamide,ifosfamide,3690,C1CN(P(=O)(OC1)NCCCl)CCCl,C1CN(P(=O)(OC1)NCCCl)CCCl,777
drug_22a358316bc589a74c26,Iloperidone,iloperidone,71360,CC(=O)C1=CC(=C(C=C1)OCCCN2CCC(CC2)C3=NOC4=C3C=CC(=C4)F)OC,CC(=O)C1=CC(=C(C=C1)OCCCN2CCC(CC2)C3=NOC4=C3C=CC(=C4)F)OC,778
drug_d4d8723b69f628160c57,Iloprost,iloprost,5311181,CC#CCC(C)C(C=CC1C(CC2C1CC(=CCCCC(=O)O)C2)O)O,CC#CCC(C)[C@@H](/C=C/[C@H]1[C@@H](C[C@H]2[C@@H]1C/C(=C/CCCC(=O)O)/C2)O)O,779
drug_711ab55178076b422074,Imatinib,imatinib,5291,CC1=C(C=C(C=C1)NC(=O)C2=CC=C(C=C2)CN3CCN(CC3)C)NC4=NC=CC(=N4)C5=CN=CC=C5,CC1=C(C=C(C=C1)NC(=O)C2=CC=C(C=C2)CN3CCN(CC3)C)NC4=NC=CC(=N4)C5=CN=CC=C5,780
drug_fcbb17da5c9a9dab5568,Imidafenacin,imidafenacin,6433090,CC1=NC=CN1CCC(C2=CC=CC=C2)(C3=CC=CC=C3)C(=O)N,CC1=NC=CN1CCC(C2=CC=CC=C2)(C3=CC=CC=C3)C(=O)N,781
drug_bbf25f6335afb5f6eb76,Imipenem,imipenem,104838,CC(C1C2CC(=C(N2C1=O)C(=O)O)SCCN=CN)O,C[C@H]([C@@H]1[C@H]2CC(=C(N2C1=O)C(=O)O)SCCN=CN)O,782
drug_5bef280772169b5c482b,Imipramine,imipramine,3696,CN(C)CCCN1C2=CC=CC=C2CCC3=CC=CC=C31,CN(C)CCCN1C2=CC=CC=C2CCC3=CC=CC=C31,783
drug_ab6fc72dae93a9a5f55b,Imiquimod,imiquimod,57469,CC(C)CN1C=NC2=C1C3=CC=CC=C3N=C2N,CC(C)CN1C=NC2=C1C3=CC=CC=C3N=C2N,784
drug_9846ab7f20e3fbca746b,Indacaterol,indacaterol,6918554,CCC1=C(C=C2CC(CC2=C1)NCC(C3=C4C=CC(=O)NC4=C(C=C3)O)O)CC,CCC1=C(C=C2CC(CC2=C1)NC[C@@H](C3=C4C=CC(=O)NC4=C(C=C3)O)O)CC,785
drug_ad55af0ca1664ee9be24,Indapamide,indapamide,3702,CC1CC2=CC=CC=C2N1NC(=O)C3=CC(=C(C=C3)Cl)S(=O)(=O)N,CC1CC2=CC=CC=C2N1NC(=O)C3=CC(=C(C=C3)Cl)S(=O)(=O)N,786
drug_3633227458fde5a5ab9d,Indinavir,indinavir,5362440,CC(C)(C)NC(=O)C1CN(CCN1CC(CC(CC2=CC=CC=C2)C(=O)NC3C(CC4=CC=CC=C34)O)O)CC5=CN=CC=C5,CC(C)(C)NC(=O)[C@@H]1CN(CCN1C[C@H](C[C@@H](CC2=CC=CC=C2)C(=O)N[C@@H]3[C@@H](CC4=CC=CC=C34)O)O)CC5=CN=CC=C5,787
drug_e4152816ca26def2160f,Indomethacin,indomethacin,3715,CC1=C(C2=C(N1C(=O)C3=CC=C(C=C3)Cl)C=CC(=C2)OC)CC(=O)O,CC1=C(C2=C(N1C(=O)C3=CC=C(C=C3)Cl)C=CC(=C2)OC)CC(=O)O,788
drug_5983454d931f1c91cbbd,Iobenguane,iobenguane,60860,C1=CC(=CC(=C1)I)CN=C(N)N,C1=CC(=CC(=C1)I)CN=C(N)N,789
drug_e3bdc0fc4e08ba2b3066,Iodide I-131,iodide i-131,167195,[I-],[131I-],790
drug_69e5f0cada13873c830e,Iodipamide,iodipamide,3739,C1=C(C(=C(C(=C1I)NC(=O)CCCCC(=O)NC2=C(C=C(C(=C2I)C(=O)O)I)I)I)C(=O)O)I,C1=C(C(=C(C(=C1I)NC(=O)CCCCC(=O)NC2=C(C=C(C(=C2I)C(=O)O)I)I)I)C(=O)O)I,791
drug_b5d4e9bf44e169d87cf6,Iodixanol,iodixanol,3724,CC(=O)N(CC(CN(C1=C(C(=C(C(=C1I)C(=O)NCC(CO)O)I)C(=O)NCC(CO)O)I)C(=O)C)O)C2=C(C(=C(C(=C2I)C(=O)NCC(CO)O)I)C(=O)NCC(CO)O)I,CC(=O)N(CC(CN(C1=C(C(=C(C(=C1I)C(=O)NCC(CO)O)I)C(=O)NCC(CO)O)I)C(=O)C)O)C2=C(C(=C(C(=C2I)C(=O)NCC(CO)O)I)C(=O)NCC(CO)O)I,792
drug_d0cc622c17a95c87df76,Ioflupane I-123,ioflupane i-123,3086674,COC(=O)C1C2CCC(N2CCCF)CC1C3=CC=C(C=C3)I,COC(=O)[C@@H]1[C@H]2CC[C@H](N2CCCF)C[C@@H]1C3=CC=C(C=C3)[123I],793
drug_d3bc0ce4d44e099cd2fc,Iohexol,iohexol,3730,CC(=O)N(CC(CO)O)C1=C(C(=C(C(=C1I)C(=O)NCC(CO)O)I)C(=O)NCC(CO)O)I,CC(=O)N(CC(CO)O)C1=C(C(=C(C(=C1I)C(=O)NCC(CO)O)I)C(=O)NCC(CO)O)I,794
drug_60b2dd6a4ce168a91f05,Iopamidol,iopamidol,65492,CC(C(=O)NC1=C(C(=C(C(=C1I)C(=O)NC(CO)CO)I)C(=O)NC(CO)CO)I)O,C[C@@H](C(=O)NC1=C(C(=C(C(=C1I)C(=O)NC(CO)CO)I)C(=O)NC(CO)CO)I)O,795
drug_359567691f42428444ea,Iopromide,iopromide,3736,CN(CC(CO)O)C(=O)C1=C(C(=C(C(=C1I)C(=O)NCC(CO)O)I)NC(=O)COC)I,CN(CC(CO)O)C(=O)C1=C(C(=C(C(=C1I)C(=O)NCC(CO)O)I)NC(=O)COC)I,796
drug_6a759494fb3358957e17,Ioversol,ioversol,3741,C(CO)N(C1=C(C(=C(C(=C1I)C(=O)NCC(CO)O)I)C(=O)NCC(CO)O)I)C(=O)CO,C(CO)N(C1=C(C(=C(C(=C1I)C(=O)NCC(CO)O)I)C(=O)NCC(CO)O)I)C(=O)CO,797
drug_812bbadb7c1f583c4201,Ioxilan,ioxilan,3743,CC(=O)N(CC(CO)O)C1=C(C(=C(C(=C1I)C(=O)NCC(CO)O)I)C(=O)NCCO)I,CC(=O)N(CC(CO)O)C1=C(C(=C(C(=C1I)C(=O)NCC(CO)O)I)C(=O)NCCO)I,798
drug_c9b856a51f4006dce903,Ipratropium,ipratropium,657309,CC(C)[N+]1(C2CCC1CC(C2)OC(=O)C(CO)C3=CC=CC=C3)C,CC(C)[N+]1([C@@H]2CC[C@H]1CC(C2)OC(=O)C(CO)C3=CC=CC=C3)C,799
drug_be42aa66ac6fb0e0e52d,Irbesartan,irbesartan,3749,CCCCC1=NC2(CCCC2)C(=O)N1CC3=CC=C(C=C3)C4=CC=CC=C4C5=NNN=N5,CCCCC1=NC2(CCCC2)C(=O)N1CC3=CC=C(C=C3)C4=CC=CC=C4C5=NNN=N5,800
drug_3298e18a6458b82b6132,Irinotecan,irinotecan,60838,CCC1=C2CN3C(=CC4=C(C3=O)COC(=O)C4(CC)O)C2=NC5=C1C=C(C=C5)OC(=O)N6CCC(CC6)N7CCCCC7,CCC1=C2CN3C(=CC4=C(C3=O)COC(=O)[C@@]4(CC)O)C2=NC5=C1C=C(C=C5)OC(=O)N6CCC(CC6)N7CCCCC7,801
drug_04e9c0db87e7eebbf812,Iron,iron,23925,[Fe],[Fe],802
drug_e1680cda9aada8dc205c,Isavuconazole,isavuconazole,6918485,CC(C1=NC(=CS1)C2=CC=C(C=C2)C#N)C(CN3C=NC=N3)(C4=C(C=CC(=C4)F)F)O,C[C@@H](C1=NC(=CS1)C2=CC=C(C=C2)C#N)[C@](CN3C=NC=N3)(C4=C(C=CC(=C4)F)F)O,803
drug_7c9c377072fb921b9308,Isavuconazonium,isavuconazonium,6918606,CC(C1=NC(=CS1)C2=CC=C(C=C2)C#N)C(CN3C=[N+](C=N3)C(C)OC(=O)N(C)C4=C(C=CC=N4)COC(=O)CNC)(C5=C(C=CC(=C5)F)F)O,C[C@@H](C1=NC(=CS1)C2=CC=C(C=C2)C#N)[C@](CN3C=[N+](C=N3)C(C)OC(=O)N(C)C4=C(C=CC=N4)COC(=O)CNC)(C5=C(C=CC(=C5)F)F)O,804
drug_d8695a23b27b605434f1,Isocarboxazid,isocarboxazid,3759,CC1=CC(=NO1)C(=O)NNCC2=CC=CC=C2,CC1=CC(=NO1)C(=O)NNCC2=CC=CC=C2,805
drug_43441104517d6e876a6c,Isoconazole,isoconazole,3760,C1=CC(=C(C(=C1)Cl)COC(CN2C=CN=C2)C3=C(C=C(C=C3)Cl)Cl)Cl,C1=CC(=C(C(=C1)Cl)COC(CN2C=CN=C2)C3=C(C=C(C=C3)Cl)Cl)Cl,806
drug_dc36665b2b25e310cac2,Isoetharine,isoetharine,3762,CCC(C(C1=CC(=C(C=C1)O)O)O)NC(C)C,CCC(C(C1=CC(=C(C=C1)O)O)O)NC(C)C,807
drug_0487c973d003d3749ec8,Isoflurane,isoflurane,3763,C(C(F)(F)F)(OC(F)F)Cl,C(C(F)(F)F)(OC(F)F)Cl,808
drug_225c6015289a4904475f,Isoflurophate,isoflurophate,5936,CC(C)OP(=O)(OC(C)C)F,CC(C)OP(=O)(OC(C)C)F,809
drug_2d06542e55ad2158eca5,Isometheptene,isometheptene,22297,CC(CCC=C(C)C)NC,CC(CCC=C(C)C)NC,810
drug_0302fe55cfd6d4c5b7c6,Isoniazid,isoniazid,3767,C1=CN=CC=C1C(=O)NN,C1=CN=CC=C1C(=O)NN,811
drug_9a349fe01d50a535826c,Isoprenaline,isoprenaline,3779,CC(C)NCC(C1=CC(=C(C=C1)O)O)O,CC(C)NCC(C1=CC(=C(C=C1)O)O)O,812
drug_d24de352bacf06fde7e3,Isosorbide dinitrate,isosorbide dinitrate,6883,C1C(C2C(O1)C(CO2)O[N+](=O)[O-])O[N+](=O)[O-],C1[C@H]([C@@H]2[C@H](O1)[C@H](CO2)O[N+](=O)[O-])O[N+](=O)[O-],813
drug_b77321a9fc1f281e7aa2,Isosorbide mononitrate,isosorbide mononitrate,27661,C1C(C2C(O1)C(CO2)O[N+](=O)[O-])O,C1[C@@H]([C@@H]2[C@H](O1)[C@@H](CO2)O[N+](=O)[O-])O,814
drug_036dcf23de584dbe7536,Isothipendyl,isothipendyl,3781,CC(CN1C2=CC=CC=C2SC3=C1N=CC=C3)N(C)C,CC(CN1C2=CC=CC=C2SC3=C1N=CC=C3)N(C)C,815
drug_e67829c3acde78ae9430,Isotretinoin,isotretinoin,5282379,CC1=C(C(CCC1)(C)C)C=CC(=CC=CC(=CC(=O)O)C)C,CC1=C(C(CCC1)(C)C)/C=C/C(=C/C=C/C(=C\C(=O)O)/C)/C,816
drug_5c40f6e71b2fa9c4bebf,Isoxsuprine,isoxsuprine,11779629,CC(COC1=CC=CC=C1)NC(C)C(C2=CC=C(C=C2)O)O,C[C@H](COC1=CC=CC=C1)N[C@H](C)[C@H](C2=CC=C(C=C2)O)O,817
drug_ed3d5017d36451341a7f,Isradipine,isradipine,3784,CC1=C(C(C(=C(N1)C)C(=O)OC(C)C)C2=CC=CC3=NON=C32)C(=O)OC,CC1=C(C(C(=C(N1)C)C(=O)OC(C)C)C2=CC=CC3=NON=C32)C(=O)OC,818
drug_25098b221a1529aaabce,Itraconazole,itraconazole,55283,CCC(C)N1C(=O)N(C=N1)C2=CC=C(C=C2)N3CCN(CC3)C4=CC=C(C=C4)OCC5COC(O5)(CN6C=NC=N6)C7=C(C=C(C=C7)Cl)Cl,CCC(C)N1C(=O)N(C=N1)C2=CC=C(C=C2)N3CCN(CC3)C4=CC=C(C=C4)OC[C@H]5CO[C@](O5)(CN6C=NC=N6)C7=C(C=C(C=C7)Cl)Cl,819
drug_c7affcaf1505a0d68c65,Ivabradine,ivabradine,132999,CN(CCCN1CCC2=CC(=C(C=C2CC1=O)OC)OC)CC3CC4=CC(=C(C=C34)OC)OC,CN(CCCN1CCC2=CC(=C(C=C2CC1=O)OC)OC)C[C@H]3CC4=CC(=C(C=C34)OC)OC,820
drug_f2925b8efe117308b428,Ivacaftor,ivacaftor,16220172,CC(C)(C)C1=CC(=C(C=C1NC(=O)C2=CNC3=CC=CC=C3C2=O)O)C(C)(C)C,CC(C)(C)C1=CC(=C(C=C1NC(=O)C2=CNC3=CC=CC=C3C2=O)O)C(C)(C)C,821
drug_5c56e11b3c1d8ff54c3e,Ixabepilone,ixabepilone,6445540,CC1CCCC2(C(O2)CC(NC(=O)CC(C(C(=O)C(C1O)C)(C)C)O)C(=CC3=CSC(=N3)C)C)C,C[C@H]1CCC[C@@]2([C@@H](O2)C[C@H](NC(=O)C[C@@H](C(C(=O)[C@@H]([C@H]1O)C)(C)C)O)/C(=C/C3=CSC(=N3)C)/C)C,822
drug_f9d830b61da732926f7b,Ixazomib,ixazomib,25183872,B(C(CC(C)C)NC(=O)CNC(=O)C1=C(C=CC(=C1)Cl)Cl)(O)O,B([C@H](CC(C)C)NC(=O)CNC(=O)C1=C(C=CC(=C1)Cl)Cl)(O)O,823
drug_b1cc3e615161735be969,Josamycin,josamycin,5282165,CC1CC=CC=CC(C(CC(C(C(C(CC(=O)O1)OC(=O)C)OC)OC2C(C(C(C(O2)C)OC3CC(C(C(O3)C)OC(=O)CC(C)C)(C)O)N(C)C)O)CC=O)C)O,C[C@@H]1C/C=C/C=C/[C@@H]([C@@H](C[C@@H]([C@@H]([C@H]([C@@H](CC(=O)O1)OC(=O)C)OC)O[C@H]2[C@@H]([C@H]([C@@H]([C@H](O2)C)O[C@H]3C[C@@]([C@H]([C@@H](O3)C)OC(=O)CC(C)C)(C)O)N(C)C)O)CC=O)C)O,824
drug_80f839e4863d14d710d5,Kanamycin,kanamycin,6032,C1C(C(C(C(C1N)OC2C(C(C(C(O2)CN)O)O)O)O)OC3C(C(C(C(O3)CO)O)N)O)N,C1[C@H]([C@@H]([C@H]([C@@H]([C@H]1N)O[C@@H]2[C@@H]([C@H]([C@@H]([C@H](O2)CN)O)O)O)O)O[C@@H]3[C@@H]([C@H]([C@@H]([C@H](O3)CO)O)N)O)N,825
drug_9e0cc3ac15e85ac0c396,Ketamine,ketamine,3821,CNC1(CCCCC1=O)C2=CC=CC=C2Cl,CNC1(CCCCC1=O)C2=CC=CC=C2Cl,826
drug_54a6c347a358428a2013,Ketazolam,ketazolam,33746,CC1=CC(=O)N2CC(=O)N(C3=C(C2(O1)C4=CC=CC=C4)C=C(C=C3)Cl)C,CC1=CC(=O)N2CC(=O)N(C3=C(C2(O1)C4=CC=CC=C4)C=C(C=C3)Cl)C,827
drug_e8a56df6ec22ef607855,Ketobemidone,ketobemidone,10101,CCC(=O)C1(CCN(CC1)C)C2=CC(=CC=C2)O,CCC(=O)C1(CCN(CC1)C)C2=CC(=CC=C2)O,828
drug_a0ceb6f64cf43362d733,Ketoconazole,ketoconazole,47576,CC(=O)N1CCN(CC1)C2=CC=C(C=C2)OCC3COC(O3)(CN4C=CN=C4)C5=C(C=C(C=C5)Cl)Cl,CC(=O)N1CCN(CC1)C2=CC=C(C=C2)OC[C@@H]3CO[C@@](O3)(CN4C=CN=C4)C5=C(C=C(C=C5)Cl)Cl,829
drug_bafcfc2d70ff00714634,Ketoprofen,ketoprofen,3825,CC(C1=CC(=CC=C1)C(=O)C2=CC=CC=C2)C(=O)O,CC(C1=CC(=CC=C1)C(=O)C2=CC=CC=C2)C(=O)O,830
drug_6029915abe85a3ec43ca,Ketorolac,ketorolac,3826,C1CN2C(=CC=C2C(=O)C3=CC=CC=C3)C1C(=O)O,C1CN2C(=CC=C2C(=O)C3=CC=CC=C3)C1C(=O)O,831
drug_321652021ad3468b690f,Ketotifen,ketotifen,3827,CN1CCC(=C2C3=C(C(=O)CC4=CC=CC=C42)SC=C3)CC1,CN1CCC(=C2C3=C(C(=O)CC4=CC=CC=C42)SC=C3)CC1,832
drug_dc5a304b947457fb1d85,L-Glutamine,l-glutamine,5961,C(CC(=O)N)C(C(=O)O)N,C(CC(=O)N)[C@@H](C(=O)O)N,833
drug_5cee6b7aa2fcb727ca0e,Labetalol,labetalol,3869,CC(CCC1=CC=CC=C1)NCC(C2=CC(=C(C=C2)O)C(=O)N)O,CC(CCC1=CC=CC=C1)NCC(C2=CC(=C(C=C2)O)C(=O)N)O,834
drug_ea7dc7da9c02f1ef77db,Lacidipine,lacidipine,5311217,CCOC(=O)C1=C(NC(=C(C1C2=CC=CC=C2C=CC(=O)OC(C)(C)C)C(=O)OCC)C)C,CCOC(=O)C1=C(NC(=C(C1C2=CC=CC=C2/C=C/C(=O)OC(C)(C)C)C(=O)OCC)C)C,835
drug_22349d78def3ee7d04c7,Lacosamide,lacosamide,219078,CC(=O)NC(COC)C(=O)NCC1=CC=CC=C1,CC(=O)N[C@H](COC)C(=O)NCC1=CC=CC=C1,836
drug_1d1d7d90769a36e59b9e,Lactic acid,lactic acid,612,CC(C(=O)O)O,CC(C(=O)O)O,837
drug_a1cc759236fcad739b81,Lactulose,lactulose,11333,C(C1C(C(C(C(O1)OC2C(OC(C2O)(CO)O)CO)O)O)O)O,C([C@@H]1[C@@H]([C@@H]([C@H]([C@@H](O1)O[C@@H]2[C@H](O[C@@]([C@H]2O)(CO)O)CO)O)O)O)O,838
drug_16b3ed458b090a161fda,Lamivudine,lamivudine,60825,C1C(OC(S1)CO)N2C=CC(=NC2=O)N,C1[C@H](O[C@H](S1)CO)N2C=CC(=NC2=O)N,839
drug_f3a25f61795bddd91c0f,Lamotrigine,lamotrigine,3878,C1=CC(=C(C(=C1)Cl)Cl)C2=C(N=C(N=N2)N)N,C1=CC(=C(C(=C1)Cl)Cl)C2=C(N=C(N=N2)N)N,840
drug_6c8543030848662b32d5,Lanreotide,lanreotide,6918011,CC(C)C1C(=O)NC(CSSCC(C(=O)NC(C(=O)NC(C(=O)NC(C(=O)N1)CCCCN)CC2=CNC3=CC=CC=C32)CC4=CC=C(C=C4)O)NC(=O)C(CC5=CC6=CC=CC=C6C=C5)N)C(=O)NC(C(C)O)C(=O)N,C[C@H]([C@@H](C(=O)N)NC(=O)[C@@H]1CSSC[C@@H](C(=O)N[C@H](C(=O)N[C@@H](C(=O)N[C@H](C(=O)N[C@H](C(=O)N1)C(C)C)CCCCN)CC2=CNC3=CC=CC=C32)CC4=CC=C(C=C4)O)NC(=O)[C@@H](CC5=CC6=CC=CC=C6C=C5)N)O,841
drug_baba3fbcb43c8c6ff870,Lansoprazole,lansoprazole,3883,CC1=C(C=CN=C1CS(=O)C2=NC3=CC=CC=C3N2)OCC(F)(F)F,CC1=C(C=CN=C1CS(=O)C2=NC3=CC=CC=C3N2)OCC(F)(F)F,842
drug_3afa3d6c1762effc18fe,Lanthanum carbonate,lanthanum carbonate,168924,C(=O)([O-])[O-].C(=O)([O-])[O-].C(=O)([O-])[O-].[La+3].[La+3],C(=O)([O-])[O-].C(=O)([O-])[O-].C(=O)([O-])[O-].[La+3].[La+3],843
drug_737f17df6ddc771d83ff,Lapatinib,lapatinib,208908,CS(=O)(=O)CCNCC1=CC=C(O1)C2=CC3=C(C=C2)N=CN=C3NC4=CC(=C(C=C4)OCC5=CC(=CC=C5)F)Cl,CS(=O)(=O)CCNCC1=CC=C(O1)C2=CC3=C(C=C2)N=CN=C3NC4=CC(=C(C=C4)OCC5=CC(=CC=C5)F)Cl,844
drug_9e3c7b7c3954b3f9327f,Lasofoxifene,lasofoxifene,216416,C1CCN(C1)CCOC2=CC=C(C=C2)C3C(CCC4=C3C=CC(=C4)O)C5=CC=CC=C5,C1CCN(C1)CCOC2=CC=C(C=C2)[C@H]3[C@H](CCC4=C3C=CC(=C4)O)C5=CC=CC=C5,845
drug_90eba47468e637c286eb,Latamoxef,latamoxef,47499,CN1C(=NN=N1)SCC2=C(N3C(C(C3=O)(NC(=O)C(C4=CC=C(C=C4)O)C(=O)O)OC)OC2)C(=O)O,CN1C(=NN=N1)SCC2=C(N3[C@@H]([C@@](C3=O)(NC(=O)C(C4=CC=C(C=C4)O)C(=O)O)OC)OC2)C(=O)O,846
drug_b3d047debe342e7b5f04,Latanoprost,latanoprost,5311221,CC(C)OC(=O)CCCC=CCC1C(CC(C1CCC(CCC2=CC=CC=C2)O)O)O,CC(C)OC(=O)CCC/C=C\C[C@H]1[C@H](C[C@H]([C@@H]1CC[C@H](CCC2=CC=CC=C2)O)O)O,847
drug_25f9435ae06326ef71c0,Latanoprostene bunod,latanoprostene bunod,11156438,C1C(C(C(C1O)CC=CCCCC(=O)OCCCCO[N+](=O)[O-])CCC(CCC2=CC=CC=C2)O)O,C1[C@H]([C@@H]([C@H]([C@H]1O)C/C=C\CCCC(=O)OCCCCO[N+](=O)[O-])CC[C@H](CCC2=CC=CC=C2)O)O,848
drug_06851fe98c2134b39888,Ledipasvir,ledipasvir,67505836,CC(C)C(C(=O)N1CC2(CC2)CC1C3=NC=C(N3)C4=CC5=C(C=C4)C6=C(C5(F)F)C=C(C=C6)C7=CC8=C(C=C7)N=C(N8)C9C1CCC(C1)N9C(=O)C(C(C)C)NC(=O)OC)NC(=O)OC,CC(C)[C@@H](C(=O)N1CC2(CC2)C[C@H]1C3=NC=C(N3)C4=CC5=C(C=C4)C6=C(C5(F)F)C=C(C=C6)C7=CC8=C(C=C7)N=C(N8)[C@@H]9[C@H]1CC[C@H](C1)N9C(=O)[C@H](C(C)C)NC(=O)OC)NC(=O)OC,849
drug_3ad73b74e2dd7fa84000,Leflunomide,leflunomide,3899,CC1=C(C=NO1)C(=O)NC2=CC=C(C=C2)C(F)(F)F,CC1=C(C=NO1)C(=O)NC2=CC=C(C=C2)C(F)(F)F,850
drug_5f0194b3aac51d828952,Lenalidomide,lenalidomide,216326,C1CC(=O)NC(=O)C1N2CC3=C(C2=O)C=CC=C3N,C1CC(=O)NC(=O)C1N2CC3=C(C2=O)C=CC=C3N,851
drug_949cb281558e7272b29b,Lenvatinib,lenvatinib,9823820,COC1=CC2=NC=CC(=C2C=C1C(=O)N)OC3=CC(=C(C=C3)NC(=O)NC4CC4)Cl,COC1=CC2=NC=CC(=C2C=C1C(=O)N)OC3=CC(=C(C=C3)NC(=O)NC4CC4)Cl,852
drug_5f34d204e715ac699499,Lercanidipine,lercanidipine,65866,CC1=C(C(C(=C(N1)C)C(=O)OC(C)(C)CN(C)CCC(C2=CC=CC=C2)C3=CC=CC=C3)C4=CC(=CC=C4)[N+](=O)[O-])C(=O)OC,CC1=C(C(C(=C(N1)C)C(=O)OC(C)(C)CN(C)CCC(C2=CC=CC=C2)C3=CC=CC=C3)C4=CC(=CC=C4)[N+](=O)[O-])C(=O)OC,853
drug_01508b51afa73ce30d73,Lesinurad,lesinurad,53465279,C1CC1C2=CC=C(C3=CC=CC=C23)N4C(=NN=C4Br)SCC(=O)O,C1CC1C2=CC=C(C3=CC=CC=C23)N4C(=NN=C4Br)SCC(=O)O,854
drug_418e02ec5c6a3c68ba20,Letermovir,letermovir,45138674,COC1=C(C=C(C=C1)C(F)(F)F)N2C(C3=C(C(=CC=C3)F)N=C2N4CCN(CC4)C5=CC(=CC=C5)OC)CC(=O)O,COC1=C(C=C(C=C1)C(F)(F)F)N2[C@H](C3=C(C(=CC=C3)F)N=C2N4CCN(CC4)C5=CC(=CC=C5)OC)CC(=O)O,855
drug_c1edbf85dc45169684ba,Letrozole,letrozole,3902,C1=CC(=CC=C1C#N)C(C2=CC=C(C=C2)C#N)N3C=NC=N3,C1=CC(=CC=C1C#N)C(C2=CC=C(C=C2)C#N)N3C=NC=N3,856
drug_477cf9e8e11e3a7b1c40,Leucovorin,leucovorin,135403648,C1C(N(C2=C(N1)N=C(NC2=O)N)C=O)CNC3=CC=C(C=C3)C(=O)NC(CCC(=O)O)C(=O)O,C1C(N(C2=C(N1)N=C(NC2=O)N)C=O)CNC3=CC=C(C=C3)C(=O)N[C@@H](CCC(=O)O)C(=O)O,857
drug_5769b592dd0614e39bca,Levacetylmethadol,levacetylmethadol,15130,CCC(C(CC(C)N(C)C)(C1=CC=CC=C1)C2=CC=CC=C2)OC(=O)C,CC[C@@H](C(C[C@H](C)N(C)C)(C1=CC=CC=C1)C2=CC=CC=C2)OC(=O)C,858
drug_b1fabb74070527e63baa,Levallorphan,levallorphan,5359371,C=CCN1CCC23CCCCC2C1CC4=C3C=C(C=C4)O,C=CCN1CC[C@]23CCCC[C@H]2[C@H]1CC4=C3C=C(C=C4)O,859
drug_3a69c63f450411d3cde8,Levetiracetam,levetiracetam,5284583,CCC(C(=O)N)N1CCCC1=O,CC[C@@H](C(=O)N)N1CCCC1=O,860
drug_960112e14bf62a30a655,Levobunolol,levobunolol,39468,CC(C)(C)NCC(COC1=CC=CC2=C1CCCC2=O)O,CC(C)(C)NC[C@@H](COC1=CC=CC2=C1CCCC2=O)O,861
drug_4899b8d841da1e8ed0d4,Levobupivacaine,levobupivacaine,92253,CCCCN1CCCCC1C(=O)NC2=C(C=CC=C2C)C,CCCCN1CCCC[C@H]1C(=O)NC2=C(C=CC=C2C)C,862
drug_e812847fd65d0f2f01a3,Levocabastine,levocabastine,54385,CC1CN(CCC1(C2=CC=CC=C2)C(=O)O)C3CCC(CC3)(C#N)C4=CC=C(C=C4)F,C[C@@H]1CN(CC[C@@]1(C2=CC=CC=C2)C(=O)O)C3CCC(CC3)(C#N)C4=CC=C(C=C4)F,863
drug_3a7abda4380a98e3f102,Levocarnitine,levocarnitine,10917,C[N+](C)(C)CC(CC(=O)[O-])O,C[N+](C)(C)C[C@@H](CC(=O)[O-])O,864
drug_7847e40c7fa6264fbd0a,Levocetirizine,levocetirizine,1549000,C1CN(CCN1CCOCC(=O)O)C(C2=CC=CC=C2)C3=CC=C(C=C3)Cl,C1CN(CCN1CCOCC(=O)O)[C@H](C2=CC=CC=C2)C3=CC=C(C=C3)Cl,865
drug_cbf5c8d76e1dbb076fe3,Levodopa,levodopa,6047,C1=CC(=C(C=C1CC(C(=O)O)N)O)O,C1=CC(=C(C=C1C[C@@H](C(=O)O)N)O)O,866
drug_c9b8d056c5c60512638b,Levofloxacin,levofloxacin,149096,CC1COC2=C3N1C=C(C(=O)C3=CC(=C2N4CCN(CC4)C)F)C(=O)O,C[C@H]1COC2=C3N1C=C(C(=O)C3=CC(=C2N4CCN(CC4)C)F)C(=O)O,867
drug_9fd81c65d5d0c7480077,Levoleucovorin,levoleucovorin,135398559,C1C(N(C2=C(N1)N=C(NC2=O)N)C=O)CNC3=CC=C(C=C3)C(=O)NC(CCC(=O)O)C(=O)O,C1[C@@H](N(C2=C(N1)N=C(NC2=O)N)C=O)CNC3=CC=C(C=C3)C(=O)N[C@@H](CCC(=O)O)C(=O)O,868
drug_aa164f718ed31213c5c3,Levomefolic acid,levomefolic acid,135398561,CN1C(CNC2=C1C(=O)NC(=N2)N)CNC3=CC=C(C=C3)C(=O)NC(CCC(=O)O)C(=O)O,CN1[C@H](CNC2=C1C(=O)NC(=N2)N)CNC3=CC=C(C=C3)C(=O)N[C@@H](CCC(=O)O)C(=O)O,869
drug_40b5105775e4e02b7a1e,Levomenol,levomenol,442343,CC1=CCC(CC1)C(C)(CCC=C(C)C)O,CC1=CC[C@H](CC1)[C@](C)(CCC=C(C)C)O,870
drug_30d5303a0972226bbf11,Levomilnacipran,levomilnacipran,6917779,CCN(CC)C(=O)C1(CC1CN)C2=CC=CC=C2,CCN(CC)C(=O)[C@]1(C[C@H]1CN)C2=CC=CC=C2,871
drug_a95868978c45f1121b67,Levonordefrin,levonordefrin,164739,CC(C(C1=CC(=C(C=C1)O)O)O)N,C[C@@H]([C@@H](C1=CC(=C(C=C1)O)O)O)N,872
drug_8f52105a3f9742732976,Levonorgestrel,levonorgestrel,13109,CCC12CCC3C(C1CCC2(C#C)O)CCC4=CC(=O)CCC34,CC[C@]12CC[C@H]3[C@H]([C@@H]1CC[C@]2(C#C)O)CCC4=CC(=O)CC[C@H]34,873
drug_01994f73b6b1029fa411,Levorphanol,levorphanol,5359272,CN1CCC23CCCCC2C1CC4=C3C=C(C=C4)O,CN1CC[C@]23CCCC[C@H]2[C@H]1CC4=C3C=C(C=C4)O,874
drug_f88184b8243baecc601b,Levosalbutamol,levosalbutamol,123600,CC(C)(C)NCC(C1=CC(=C(C=C1)O)CO)O,CC(C)(C)NC[C@@H](C1=CC(=C(C=C1)O)CO)O,875
drug_5160bdbdd30c648a74f0,Levosimendan,levosimendan,3033825,CC1CC(=O)NN=C1C2=CC=C(C=C2)NN=C(C#N)C#N,C[C@@H]1CC(=O)NN=C1C2=CC=C(C=C2)NN=C(C#N)C#N,876
drug_d72304c0df8f5bd187bf,Levothyroxine,levothyroxine,5819,C1=C(C=C(C(=C1I)OC2=CC(=C(C(=C2)I)O)I)I)CC(C(=O)O)N,C1=C(C=C(C(=C1I)OC2=CC(=C(C(=C2)I)O)I)I)C[C@@H](C(=O)O)N,877
drug_cf7852928e26c97bce67,Lidocaine,lidocaine,3676,CCN(CC)CC(=O)NC1=C(C=CC=C1C)C,CCN(CC)CC(=O)NC1=C(C=CC=C1C)C,878
drug_022a57448a45fab8f040,Limaprost,limaprost,6438378,CCCCC(C)CC(C=CC1C(CC(=O)C1CCCCC=CC(=O)O)O)O,CCCC[C@H](C)C[C@@H](/C=C/[C@H]1[C@@H](CC(=O)[C@@H]1CCCC/C=C/C(=O)O)O)O,879
drug_12cc9f332d10766fdf82,Linagliptin,linagliptin,10096344,CC#CCN1C2=C(N=C1N3CCCC(C3)N)N(C(=O)N(C2=O)CC4=NC5=CC=CC=C5C(=N4)C)C,CC#CCN1C2=C(N=C1N3CCC[C@H](C3)N)N(C(=O)N(C2=O)CC4=NC5=CC=CC=C5C(=N4)C)C,880
drug_29f1df2b5bb6f7bd69f1,Lincomycin,lincomycin,3000540,CCCC1CC(N(C1)C)C(=O)NC(C2C(C(C(C(O2)SC)O)O)O)C(C)O,CCC[C@@H]1C[C@H](N(C1)C)C(=O)N[C@@H]([C@@H]2[C@@H]([C@@H]([C@H]([C@H](O2)SC)O)O)O)[C@@H](C)O,881
drug_3e1f6a6c418b9080c6d8,Linezolid,linezolid,441401,CC(=O)NCC1CN(C(=O)O1)C2=CC(=C(C=C2)N3CCOCC3)F,CC(=O)NC[C@H]1CN(C(=O)O1)C2=CC(=C(C=C2)N3CCOCC3)F,882
drug_a918468e3323d929d546,Liothyronine,liothyronine,5920,C1=CC(=C(C=C1OC2=C(C=C(C=C2I)CC(C(=O)O)N)I)I)O,C1=CC(=C(C=C1OC2=C(C=C(C=C2I)C[C@@H](C(=O)O)N)I)I)O,883
drug_e770eb11f6d1d16944cc,Liotrix,liotrix,71371,C1=CC(=C(C=C1OC2=C(C=C(C=C2I)CC(C(=O)[O-])N)I)I)O.C1=C(C=C(C(=C1I)OC2=CC(=C(C(=C2)I)O)I)I)CC(C(=O)[O-])N.[Na+].[Na+],C1=CC(=C(C=C1OC2=C(C=C(C=C2I)C[C@@H](C(=O)[O-])N)I)I)O.C1=C(C=C(C(=C1I)OC2=CC(=C(C(=C2)I)O)I)I)C[C@@H](C(=O)[O-])N.[Na+].[Na+],884
drug_c4d85249100bbce126fe,Lisdexamfetamine,lisdexamfetamine,11597698,CC(CC1=CC=CC=C1)NC(=O)C(CCCCN)N,C[C@@H](CC1=CC=CC=C1)NC(=O)[C@H](CCCCN)N,885
drug_78c50fa41383eee71291,Lisinopril,lisinopril,5362119,C1CC(N(C1)C(=O)C(CCCCN)NC(CCC2=CC=CC=C2)C(=O)O)C(=O)O,C1C[C@H](N(C1)C(=O)[C@H](CCCCN)N[C@@H](CCC2=CC=CC=C2)C(=O)O)C(=O)O,886
drug_23f43bfdec014e3c608f,Lisuride,lisuride,28864,CCN(CC)C(=O)NC1CN(C2CC3=CNC4=CC=CC(=C34)C2=C1)C,CCN(CC)C(=O)N[C@@H]1CN([C@@H]2CC3=CNC4=CC=CC(=C34)C2=C1)C,887
drug_1458a7084b32c7d8f1f7,Lithium cation,lithium cation,28486,[Li+],[Li+],888
drug_f479fdcd0679d0655c77,Lixisenatide,lixisenatide,90472060,CCC(C)C(C(=O)NC(CCC(=O)O)C(=O)NC(CC1=CNC2=CC=CC=C21)C(=O)NC(CC(C)C)C(=O)NC(CCCCN)C(=O)NC(CC(=O)N)C(=O)NCC(=O)NCC(=O)N3CCCC3C(=O)NC(CO)C(=O)NC(CO)C(=O)NCC(=O)NC(C)C(=O)N4CCCC4C(=O)N5CCCC5C(=O)NC(CO)C(=O)NC(CCCCN)C(=O)NC(CCCCN)C(=O)NC(CCCCN)C(=O)NC(CCCCN)C(=O)NC(CCCCN)C(=O)NC(CCCCN)C(=O)N)NC(=O)C(CC6=CC=CC=C6)NC(=O)C(CC(C)C)NC(=O)C(CCCNC(=N)N)NC(=O)C(C(C)C)NC(=O)C(C)NC(=O)C(CCC(=O)O)NC(=O)C(CCC(=O)O)NC(=O)C(CCC(=O)O)NC(=O)C(CCSC)NC(=O)C(CCC(=O)N)NC(=O)C(CCCCN)NC(=O)C(CO)NC(=O)C(CC(C)C)NC(=O)C(CC(=O)O)NC(=O)C(CO)NC(=O)C(C(C)O)NC(=O)C(CC7=CC=CC=C7)NC(=O)C(C(C)O)NC(=O)CNC(=O)C(CCC(=O)O)NC(=O)CNC(=O)C(CC8=CNC=N8)N,CC[C@H](C)[C@@H](C(=O)N[C@@H](CCC(=O)O)C(=O)N[C@@H](CC1=CNC2=CC=CC=C21)C(=O)N[C@@H](CC(C)C)C(=O)N[C@@H](CCCCN)C(=O)N[C@@H](CC(=O)N)C(=O)NCC(=O)NCC(=O)N3CCC[C@H]3C(=O)N[C@@H](CO)C(=O)N[C@@H](CO)C(=O)NCC(=O)N[C@@H](C)C(=O)N4CCC[C@H]4C(=O)N5CCC[C@H]5C(=O)N[C@@H](CO)C(=O)N[C@@H](CCCCN)C(=O)N[C@@H](CCCCN)C(=O)N[C@@H](CCCCN)C(=O)N[C@@H](CCCCN)C(=O)N[C@@H](CCCCN)C(=O)N[C@@H](CCCCN)C(=O)N)NC(=O)[C@H](CC6=CC=CC=C6)NC(=O)[C@H](CC(C)C)NC(=O)[C@H](CCCNC(=N)N)NC(=O)[C@H](C(C)C)NC(=O)[C@H](C)NC(=O)[C@H](CCC(=O)O)NC(=O)[C@H](CCC(=O)O)NC(=O)[C@H](CCC(=O)O)NC(=O)[C@H](CCSC)NC(=O)[C@H](CCC(=O)N)NC(=O)[C@H](CCCCN)NC(=O)[C@H](CO)NC(=O)[C@H](CC(C)C)NC(=O)[C@H](CC(=O)O)NC(=O)[C@H](CO)NC(=O)[C@H]([C@@H](C)O)NC(=O)[C@H](CC7=CC=CC=C7)NC(=O)[C@H]([C@@H](C)O)NC(=O)CNC(=O)[C@H](CCC(=O)O)NC(=O)CNC(=O)[C@H](CC8=CNC=N8)N,889
drug_8e69b2070276937a9302,Lobeglitazone,lobeglitazone,9826451,CN(CCOC1=CC=C(C=C1)CC2C(=O)NC(=O)S2)C3=CC(=NC=N3)OC4=CC=C(C=C4)OC,CN(CCOC1=CC=C(C=C1)CC2C(=O)NC(=O)S2)C3=CC(=NC=N3)OC4=CC=C(C=C4)OC,890
drug_3256b0fd57eeeb5ed04a,Lodoxamide,lodoxamide,44564,C1=C(C=C(C(=C1NC(=O)C(=O)O)Cl)NC(=O)C(=O)O)C#N,C1=C(C=C(C(=C1NC(=O)C(=O)O)Cl)NC(=O)C(=O)O)C#N,891
drug_8958e9e20d6bae28342e,Lofexidine,lofexidine,30668,CC(C1=NCCN1)OC2=C(C=CC=C2Cl)Cl,CC(C1=NCCN1)OC2=C(C=CC=C2Cl)Cl,892
drug_bd9c651ad0c1ba8f4ba4,Lomefloxacin,lomefloxacin,3948,CCN1C=C(C(=O)C2=CC(=C(C(=C21)F)N3CCNC(C3)C)F)C(=O)O,CCN1C=C(C(=O)C2=CC(=C(C(=C21)F)N3CCNC(C3)C)F)C(=O)O,893
drug_3a777fbdf67e8900bf73,Lomitapide,lomitapide,9853053,C1CN(CCC1NC(=O)C2=CC=CC=C2C3=CC=C(C=C3)C(F)(F)F)CCCCC4(C5=CC=CC=C5C6=CC=CC=C64)C(=O)NCC(F)(F)F,C1CN(CCC1NC(=O)C2=CC=CC=C2C3=CC=C(C=C3)C(F)(F)F)CCCCC4(C5=CC=CC=C5C6=CC=CC=C64)C(=O)NCC(F)(F)F,894
drug_8429d99f5c0aa7eb5ba2,Lomustine,lomustine,3950,C1CCC(CC1)NC(=O)N(CCCl)N=O,C1CCC(CC1)NC(=O)N(CCCl)N=O,895
drug_ec77e6e07935686e0690,Loperamide,loperamide,3955,CN(C)C(=O)C(CCN1CCC(CC1)(C2=CC=C(C=C2)Cl)O)(C3=CC=CC=C3)C4=CC=CC=C4,CN(C)C(=O)C(CCN1CCC(CC1)(C2=CC=C(C=C2)Cl)O)(C3=CC=CC=C3)C4=CC=CC=C4,896
drug_0e9b8e2bb5e717144a39,Lopinavir,lopinavir,92727,CC1=C(C(=CC=C1)C)OCC(=O)NC(CC2=CC=CC=C2)C(CC(CC3=CC=CC=C3)NC(=O)C(C(C)C)N4CCCNC4=O)O,CC1=C(C(=CC=C1)C)OCC(=O)N[C@@H](CC2=CC=CC=C2)[C@H](C[C@H](CC3=CC=CC=C3)NC(=O)[C@H](C(C)C)N4CCCNC4=O)O,897
drug_36286c246e27ad1efba1,Loratadine,loratadine,3957,CCOC(=O)N1CCC(=C2C3=C(CCC4=C2N=CC=C4)C=C(C=C3)Cl)CC1,CCOC(=O)N1CCC(=C2C3=C(CCC4=C2N=CC=C4)C=C(C=C3)Cl)CC1,898
drug_5768e368e11a82c82009,Lorazepam,lorazepam,3958,C1=CC=C(C(=C1)C2=NC(C(=O)NC3=C2C=C(C=C3)Cl)O)Cl,C1=CC=C(C(=C1)C2=NC(C(=O)NC3=C2C=C(C=C3)Cl)O)Cl,899
drug_096fe471cc58474bc1e3,Lorcaserin,lorcaserin,11658860,CC1CNCCC2=C1C=C(C=C2)Cl,C[C@H]1CNCCC2=C1C=C(C=C2)Cl,900
drug_da4abaa4af13bfed17a5,Lormetazepam,lormetazepam,13314,CN1C2=C(C=C(C=C2)Cl)C(=NC(C1=O)O)C3=CC=CC=C3Cl,CN1C2=C(C=C(C=C2)Cl)C(=NC(C1=O)O)C3=CC=CC=C3Cl,901
drug_3f7293cc69d26d3f43e3,Lornoxicam,lornoxicam,54690031,CN1C(=C(C2=C(S1(=O)=O)C=C(S2)Cl)O)C(=O)NC3=CC=CC=N3,CN1C(=C(C2=C(S1(=O)=O)C=C(S2)Cl)O)C(=O)NC3=CC=CC=N3,902
drug_e5eac43e2df2946f206c,Losartan,losartan,3961,CCCCC1=NC(=C(N1CC2=CC=C(C=C2)C3=CC=CC=C3C4=NNN=N4)CO)Cl,CCCCC1=NC(=C(N1CC2=CC=C(C=C2)C3=CC=CC=C3C4=NNN=N4)CO)Cl,903
drug_711e462f7f989285a5a3,Loteprednol,loteprednol,9865442,CC12CC(C3C(C1CCC2(C(=O)OCCl)O)CCC4=CC(=O)C=CC34C)O,C[C@]12C[C@@H]([C@H]3[C@H]([C@@H]1CC[C@@]2(C(=O)OCCl)O)CCC4=CC(=O)C=C[C@]34C)O,904
drug_17c9ab8ca59b356289b4,Lovastatin,lovastatin,53232,CCC(C)C(=O)OC1CC(C=C2C1C(C(C=C2)C)CCC3CC(CC(=O)O3)O)C,CC[C@H](C)C(=O)O[C@H]1C[C@H](C=C2[C@H]1[C@H]([C@H](C=C2)C)CC[C@@H]3C[C@H](CC(=O)O3)O)C,905
drug_e69e7e62882ab342cb2e,Loxapine,loxapine,3964,CN1CCN(CC1)C2=NC3=CC=CC=C3OC4=C2C=C(C=C4)Cl,CN1CCN(CC1)C2=NC3=CC=CC=C3OC4=C2C=C(C=C4)Cl,906
drug_d02d12d41859eef68567,Loxoprofen,loxoprofen,3965,CC(C1=CC=C(C=C1)CC2CCCC2=O)C(=O)O,CC(C1=CC=C(C=C1)CC2CCCC2=O)C(=O)O,907
drug_c6c440f0951afd41f2e3,Lubiprostone,lubiprostone,157920,CCCCC(C1(CCC2C(O1)CC(=O)C2CCCCCCC(=O)O)O)(F)F,CCCCC([C@]1(CC[C@H]2[C@H](O1)CC(=O)[C@@H]2CCCCCCC(=O)O)O)(F)F,908
drug_c0b967175a40a27da4d1,Lucanthone,lucanthone,10180,CCN(CC)CCNC1=C2C(=C(C=C1)C)SC3=CC=CC=C3C2=O,CCN(CC)CCNC1=C2C(=C(C=C1)C)SC3=CC=CC=C3C2=O,909
drug_61b911eb2512ab33946b,Luliconazole,luliconazole,3003141,C1C(SC(=C(C#N)N2C=CN=C2)S1)C3=C(C=C(C=C3)Cl)Cl,C1[C@H](S/C(=C(\C#N)/N2C=CN=C2)/S1)C3=C(C=C(C=C3)Cl)Cl,910
drug_19a6bd02ee7864077610,Lumacaftor,lumacaftor,16678941,CC1=C(N=C(C=C1)NC(=O)C2(CC2)C3=CC4=C(C=C3)OC(O4)(F)F)C5=CC(=CC=C5)C(=O)O,CC1=C(N=C(C=C1)NC(=O)C2(CC2)C3=CC4=C(C=C3)OC(O4)(F)F)C5=CC(=CC=C5)C(=O)O,911
drug_fdb205bb2a8929162909,Lumefantrine,lumefantrine,6437380,CCCCN(CCCC)CC(C1=CC(=CC2=C1C3=C(C2=CC4=CC=C(C=C4)Cl)C=C(C=C3)Cl)Cl)O,CCCCN(CCCC)CC(C1=CC(=CC\2=C1C3=C(/C2=C/C4=CC=C(C=C4)Cl)C=C(C=C3)Cl)Cl)O,912
drug_83f03f4c208acc6c3d36,Lumiracoxib,lumiracoxib,151166,CC1=CC(=C(C=C1)NC2=C(C=CC=C2Cl)F)CC(=O)O,CC1=CC(=C(C=C1)NC2=C(C=CC=C2Cl)F)CC(=O)O,913
drug_58df414aabb4d52f2e46,Lurasidone,lurasidone,213046,C1CCC(C(C1)CN2CCN(CC2)C3=NSC4=CC=CC=C43)CN5C(=O)C6C7CCC(C7)C6C5=O,C1CC[C@H]([C@@H](C1)CN2CCN(CC2)C3=NSC4=CC=CC=C43)CN5C(=O)[C@H]6[C@@H]7CC[C@@H](C7)[C@H]6C5=O,914
drug_8fe10f92e2ba9e5d5a37,Lycopene,lycopene,446925,CC(=CCCC(=CC=CC(=CC=CC(=CC=CC=C(C)C=CC=C(C)C=CC=C(C)CCC=C(C)C)C)C)C)C,CC(=CCC/C(=C/C=C/C(=C/C=C/C(=C/C=C/C=C(/C=C/C=C(/C=C/C=C(/CCC=C(C)C)\C)\C)\C)/C)/C)/C)C,915
drug_f2ad5c67164511de9cc6,Lymecycline,lymecycline,54707177,CC1(C2CC3C(C(=O)C(=C(C3(C(=O)C2=C(C4=C1C=CC=C4O)O)O)O)C(=O)NCNCCCCC(C(=O)O)N)N(C)C)O,C[C@@]1([C@H]2C[C@H]3[C@@H](C(=O)C(=C([C@]3(C(=O)C2=C(C4=C1C=CC=C4O)O)O)O)C(=O)NCNCCCC[C@@H](C(=O)O)N)N(C)C)O,916
drug_169f296487926c4f23ff,Macitentan,macitentan,16004692,CCCNS(=O)(=O)NC1=C(C(=NC=N1)OCCOC2=NC=C(C=N2)Br)C3=CC=C(C=C3)Br,CCCNS(=O)(=O)NC1=C(C(=NC=N1)OCCOC2=NC=C(C=N2)Br)C3=CC=C(C=C3)Br,917
drug_18f2370f6f1895e0263d,Mafenide,mafenide,3998,C1=CC(=CC=C1CN)S(=O)(=O)N,C1=CC(=CC=C1CN)S(=O)(=O)N,918
drug_4ecdd45b35c6b99a44c6,Magaldrate,magaldrate,122706784,O.[OH-].[OH-].[OH-].[OH-].[OH-].[OH-].[OH-].[OH-].[OH-].[OH-].[OH-].[OH-].[OH-].[OH-].[OH-].[OH-].[OH-].[OH-].[OH-].[OH-].[OH-].[OH-].[OH-].[OH-].[OH-].[OH-].[OH-].[OH-].[OH-].[OH-].[OH-].[O-]S(=O)(=O)[O-].[O-]S(=O)(=O)[O-].[Mg+2].[Mg+2].[Mg+2].[Mg+2].[Mg+2].[Mg+2].[Mg+2].[Mg+2].[Mg+2].[Mg+2].[Al+3].[Al+3].[Al+3].[Al+3].[Al+3],O.[OH-].[OH-].[OH-].[OH-].[OH-].[OH-].[OH-].[OH-].[OH-].[OH-].[OH-].[OH-].[OH-].[OH-].[OH-].[OH-].[OH-].[OH-].[OH-].[OH-].[OH-].[OH-].[OH-].[OH-].[OH-].[OH-].[OH-].[OH-].[OH-].[OH-].[OH-].[O-]S(=O)(=O)[O-].[O-]S(=O)(=O)[O-].[Mg+2].[Mg+2].[Mg+2].[Mg+2].[Mg+2].[Mg+2].[Mg+2].[Mg+2].[Mg+2].[Mg+2].[Al+3].[Al+3].[Al+3].[Al+3].[Al+3],919
drug_94df4f95db6f1f6e0b91,Magnesium cation,magnesium cation,888,[Mg+2],[Mg+2],920
drug_232b69439e87f183fee8,Magnesium hydroxide,magnesium hydroxide,73981,[OH-].[OH-].[Mg+2],[OH-].[OH-].[Mg+2],921
drug_410238355a46cf9a45bc,Magnesium oxide,magnesium oxide,14792,O=[Mg],O=[Mg],922
drug_db0d33bc78a131488422,Magnesium salicylate,magnesium salicylate,54684589,C1=CC=C(C(=C1)C(=O)O)[O-].C1=CC=C(C(=C1)C(=O)O)[O-].[Mg+2],C1=CC=C(C(=C1)C(=O)O)[O-].C1=CC=C(C(=C1)C(=O)O)[O-].[Mg+2],923
drug_7d00b0927480e1de7a17,Magnesium sulfate,magnesium sulfate,24083,[O-]S(=O)(=O)[O-].[Mg+2],[O-]S(=O)(=O)[O-].[Mg+2],924
drug_447799e0d7af9d054b89,Magnesium trisilicate,magnesium trisilicate,5311266,[O-][Si](=O)O[Si]([O-])([O-])O[Si](=O)[O-].[Mg+2].[Mg+2],[O-][Si](=O)O[Si]([O-])([O-])O[Si](=O)[O-].[Mg+2].[Mg+2],925
drug_232affd0b90564eebbf4,Malathion,malathion,4004,CCOC(=O)CC(C(=O)OCC)SP(=S)(OC)OC,CCOC(=O)CC(C(=O)OCC)SP(=S)(OC)OC,926
drug_0a18399d67dc18512990,Manidipine,manidipine,4008,CC1=C(C(C(=C(N1)C)C(=O)OCCN2CCN(CC2)C(C3=CC=CC=C3)C4=CC=CC=C4)C5=CC(=CC=C5)[N+](=O)[O-])C(=O)OC,CC1=C(C(C(=C(N1)C)C(=O)OCCN2CCN(CC2)C(C3=CC=CC=C3)C4=CC=CC=C4)C5=CC(=CC=C5)[N+](=O)[O-])C(=O)OC,927
drug_1f6edaa42faab4e8e846,Mannitol,mannitol,6251,C(C(C(C(C(CO)O)O)O)O)O,C([C@H]([C@H]([C@@H]([C@@H](CO)O)O)O)O)O,928
drug_0875f5466e65641fff5a,Maprotiline,maprotiline,4011,CNCCCC12CCC(C3=CC=CC=C31)C4=CC=CC=C24,CNCCCC12CCC(C3=CC=CC=C31)C4=CC=CC=C24,929
drug_0162b35c663ce42d156d,Maraviroc,maraviroc,3002977,CC1=NN=C(N1C2CC3CCC(C2)N3CCC(C4=CC=CC=C4)NC(=O)C5CCC(CC5)(F)F)C(C)C,CC1=NN=C(N1C2C[C@H]3CC[C@@H](C2)N3CC[C@@H](C4=CC=CC=C4)NC(=O)C5CCC(CC5)(F)F)C(C)C,930
drug_287246a68d75ceed1d6e,Masoprocol,masoprocol,71398,CC(CC1=CC(=C(C=C1)O)O)C(C)CC2=CC(=C(C=C2)O)O,C[C@H](CC1=CC(=C(C=C1)O)O)[C@@H](C)CC2=CC(=C(C=C2)O)O,931
drug_2425fabea68092fb7144,Mebendazole,mebendazole,4030,COC(=O)NC1=NC2=C(N1)C=C(C=C2)C(=O)C3=CC=CC=C3,COC(=O)NC1=NC2=C(N1)C=C(C=C2)C(=O)C3=CC=CC=C3,932
drug_efc6145cd8c5e9d4a534,Mecamylamine,mecamylamine,4032,CC1(C2CCC(C2)C1(C)NC)C,CC1(C2CCC(C2)C1(C)NC)C,933
drug_19d685070bd844b967cd,Mechlorethamine,mechlorethamine,4033,CN(CCCl)CCCl,CN(CCCl)CCCl,934
drug_e277b7b7ea6ed13d8536,Meclizine,meclizine,4034,CC1=CC(=CC=C1)CN2CCN(CC2)C(C3=CC=CC=C3)C4=CC=C(C=C4)Cl,CC1=CC(=CC=C1)CN2CCN(CC2)C(C3=CC=CC=C3)C4=CC=C(C=C4)Cl,935
drug_f52d3d98b643f8e1c59e,Meclofenamic acid,meclofenamic acid,4037,CC1=C(C(=C(C=C1)Cl)NC2=CC=CC=C2C(=O)O)Cl,CC1=C(C(=C(C=C1)Cl)NC2=CC=CC=C2C(=O)O)Cl,936
drug_457710b1357d5c663570,Medrogestone,medrogestone,9949848,CC1=CC2C(CCC3(C2CCC3(C)C(=O)C)C)C4(C1=CC(=O)CC4)C,CC1=C[C@@H]2[C@H](CC[C@]3([C@H]2CC[C@]3(C)C(=O)C)C)[C@@]4(C1=CC(=O)CC4)C,937
drug_726af9974011f0fae283,Medroxyprogesterone acetate,medroxyprogesterone acetate,6279,CC1CC2C(CCC3(C2CCC3(C(=O)C)OC(=O)C)C)C4(C1=CC(=O)CC4)C,C[C@H]1C[C@@H]2[C@H](CC[C@]3([C@H]2CC[C@@]3(C(=O)C)OC(=O)C)C)[C@@]4(C1=CC(=O)CC4)C,938
drug_36e67cf3841b2655f42b,Medrysone,medrysone,247839,CC1CC2C3CCC(C3(CC(C2C4(C1=CC(=O)CC4)C)O)C)C(=O)C,C[C@H]1C[C@H]2[C@@H]3CC[C@@H]([C@]3(C[C@@H]([C@@H]2[C@@]4(C1=CC(=O)CC4)C)O)C)C(=O)C,939
drug_a6cb06a77ec04139a75d,Mefenamic acid,mefenamic acid,4044,CC1=C(C(=CC=C1)NC2=CC=CC=C2C(=O)O)C,CC1=C(C(=CC=C1)NC2=CC=CC=C2C(=O)O)C,940
drug_31e36da8f8556d7c698c,Mefloquine,mefloquine,4046,C1CCNC(C1)C(C2=CC(=NC3=C2C=CC=C3C(F)(F)F)C(F)(F)F)O,C1CCNC(C1)C(C2=CC(=NC3=C2C=CC=C3C(F)(F)F)C(F)(F)F)O,941
drug_e8681ad30f703ce03dee,Megestrol acetate,megestrol acetate,11683,CC1=CC2C(CCC3(C2CCC3(C(=O)C)OC(=O)C)C)C4(C1=CC(=O)CC4)C,CC1=C[C@@H]2[C@H](CC[C@]3([C@H]2CC[C@@]3(C(=O)C)OC(=O)C)C)[C@@]4(C1=CC(=O)CC4)C,942
drug_e419d889784c875ef0f2,Melatonin,melatonin,896,CC(=O)NCCC1=CNC2=C1C=C(C=C2)OC,CC(=O)NCCC1=CNC2=C1C=C(C=C2)OC,943
drug_ba7627b3c1991971f7d4,Meloxicam,meloxicam,54677470,CC1=CN=C(S1)NC(=O)C2=C(C3=CC=CC=C3S(=O)(=O)N2C)O,CC1=CN=C(S1)NC(=O)C2=C(C3=CC=CC=C3S(=O)(=O)N2C)O,944
drug_8e315ab631f2ca692d79,Melperone,melperone,15387,CC1CCN(CC1)CCCC(=O)C2=CC=C(C=C2)F,CC1CCN(CC1)CCCC(=O)C2=CC=C(C=C2)F,945
drug_e998683fcf9a3b07899f,Melphalan,melphalan,460612,C1=CC(=CC=C1CC(C(=O)O)N)N(CCCl)CCCl,C1=CC(=CC=C1C[C@@H](C(=O)O)N)N(CCCl)CCCl,946
drug_b547fe7c4c3e48abd4fc,Memantine,memantine,4054,CC12CC3CC(C1)(CC(C3)(C2)N)C,CC12CC3CC(C1)(CC(C3)(C2)N)C,947
drug_8e5470777e2b3c1eae14,Menadione,menadione,4055,CC1=CC(=O)C2=CC=CC=C2C1=O,CC1=CC(=O)C2=CC=CC=C2C1=O,948
drug_3ce174819ac6cee6fb14,Meperidine,meperidine,4058,CCOC(=O)C1(CCN(CC1)C)C2=CC=CC=C2,CCOC(=O)C1(CCN(CC1)C)C2=CC=CC=C2,949
drug_d5bb7e56b952931bfe69,Mephentermine,mephentermine,3677,CC(C)(CC1=CC=CC=C1)NC,CC(C)(CC1=CC=CC=C1)NC,950
drug_9163b529bed0c89b6a6f,Mepivacaine,mepivacaine,4062,CC1=C(C(=CC=C1)C)NC(=O)C2CCCCN2C,CC1=C(C(=CC=C1)C)NC(=O)C2CCCCN2C,951
drug_75c685c958dee4bf4adf,Meprobamate,meprobamate,4064,CCCC(C)(COC(=O)N)COC(=O)N,CCCC(C)(COC(=O)N)COC(=O)N,952
drug_aa19610a5e0848a8e02c,Mepyramine,mepyramine,4992,CN(C)CCN(CC1=CC=C(C=C1)OC)C2=CC=CC=N2,CN(C)CCN(CC1=CC=C(C=C1)OC)C2=CC=CC=N2,953
drug_8ee6b81c3e7ffa804ab8,Mequinol,mequinol,9015,COC1=CC=C(C=C1)O,COC1=CC=C(C=C1)O,954
drug_3e83e0d680474cb8efc4,Mequitazine,mequitazine,4066,C1CN2CCC1C(C2)CN3C4=CC=CC=C4SC5=CC=CC=C53,C1CN2CCC1C(C2)CN3C4=CC=CC=C4SC5=CC=CC=C53,955
drug_fec7a35958c0ab8ec6a8,Mercaptopurine,mercaptopurine,667490,C1=NC2=C(N1)C(=S)N=CN2,C1=NC2=C(N1)C(=S)N=CN2,956
drug_e1ba5bc3e67e7b0ed32a,Meropenem,meropenem,441130,CC1C2C(C(=O)N2C(=C1SC3CC(NC3)C(=O)N(C)C)C(=O)O)C(C)O,C[C@@H]1[C@@H]2[C@H](C(=O)N2C(=C1S[C@H]3C[C@H](NC3)C(=O)N(C)C)C(=O)O)[C@@H](C)O,957
drug_b9532a8cbbe35745c0d1,Mersalyl,mersalyl,9806195,COC(CNC(=O)C1=CC=CC=C1OCC(=O)[O-])C[Hg+].[OH-].[Na+],COC(CNC(=O)C1=CC=CC=C1OCC(=O)[O-])C[Hg+].[OH-].[Na+],958
drug_05400f26edadea4e5e2b,Mesalazine,mesalazine,4075,C1=CC(=C(C=C1N)C(=O)O)O,C1=CC(=C(C=C1N)C(=O)O)O,959
drug_f6eac2f81ee7be57f7ba,Mesoridazine,mesoridazine,4078,CN1CCCCC1CCN2C3=CC=CC=C3SC4=C2C=C(C=C4)S(=O)C,CN1CCCCC1CCN2C3=CC=CC=C3SC4=C2C=C(C=C4)S(=O)C,960
drug_187d139984a2df4e8148,Mestranol,mestranol,6291,CC12CCC3C(C1CCC2(C#C)O)CCC4=C3C=CC(=C4)OC,C[C@]12CC[C@H]3[C@H]([C@@H]1CC[C@]2(C#C)O)CCC4=C3C=CC(=C4)OC,961
drug_1aeed47a1255c92fb1d4,Metacycline,metacycline,54675785,CN(C)C1C2C(C3C(=C)C4=C(C(=CC=C4)O)C(=C3C(=O)C2(C(=C(C1=O)C(=O)N)O)O)O)O,CN(C)[C@H]1[C@@H]2[C@H]([C@@H]3C(=C)C4=C(C(=CC=C4)O)C(=C3C(=O)[C@@]2(C(=C(C1=O)C(=O)N)O)O)O)O,962
drug_808456c48d43483e6e45,Metamfetamine,metamfetamine,10836,CC(CC1=CC=CC=C1)NC,C[C@@H](CC1=CC=CC=C1)NC,963
drug_d4fba43f6c926c06075b,Metaraminol,metaraminol,5906,CC(C(C1=CC(=CC=C1)O)O)N,C[C@@H]([C@@H](C1=CC(=CC=C1)O)O)N,964
drug_88985d2b1c7d33acdb79,Metaxalone,metaxalone,15459,CC1=CC(=CC(=C1)OCC2CNC(=O)O2)C,CC1=CC(=CC(=C1)OCC2CNC(=O)O2)C,965
drug_c18f8cceb7aa87dad555,Metformin,metformin,4091,CN(C)C(=N)N=C(N)N,CN(C)C(=N)N=C(N)N,966
drug_c4885aa6005f5ee1e80c,Methacholine,methacholine,1993,CC(C[N+](C)(C)C)OC(=O)C,CC(C[N+](C)(C)C)OC(=O)C,967
drug_244bfdd56011e7b18d91,Methadone,methadone,4095,CCC(=O)C(CC(C)N(C)C)(C1=CC=CC=C1)C2=CC=CC=C2,CCC(=O)C(CC(C)N(C)C)(C1=CC=CC=C1)C2=CC=CC=C2,968
drug_14bea501dfa48b3a4b8b,Methadyl acetate,methadyl acetate,10517,CCC(C(CC(C)N(C)C)(C1=CC=CC=C1)C2=CC=CC=C2)OC(=O)C,CCC(C(CC(C)N(C)C)(C1=CC=CC=C1)C2=CC=CC=C2)OC(=O)C,969
drug_4d1c2cd3d274d80ee5bd,Methantheline,methantheline,4097,CC[N+](C)(CC)CCOC(=O)C1C2=CC=CC=C2OC3=CC=CC=C13,CC[N+](C)(CC)CCOC(=O)C1C2=CC=CC=C2OC3=CC=CC=C13,970
drug_c35244fdd55d3e5e1479,Methazolamide,methazolamide,4100,CC(=O)N=C1N(N=C(S1)S(=O)(=O)N)C,CC(=O)N=C1N(N=C(S1)S(=O)(=O)N)C,971
drug_6aa8000ecee5eea0aed8,Methenamine,methenamine,4101,C1N2CN3CN1CN(C2)C3,C1N2CN3CN1CN(C2)C3,972
drug_34a99d4271042852da06,Methimazole,methimazole,1349907,CN1C=CNC1=S,CN1C=CNC1=S,973
drug_a84653a33a951c44d9fb,Methionine,methionine,6137,CSCCC(C(=O)O)N,CSCC[C@@H](C(=O)O)N,974
drug_cebadef3c5cbd0175d82,Methocarbamol,methocarbamol,4107,COC1=CC=CC=C1OCC(COC(=O)N)O,COC1=CC=CC=C1OCC(COC(=O)N)O,975
drug_16aa269b08f6b73f9c0e,Methohexital,methohexital,9034,CCC#CC(C)C1(C(=O)NC(=O)N(C1=O)C)CC=C,CCC#CC(C)C1(C(=O)NC(=O)N(C1=O)C)CC=C,976
drug_f9d7b012ed15c4752938,Methotrexate,methotrexate,126941,CN(CC1=CN=C2C(=N1)C(=NC(=N2)N)N)C3=CC=C(C=C3)C(=O)NC(CCC(=O)O)C(=O)O,CN(CC1=CN=C2C(=N1)C(=NC(=N2)N)N)C3=CC=C(C=C3)C(=O)N[C@@H](CCC(=O)O)C(=O)O,977
drug_986b73e947c85525ce42,Methotrimeprazine,methotrimeprazine,72287,CC(CN1C2=CC=CC=C2SC3=C1C=C(C=C3)OC)CN(C)C,C[C@@H](CN1C2=CC=CC=C2SC3=C1C=C(C=C3)OC)CN(C)C,978
drug_b1c2d842f6c067a5173d,Methoxamine,methoxamine,6082,CC(C(C1=C(C=CC(=C1)OC)OC)O)N,CC(C(C1=C(C=CC(=C1)OC)OC)O)N,979
drug_211b2c87ed72b82029cf,Methoxsalen,methoxsalen,4114,COC1=C2C(=CC3=C1OC=C3)C=CC(=O)O2,COC1=C2C(=CC3=C1OC=C3)C=CC(=O)O2,980
drug_fa7e7b916ad72920ae7c,Methoxyflurane,methoxyflurane,4116,COC(C(Cl)Cl)(F)F,COC(C(Cl)Cl)(F)F,981
drug_eb35894fa111502f4e51,Methscopolamine,methscopolamine,71183,C[N+]1(C2CC(CC1C3C2O3)OC(=O)C(CO)C4=CC=CC=C4)C,C[N+]1([C@@H]2CC(C[C@H]1[C@H]3[C@@H]2O3)OC(=O)[C@H](CO)C4=CC=CC=C4)C,982
drug_438f8dae27ba2bdb206b,Methscopolamine bromide,methscopolamine bromide,5459110,C[N+]1(C2CC(CC1C3C2O3)OC(=O)C(CO)C4=CC=CC=C4)C.[Br-],C[N+]1([C@@H]2CC(C[C@H]1[C@H]3[C@@H]2O3)OC(=O)[C@H](CO)C4=CC=CC=C4)C.[Br-],983
drug_6da41ca13509c7430aba,Methsuximide,methsuximide,6476,CC1(CC(=O)N(C1=O)C)C2=CC=CC=C2,CC1(CC(=O)N(C1=O)C)C2=CC=CC=C2,984
drug_d124e4bc2ed444d96dec,Methyclothiazide,methyclothiazide,4121,CN1C(NC2=CC(=C(C=C2S1(=O)=O)S(=O)(=O)N)Cl)CCl,CN1C(NC2=CC(=C(C=C2S1(=O)=O)S(=O)(=O)N)Cl)CCl,985
drug_bbf4f4b38ac05bde34ad,Methyl aminolevulinate,methyl aminolevulinate,157922,COC(=O)CCC(=O)CN,COC(=O)CCC(=O)CN,986
drug_e93958494327329c1d54,Methyl salicylate,methyl salicylate,4133,COC(=O)C1=CC=CC=C1O,COC(=O)C1=CC=CC=C1O,987
drug_6875a5f3a5d3bd7fe0c7,Methyldopa,methyldopa,38853,CC(CC1=CC(=C(C=C1)O)O)(C(=O)O)N,C[C@](CC1=CC(=C(C=C1)O)O)(C(=O)O)N,988
drug_a128eec2419dcd403e40,Methylene blue,methylene blue,6099,CN(C)C1=CC2=C(C=C1)N=C3C=CC(=[N+](C)C)C=C3S2.[Cl-],CN(C)C1=CC2=C(C=C1)N=C3C=CC(=[N+](C)C)C=C3S2.[Cl-],989
drug_59d18bacd4f691bd2b8c,Methylergometrine,methylergometrine,8226,CCC(CO)NC(=O)C1CN(C2CC3=CNC4=CC=CC(=C34)C2=C1)C,CC[C@@H](CO)NC(=O)[C@H]1CN([C@@H]2CC3=CNC4=CC=CC(=C34)C2=C1)C,990
drug_08cf36bc211ff803cd05,Methylnaltrexone,methylnaltrexone,5361918,C[N+]1(CCC23C4C(=O)CCC2(C1CC5=C3C(=C(C=C5)O)O4)O)CC6CC6,C[N+]1(CC[C@]23[C@@H]4C(=O)CC[C@]2([C@H]1CC5=C3C(=C(C=C5)O)O4)O)CC6CC6,991
drug_869b08fb6f6b8a53e5f0,Methylphenidate,methylphenidate,4158,COC(=O)C(C1CCCCN1)C2=CC=CC=C2,COC(=O)C(C1CCCCN1)C2=CC=CC=C2,992
drug_648c890a6e12cc71f7fa,Methylphenobarbital,methylphenobarbital,8271,CCC1(C(=O)NC(=O)N(C1=O)C)C2=CC=CC=C2,CCC1(C(=O)NC(=O)N(C1=O)C)C2=CC=CC=C2,993
drug_3792703dc0b1c421e776,Methylprednisolone,methylprednisolone,6741,CC1CC2C3CCC(C3(CC(C2C4(C1=CC(=O)C=C4)C)O)C)(C(=O)CO)O,C[C@H]1C[C@H]2[C@@H]3CC[C@@]([C@]3(C[C@@H]([C@@H]2[C@@]4(C1=CC(=O)C=C4)C)O)C)(C(=O)CO)O,994
drug_ebc61317a353fba5b336,Methyltestosterone,methyltestosterone,6010,CC12CCC(=O)C=C1CCC3C2CCC4(C3CCC4(C)O)C,C[C@]12CCC(=O)C=C1CC[C@@H]3[C@@H]2CC[C@]4([C@H]3CC[C@]4(C)O)C,995
drug_792c8c5b2b33e2e16856,Methyprylon,methyprylon,4162,CCC1(C(=O)C(CNC1=O)C)CC,CCC1(C(=O)C(CNC1=O)C)CC,996
drug_07a1a6a60dbf757c2e5f,Methysergide,methysergide,9681,CCC(CO)NC(=O)C1CN(C2CC3=CN(C4=CC=CC(=C34)C2=C1)C)C,CC[C@@H](CO)NC(=O)[C@H]1CN([C@@H]2CC3=CN(C4=CC=CC(=C34)C2=C1)C)C,997
drug_34f2377214ec4179c16d,Meticillin,meticillin,6087,CC1(C(N2C(S1)C(C2=O)NC(=O)C3=C(C=CC=C3OC)OC)C(=O)O)C,CC1([C@@H](N2[C@H](S1)[C@@H](C2=O)NC(=O)C3=C(C=CC=C3OC)OC)C(=O)O)C,998
drug_da89f3bd06bc2db1d362,Metipranolol,metipranolol,31477,CC1=CC(=C(C(=C1OC(=O)C)C)C)OCC(CNC(C)C)O,CC1=CC(=C(C(=C1OC(=O)C)C)C)OCC(CNC(C)C)O,999
drug_b3bf1d1437d6258ac4a8,Metixene,metixene,4167,CN1CCCC(C1)CC2C3=CC=CC=C3SC4=CC=CC=C24,CN1CCCC(C1)CC2C3=CC=CC=C3SC4=CC=CC=C24,1000
drug_8ddbc3c706fae41ef574,Metoclopramide,metoclopramide,4168,CCN(CC)CCNC(=O)C1=CC(=C(C=C1OC)N)Cl,CCN(CC)CCNC(=O)C1=CC(=C(C=C1OC)N)Cl,1001
drug_deda8a9b707e91cbaf03,Metocurine,metocurine,21233,C[N+]1(CCC2=CC(=C3C=C2C1CC4=CC=C(C=C4)OC5=C6C(CC7=CC(=C(C=C7)OC)O3)[N+](CCC6=CC(=C5OC)OC)(C)C)OC)C,C[N+]1(CCC2=CC(=C3C=C2[C@@H]1CC4=CC=C(C=C4)OC5=C6[C@@H](CC7=CC(=C(C=C7)OC)O3)[N+](CCC6=CC(=C5OC)OC)(C)C)OC)C,1002
drug_cd0d49e1dc0edbe0a7e5,Metolazone,metolazone,4170,CC1NC2=CC(=C(C=C2C(=O)N1C3=CC=CC=C3C)S(=O)(=O)N)Cl,CC1NC2=CC(=C(C=C2C(=O)N1C3=CC=CC=C3C)S(=O)(=O)N)Cl,1003
drug_f7666d3b93278ecec721,Metoprolol,metoprolol,4171,CC(C)NCC(COC1=CC=C(C=C1)CCOC)O,CC(C)NCC(COC1=CC=C(C=C1)CCOC)O,1004
drug_164d506fdbb970b84caa,Metrizamide,metrizamide,443944,CC(=O)NC1=C(C(=C(C(=C1I)C(=O)NC2C(C(C(OC2O)CO)O)O)I)N(C)C(=O)C)I,CC(=O)NC1=C(C(=C(C(=C1I)C(=O)N[C@@H]2[C@H]([C@@H]([C@H](OC2O)CO)O)O)I)N(C)C(=O)C)I,1005
drug_524a0b304071894bf844,Metronidazole,metronidazole,4173,CC1=NC=C(N1CCO)[N+](=O)[O-],CC1=NC=C(N1CCO)[N+](=O)[O-],1006
drug_70a05196e6385d1e3581,Metyrapone,metyrapone,4174,CC(C)(C1=CN=CC=C1)C(=O)C2=CN=CC=C2,CC(C)(C1=CN=CC=C1)C(=O)C2=CN=CC=C2,1007
drug_145514e237bea0e63976,Metyrosine,metyrosine,441350,CC(CC1=CC=C(C=C1)O)(C(=O)O)N,C[C@](CC1=CC=C(C=C1)O)(C(=O)O)N,1008
drug_70cf25158d6a480f9508,Mexiletine,mexiletine,4178,CC1=C(C(=CC=C1)C)OCC(C)N,CC1=C(C(=CC=C1)C)OCC(C)N,1009
drug_5bd58bc1d879883e538c,Mezlocillin,mezlocillin,656511,CC1(C(N2C(S1)C(C2=O)NC(=O)C(C3=CC=CC=C3)NC(=O)N4CCN(C4=O)S(=O)(=O)C)C(=O)O)C,CC1([C@@H](N2[C@H](S1)[C@@H](C2=O)NC(=O)[C@@H](C3=CC=CC=C3)NC(=O)N4CCN(C4=O)S(=O)(=O)C)C(=O)O)C,1010
drug_c6f8fc6dcbae10419ec3,Mianserin,mianserin,4184,CN1CCN2C(C1)C3=CC=CC=C3CC4=CC=CC=C42,CN1CCN2C(C1)C3=CC=CC=C3CC4=CC=CC=C42,1011
drug_b30c02b0530650e1e802,Micafungin,micafungin,477468,CCCCCOC1=CC=C(C=C1)C2=CC(=NO2)C3=CC=C(C=C3)C(=O)NC4CC(C(NC(=O)C5C(C(CN5C(=O)C(NC(=O)C(NC(=O)C6CC(CN6C(=O)C(NC4=O)C(C)O)O)C(C(C7=CC(=C(C=C7)O)OS(=O)(=O)O)O)O)C(CC(=O)N)O)C)O)O)O,CCCCCOC1=CC=C(C=C1)C2=CC(=NO2)C3=CC=C(C=C3)C(=O)N[C@H]4C[C@H]([C@H](NC(=O)[C@@H]5[C@H]([C@H](CN5C(=O)[C@@H](NC(=O)[C@@H](NC(=O)[C@@H]6C[C@H](CN6C(=O)[C@@H](NC4=O)[C@@H](C)O)O)[C@@H]([C@H](C7=CC(=C(C=C7)O)OS(=O)(=O)O)O)O)[C@@H](CC(=O)N)O)C)O)O)O,1012
drug_402c8b276fcc78c2c194,Miconazole,miconazole,4189,C1=CC(=C(C=C1Cl)Cl)COC(CN2C=CN=C2)C3=C(C=C(C=C3)Cl)Cl,C1=CC(=C(C=C1Cl)Cl)COC(CN2C=CN=C2)C3=C(C=C(C=C3)Cl)Cl,1013
drug_702d8a96da9b29e177e3,Midazolam,midazolam,4192,CC1=NC=C2N1C3=C(C=C(C=C3)Cl)C(=NC2)C4=CC=CC=C4F,CC1=NC=C2N1C3=C(C=C(C=C3)Cl)C(=NC2)C4=CC=CC=C4F,1014
drug_2192d2c747a3d34c97b1,Midodrine,midodrine,4195,COC1=CC(=C(C=C1)OC)C(CNC(=O)CN)O,COC1=CC(=C(C=C1)OC)C(CNC(=O)CN)O,1015
drug_d40ec94075c2a9f69ce3,Midostaurin,midostaurin,9829523,CC12C(C(CC(O1)N3C4=CC=CC=C4C5=C6C(=C7C8=CC=CC=C8N2C7=C53)CNC6=O)N(C)C(=O)C9=CC=CC=C9)OC,C[C@@]12[C@@H]([C@@H](C[C@@H](O1)N3C4=CC=CC=C4C5=C6C(=C7C8=CC=CC=C8N2C7=C53)CNC6=O)N(C)C(=O)C9=CC=CC=C9)OC,1016
drug_d94523d054506a61a2f1,Mifepristone,mifepristone,55245,CC#CC1(CCC2C1(CC(C3=C4CCC(=O)C=C4CCC23)C5=CC=C(C=C5)N(C)C)C)O,CC#C[C@@]1(CC[C@@H]2[C@@]1(C[C@@H](C3=C4CCC(=O)C=C4CC[C@@H]23)C5=CC=C(C=C5)N(C)C)C)O,1017
drug_aadce2e1dae7dbcaaf7f,Miglitol,miglitol,441314,C1C(C(C(C(N1CCO)CO)O)O)O,C1[C@@H]([C@H]([C@@H]([C@H](N1CCO)CO)O)O)O,1018
drug_e0ecc273ef7d2ddb5c6f,Miglustat,miglustat,51634,CCCCN1CC(C(C(C1CO)O)O)O,CCCCN1C[C@@H]([C@H]([C@@H]([C@H]1CO)O)O)O,1019
drug_821ff46c67b21b9a7986,Milnacipran,milnacipran,65833,CCN(CC)C(=O)C1(CC1CN)C2=CC=CC=C2,CCN(CC)C(=O)[C@@]1(C[C@@H]1CN)C2=CC=CC=C2,1020
drug_196583bfc1793e5d43d0,Milrinone,milrinone,4197,CC1=C(C=C(C(=O)N1)C#N)C2=CC=NC=C2,CC1=C(C=C(C(=O)N1)C#N)C2=CC=NC=C2,1021
drug_6b9c904887e8864be63f,Miltefosine,miltefosine,3599,CCCCCCCCCCCCCCCCOP(=O)([O-])OCC[N+](C)(C)C,CCCCCCCCCCCCCCCCOP(=O)([O-])OCC[N+](C)(C)C,1022
drug_24e78028d99cfdf9d171,Minaprine,minaprine,4199,CC1=CC(=NN=C1NCCN2CCOCC2)C3=CC=CC=C3,CC1=CC(=NN=C1NCCN2CCOCC2)C3=CC=CC=C3,1023
drug_b81d00251f1aa4cb62a9,Minocycline,minocycline,54675783,CN(C)C1C2CC3CC4=C(C=CC(=C4C(=C3C(=O)C2(C(=C(C1=O)C(=O)N)O)O)O)O)N(C)C,CN(C)[C@H]1[C@@H]2C[C@@H]3CC4=C(C=CC(=C4C(=C3C(=O)[C@@]2(C(=C(C1=O)C(=O)N)O)O)O)O)N(C)C,1024
drug_70be10e6d87ae8aced58,Minoxidil,minoxidil,4201,C1CCN(CC1)C2=NC(=N)N(C(=C2)N)O,C1CCN(CC1)C2=NC(=N)N(C(=C2)N)O,1025
drug_2e3937e9b6946d404b0a,Mipomersen,mipomersen,71301230,CC1=CN(C(=O)NC1=O)C2CC(C(O2)COP(=O)([O-])SC3CC(OC3COP(=O)([O-])SC4CC(OC4COP(=O)([O-])SC5CC(OC5COP(=O)([O-])SC6CC(OC6COP(=O)([O-])SC7CC(OC7COP(=O)([O-])SC8CC(OC8COP(=O)([O-])SC9CC(OC9COP(=O)([O-])SC1C(OC(C1OCCOC)N1C=C(C(=NC1=O)N)C)COP(=O)([O-])SC1C(OC(C1OCCOC)N1C=C(C(=O)NC1=O)C)COP(=O)([O-])SC1C(OC(C1OCCOC)N1C=C(C(=NC1=O)N)C)COP(=O)([O-])SC1C(OC(C1OCCOC)N1C=C(C(=NC1=O)N)C)COP(=O)([O-])SC1C(OC(C1OCCOC)N1C=NC2=C1N=C(NC2=O)N)CO)N1C=NC2=C(N=CN=C21)N)N1C=NC2=C1N=C(NC2=O)N)N1C=C(C(=O)NC1=O)C)N1C=C(C(=NC1=O)N)C)N1C=C(C(=O)NC1=O)C)N1C=NC2=C1N=C(NC2=O)N)N1C=C(C(=NC1=O)N)C)SP(=O)([O-])OCC1C(CC(O1)N1C=C(C(=O)NC1=O)C)SP(=O)([O-])OCC1C(CC(O1)N1C=C(C(=NC1=O)N)C)SP(=O)([O-])OCC1C(C(C(O1)N1C=NC2=C1N=C(NC2=O)N)OCCOC)SP(=O)([O-])OCC1C(C(C(O1)N1C=C(C(=NC1=O)N)C)OCCOC)SP(=O)([O-])OCC1C(C(C(O1)N1C=NC2=C(N=CN=C21)N)OCCOC)SP(=O)([O-])OCC1C(C(C(O1)N1C=C(C(=NC1=O)N)C)OCCOC)SP(=O)([O-])OCC1C(C(C(O1)N1C=C(C(=NC1=O)N)C)OCCOC)O,CC1=CN(C(=O)NC1=O)[C@H]2C[C@@H]([C@H](O2)COP(=O)([O-])S[C@H]3C[C@@H](O[C@@H]3COP(=O)([O-])S[C@H]4C[C@@H](O[C@@H]4COP(=O)([O-])S[C@H]5C[C@@H](O[C@@H]5COP(=O)([O-])S[C@H]6C[C@@H](O[C@@H]6COP(=O)([O-])S[C@H]7C[C@@H](O[C@@H]7COP(=O)([O-])S[C@H]8C[C@@H](O[C@@H]8COP(=O)([O-])S[C@H]9C[C@@H](O[C@@H]9COP(=O)([O-])S[C@@H]1[C@H](O[C@H]([C@@H]1OCCOC)N1C=C(C(=NC1=O)N)C)COP(=O)([O-])S[C@@H]1[C@H](O[C@H]([C@@H]1OCCOC)N1C=C(C(=O)NC1=O)C)COP(=O)([O-])S[C@@H]1[C@H](O[C@H]([C@@H]1OCCOC)N1C=C(C(=NC1=O)N)C)COP(=O)([O-])S[C@@H]1[C@H](O[C@H]([C@@H]1OCCOC)N1C=C(C(=NC1=O)N)C)COP(=O)([O-])S[C@@H]1[C@H](O[C@H]([C@@H]1OCCOC)N1C=NC2=C1N=C(NC2=O)N)CO)N1C=NC2=C(N=CN=C21)N)N1C=NC2=C1N=C(NC2=O)N)N1C=C(C(=O)NC1=O)C)N1C=C(C(=NC1=O)N)C)N1C=C(C(=O)NC1=O)C)N1C=NC2=C1N=C(NC2=O)N)N1C=C(C(=NC1=O)N)C)SP(=O)([O-])OC[C@@H]1[C@H](C[C@@H](O1)N1C=C(C(=O)NC1=O)C)SP(=O)([O-])OC[C@@H]1[C@H](C[C@@H](O1)N1C=C(C(=NC1=O)N)C)SP(=O)([O-])OC[C@@H]1[C@H]([C@H]([C@@H](O1)N1C=NC2=C1N=C(NC2=O)N)OCCOC)SP(=O)([O-])OC[C@H]1[C@@H]([C@@H]([C@H](O1)N1C=C(C(=NC1=O)N)C)OCCOC)SP(=O)([O-])OC[C@H]1[C@@H]([C@@H]([C@H](O1)N1C=NC2=C(N=CN=C21)N)OCCOC)SP(=O)([O-])OC[C@H]1[C@@H]([C@@H]([C@H](O1)N1C=C(C(=NC1=O)N)C)OCCOC)SP(=O)([O-])OC[C@H]1[C@@H]([C@@H]([C@H](O1)N1C=C(C(=NC1=O)N)C)OCCOC)O,1026
drug_b6f6db3878e818b7af4c,Mirabegron,mirabegron,9865528,C1=CC=C(C=C1)C(CNCCC2=CC=C(C=C2)NC(=O)CC3=CSC(=N3)N)O,C1=CC=C(C=C1)[C@H](CNCCC2=CC=C(C=C2)NC(=O)CC3=CSC(=N3)N)O,1027
drug_4236b830de9f9ba2ac54,Mirtazapine,mirtazapine,4205,CN1CCN2C(C1)C3=CC=CC=C3CC4=C2N=CC=C4,CN1CCN2C(C1)C3=CC=CC=C3CC4=C2N=CC=C4,1028
drug_df9e5574412680a99b08,Misoprostol,misoprostol,5282381,CCCCC(C)(CC=CC1C(CC(=O)C1CCCCCCC(=O)OC)O)O,CCCCC(C)(C/C=C/[C@H]1[C@@H](CC(=O)[C@@H]1CCCCCCC(=O)OC)O)O,1029
drug_035075d73ee2d75d968a,Mitiglinide,mitiglinide,121891,C1CCC2CN(CC2C1)C(=O)CC(CC3=CC=CC=C3)C(=O)O,C1CC[C@H]2CN(C[C@H]2C1)C(=O)C[C@H](CC3=CC=CC=C3)C(=O)O,1030
drug_82efbc95cd8ff65ef46a,Mitomycin,mitomycin,5746,CC1=C(C(=O)C2=C(C1=O)N3CC4C(C3(C2COC(=O)N)OC)N4)N,CC1=C(C(=O)C2=C(C1=O)N3C[C@H]4[C@@H]([C@@]3([C@@H]2COC(=O)N)OC)N4)N,1031
drug_680e2614e20512d4c2c2,Mitotane,mitotane,4211,C1=CC=C(C(=C1)C(C2=CC=C(C=C2)Cl)C(Cl)Cl)Cl,C1=CC=C(C(=C1)C(C2=CC=C(C=C2)Cl)C(Cl)Cl)Cl,1032
drug_96f2310196d590e46d95,Mitoxantrone,mitoxantrone,4212,C1=CC(=C2C(=C1NCCNCCO)C(=O)C3=C(C=CC(=C3C2=O)O)O)NCCNCCO,C1=CC(=C2C(=C1NCCNCCO)C(=O)C3=C(C=CC(=C3C2=O)O)O)NCCNCCO,1033
drug_e1636d13176aadcdb4c3,Mivacurium,mivacurium,5281042,C[N+]1(CCC2=CC(=C(C=C2C1CC3=CC(=C(C(=C3)OC)OC)OC)OC)OC)CCCOC(=O)CCC=CCCC(=O)OCCC[N+]4(CCC5=CC(=C(C=C5C4CC6=CC(=C(C(=C6)OC)OC)OC)OC)OC)C,C[N+]1(CCC2=CC(=C(C=C2[C@H]1CC3=CC(=C(C(=C3)OC)OC)OC)OC)OC)CCCOC(=O)CC/C=C/CCC(=O)OCCC[N+]4(CCC5=CC(=C(C=C5[C@H]4CC6=CC(=C(C(=C6)OC)OC)OC)OC)OC)C,1034
drug_0ea4c68ea45c963905d2,Moclobemide,moclobemide,4235,C1COCCN1CCNC(=O)C2=CC=C(C=C2)Cl,C1COCCN1CCNC(=O)C2=CC=C(C=C2)Cl,1035
drug_bf14d5b176c65a69ce8d,Modafinil,modafinil,4236,C1=CC=C(C=C1)C(C2=CC=CC=C2)S(=O)CC(=O)N,C1=CC=C(C=C1)C(C2=CC=CC=C2)S(=O)CC(=O)N,1036
drug_ef2db8aec11066c6edb5,Moexipril,moexipril,91270,CCOC(=O)C(CCC1=CC=CC=C1)NC(C)C(=O)N2CC3=CC(=C(C=C3CC2C(=O)O)OC)OC,CCOC(=O)[C@H](CCC1=CC=CC=C1)N[C@@H](C)C(=O)N2CC3=CC(=C(C=C3C[C@H]2C(=O)O)OC)OC,1037
drug_102191d02e34891060c7,Molindone,molindone,23897,CCC1=C(NC2=C1C(=O)C(CC2)CN3CCOCC3)C,CCC1=C(NC2=C1C(=O)C(CC2)CN3CCOCC3)C,1038
drug_a29d7287db817b929d9c,Molsidomine,molsidomine,5353788,CCOC(=NC1=C[N+](=NO1)N2CCOCC2)[O-],CCO/C(=N/C1=C[N+](=NO1)N2CCOCC2)/[O-],1039
drug_cddc274f1e994e915741,Mometasone,mometasone,441335,CC1CC2C3CCC4=CC(=O)C=CC4(C3(C(CC2(C1(C(=O)CCl)O)C)O)Cl)C,C[C@@H]1C[C@H]2[C@@H]3CCC4=CC(=O)C=C[C@@]4([C@]3([C@H](C[C@@]2([C@]1(C(=O)CCl)O)C)O)Cl)C,1040
drug_a44297f85f484d012a1e,Montelukast,montelukast,5281040,CC(C)(C1=CC=CC=C1CCC(C2=CC=CC(=C2)C=CC3=NC4=C(C=CC(=C4)Cl)C=C3)SCC5(CC5)CC(=O)O)O,CC(C)(C1=CC=CC=C1CC[C@H](C2=CC=CC(=C2)/C=C/C3=NC4=C(C=CC(=C4)Cl)C=C3)SCC5(CC5)CC(=O)O)O,1041
drug_a78b57c0fd88580188eb,Moricizine,moricizine,34633,CCOC(=O)NC1=CC2=C(C=C1)SC3=CC=CC=C3N2C(=O)CCN4CCOCC4,CCOC(=O)NC1=CC2=C(C=C1)SC3=CC=CC=C3N2C(=O)CCN4CCOCC4,1042
drug_362ba8e52aa2d53e6c55,Morniflumate,morniflumate,72106,C1COCCN1CCOC(=O)C2=C(N=CC=C2)NC3=CC=CC(=C3)C(F)(F)F,C1COCCN1CCOC(=O)C2=C(N=CC=C2)NC3=CC=CC(=C3)C(F)(F)F,1043
drug_26fdcac1e157f107d37c,Morphine,morphine,5288826,CN1CCC23C4C1CC5=C2C(=C(C=C5)O)OC3C(C=C4)O,CN1CC[C@]23[C@@H]4[C@H]1CC5=C2C(=C(C=C5)O)O[C@H]3[C@H](C=C4)O,1044
drug_3127bac21ba724dd0a96,Moxifloxacin,moxifloxacin,152946,COC1=C2C(=CC(=C1N3CC4CCCNC4C3)F)C(=O)C(=CN2C5CC5)C(=O)O,COC1=C2C(=CC(=C1N3C[C@@H]4CCCN[C@@H]4C3)F)C(=O)C(=CN2C5CC5)C(=O)O,1045
drug_5fd8a115ec0bf9e3353f,Moxonidine,moxonidine,4810,CC1=NC(=C(C(=N1)Cl)NC2=NCCN2)OC,CC1=NC(=C(C(=N1)Cl)NC2=NCCN2)OC,1046
drug_3848d382ea8931519e4b,Mupirocin,mupirocin,446596,CC(C1C(O1)CC2COC(C(C2O)O)CC(=CC(=O)OCCCCCCCCC(=O)O)C)C(C)O,C[C@H]([C@H]1[C@@H](O1)C[C@H]2CO[C@H]([C@@H]([C@@H]2O)O)C/C(=C/C(=O)OCCCCCCCCC(=O)O)/C)[C@H](C)O,1047
drug_78a85b41f0c5af4a0d20,Mycophenolate mofetil,mycophenolate mofetil,5281078,CC1=C2COC(=O)C2=C(C(=C1OC)CC=C(C)CCC(=O)OCCN3CCOCC3)O,CC1=C2COC(=O)C2=C(C(=C1OC)C/C=C(\C)/CCC(=O)OCCN3CCOCC3)O,1048
drug_c5ed6d73e8e88ddb3e4f,Mycophenolic acid,mycophenolic acid,446541,CC1=C2COC(=O)C2=C(C(=C1OC)CC=C(C)CCC(=O)O)O,CC1=C2COC(=O)C2=C(C(=C1OC)C/C=C(\C)/CCC(=O)O)O,1049
drug_964f37ba9c7dae02b712,Nabilone,nabilone,5284592,CCCCCCC(C)(C)C1=CC(=C2C3CC(=O)CCC3C(OC2=C1)(C)C)O,CCCCCCC(C)(C)C1=CC(=C2[C@@H]3CC(=O)CC[C@H]3C(OC2=C1)(C)C)O,1050
drug_d3724985896103e085f7,Nabumetone,nabumetone,4409,CC(=O)CCC1=CC2=C(C=C1)C=C(C=C2)OC,CC(=O)CCC1=CC2=C(C=C1)C=C(C=C2)OC,1051
drug_9f219f7e21736a24fead,Nadolol,nadolol,39147,CC(C)(C)NCC(COC1=CC=CC2=C1CC(C(C2)O)O)O,CC(C)(C)NCC(COC1=CC=CC2=C1C[C@@H]([C@@H](C2)O)O)O,1052
drug_aa5f3ff4a4724ae7c4f7,Nafamostat,nafamostat,4413,C1=CC(=CC=C1C(=O)OC2=CC3=C(C=C2)C=C(C=C3)C(=N)N)N=C(N)N,C1=CC(=CC=C1C(=O)OC2=CC3=C(C=C2)C=C(C=C3)C(=N)N)N=C(N)N,1053
drug_5091870472aaab9f9e1d,Nafarelin,nafarelin,25077405,CC(C)CC(C(=O)NC(CCCN=C(N)N)C(=O)N1CCCC1C(=O)NCC(=O)N)NC(=O)C(CC2=CC3=CC=CC=C3C=C2)NC(=O)C(CC4=CC=C(C=C4)O)NC(=O)C(CO)NC(=O)C(CC5=CNC6=CC=CC=C65)NC(=O)C(CC7=CN=CN7)NC(=O)C8CCC(=O)N8,CC(C)C[C@@H](C(=O)N[C@@H](CCCN=C(N)N)C(=O)N1CCC[C@H]1C(=O)NCC(=O)N)NC(=O)[C@@H](CC2=CC3=CC=CC=C3C=C2)NC(=O)[C@H](CC4=CC=C(C=C4)O)NC(=O)[C@H](CO)NC(=O)[C@H](CC5=CNC6=CC=CC=C65)NC(=O)[C@H](CC7=CN=CN7)NC(=O)[C@@H]8CCC(=O)N8,1054
drug_1ac5b066b03cfb7f6324,Nafcillin,nafcillin,8982,CCOC1=C(C2=CC=CC=C2C=C1)C(=O)NC3C4N(C3=O)C(C(S4)(C)C)C(=O)O,CCOC1=C(C2=CC=CC=C2C=C1)C(=O)N[C@H]3[C@@H]4N(C3=O)[C@H](C(S4)(C)C)C(=O)O,1055
drug_dc01c6d8a22b9df82b59,Naftifine,naftifine,47641,CN(CC=CC1=CC=CC=C1)CC2=CC=CC3=CC=CC=C32,CN(C/C=C/C1=CC=CC=C1)CC2=CC=CC3=CC=CC=C32,1056
drug_3c0f40cc38b5e48462d7,Nalbuphine,nalbuphine,5311304,C1CC(C1)CN2CCC34C5C(CCC3(C2CC6=C4C(=C(C=C6)O)O5)O)O,C1CC(C1)CN2CC[C@]34[C@@H]5[C@H](CC[C@]3([C@H]2CC6=C4C(=C(C=C6)O)O5)O)O,1057
drug_0c66cb90331f0ef1fe7e,Naldemedine,naldemedine,54732242,CC(C)(C1=NC(=NO1)C2=CC=CC=C2)NC(=O)C3=C(C4C56CCN(C(C5(C3)O)CC7=C6C(=C(C=C7)O)O4)CC8CC8)O,CC(C)(C1=NC(=NO1)C2=CC=CC=C2)NC(=O)C3=C([C@H]4[C@@]56CCN([C@@H]([C@@]5(C3)O)CC7=C6C(=C(C=C7)O)O4)CC8CC8)O,1058
drug_378b6364661d9c924214,Nalidixic acid,nalidixic acid,4421,CCN1C=C(C(=O)C2=C1N=C(C=C2)C)C(=O)O,CCN1C=C(C(=O)C2=C1N=C(C=C2)C)C(=O)O,1059
drug_01512970b5929e626c3a,Naloxegol,naloxegol,56959087,COCCOCCOCCOCCOCCOCCOCCOC1CCC2(C3CC4=C5C2(C1OC5=C(C=C4)O)CCN3CC=C)O,COCCOCCOCCOCCOCCOCCOCCO[C@H]1CC[C@]2([C@H]3CC4=C5[C@]2([C@H]1OC5=C(C=C4)O)CCN3CC=C)O,1060
drug_a5a3d828202d40b94913,Naloxone,naloxone,5284596,C=CCN1CCC23C4C(=O)CCC2(C1CC5=C3C(=C(C=C5)O)O4)O,C=CCN1CC[C@]23[C@@H]4C(=O)CC[C@]2([C@H]1CC5=C3C(=C(C=C5)O)O4)O,1061
drug_b6fb707f66ec2a37294b,Naltrexone,naltrexone,5360515,C1CC1CN2CCC34C5C(=O)CCC3(C2CC6=C4C(=C(C=C6)O)O5)O,C1CC1CN2CC[C@]34[C@@H]5C(=O)CC[C@]3([C@H]2CC6=C4C(=C(C=C6)O)O5)O,1062
drug_45b6a5cda4d3273bf0ef,Nandrolone decanoate,nandrolone decanoate,9677,CCCCCCCCCC(=O)OC1CCC2C1(CCC3C2CCC4=CC(=O)CCC34)C,CCCCCCCCCC(=O)O[C@H]1CC[C@@H]2[C@@]1(CC[C@H]3[C@H]2CCC4=CC(=O)CC[C@H]34)C,1063
drug_d1f3d2ce7675fc64a781,Naphazoline,naphazoline,4436,C1CN=C(N1)CC2=CC=CC3=CC=CC=C32,C1CN=C(N1)CC2=CC=CC3=CC=CC=C32,1064
drug_a9ee7a13cb1d8b30d6a1,Naproxen,naproxen,156391,CC(C1=CC2=C(C=C1)C=C(C=C2)OC)C(=O)O,C[C@@H](C1=CC2=C(C=C1)C=C(C=C2)OC)C(=O)O,1065
drug_9b891d25a9a1c86b93b9,Naratriptan,naratriptan,4440,CNS(=O)(=O)CCC1=CC2=C(C=C1)NC=C2C3CCN(CC3)C,CNS(=O)(=O)CCC1=CC2=C(C=C1)NC=C2C3CCN(CC3)C,1066
drug_68f25b2ad4646b2e8f00,Natamycin,natamycin,5284447,CC1CC=CC=CC=CC=CC(CC2C(C(CC(O2)(CC(CC3C(O3)C=CC(=O)O1)O)O)O)C(=O)O)OC4C(C(C(C(O4)C)O)N)O,C[C@@H]1C/C=C/C=C/C=C/C=C/[C@@H](C[C@H]2[C@@H]([C@H](C[C@](O2)(C[C@H](C[C@@H]3[C@H](O3)/C=C/C(=O)O1)O)O)O)C(=O)O)O[C@H]4[C@H]([C@H]([C@@H]([C@H](O4)C)O)N)O,1067
drug_1d38dd90fda743a301e7,Nateglinide,nateglinide,5311309,CC(C)C1CCC(CC1)C(=O)NC(CC2=CC=CC=C2)C(=O)O,CC(C)C1CCC(CC1)C(=O)N[C@H](CC2=CC=CC=C2)C(=O)O,1068
drug_61916606b681f357a4cd,Nebivolol,nebivolol,71301,C1CC2=C(C=CC(=C2)F)OC1C(CNCC(C3CCC4=C(O3)C=CC(=C4)F)O)O,C1CC2=C(C=CC(=C2)F)OC1C(CNCC(C3CCC4=C(O3)C=CC(=C4)F)O)O,1069
drug_a4a45022d485baaa281c,Nedaplatin,nedaplatin,9796440,C(C(=O)[O-])[O-].N.N.[Pt+2],C(C(=O)[O-])[O-].N.N.[Pt+2],1070
drug_c2f24cf782c973db6424,Nefazodone,nefazodone,4449,CCC1=NN(C(=O)N1CCOC2=CC=CC=C2)CCCN3CCN(CC3)C4=CC(=CC=C4)Cl,CCC1=NN(C(=O)N1CCOC2=CC=CC=C2)CCCN3CCN(CC3)C4=CC(=CC=C4)Cl,1071
drug_fafadad91bfd6123955f,Nelarabine,nelarabine,3011155,COC1=NC(=NC2=C1N=CN2C3C(C(C(O3)CO)O)O)N,COC1=NC(=NC2=C1N=CN2[C@H]3[C@H]([C@@H]([C@H](O3)CO)O)O)N,1072
drug_1dbc8f297e8ce48d1089,Nelfinavir,nelfinavir,64143,CC1=C(C=CC=C1O)C(=O)NC(CSC2=CC=CC=C2)C(CN3CC4CCCCC4CC3C(=O)NC(C)(C)C)O,CC1=C(C=CC=C1O)C(=O)N[C@@H](CSC2=CC=CC=C2)[C@@H](CN3C[C@H]4CCCC[C@H]4C[C@H]3C(=O)NC(C)(C)C)O,1073
drug_3b8bf16eee80867326d4,Neostigmine,neostigmine,4456,CN(C)C(=O)OC1=CC=CC(=C1)[N+](C)(C)C,CN(C)C(=O)OC1=CC=CC(=C1)[N+](C)(C)C,1074
drug_71d3329a9edd44d723dd,Nepafenac,nepafenac,151075,C1=CC=C(C=C1)C(=O)C2=CC=CC(=C2N)CC(=O)N,C1=CC=C(C=C1)C(=O)C2=CC=CC(=C2N)CC(=O)N,1075
drug_460931bc03ce50dcf3a2,Neratinib,neratinib,9915743,CCOC1=C(C=C2C(=C1)N=CC(=C2NC3=CC(=C(C=C3)OCC4=CC=CC=N4)Cl)C#N)NC(=O)C=CCN(C)C,CCOC1=C(C=C2C(=C1)N=CC(=C2NC3=CC(=C(C=C3)OCC4=CC=CC=N4)Cl)C#N)NC(=O)/C=C/CN(C)C,1076
drug_02e9948c0912e7ac2928,Netilmicin,netilmicin,441306,CCNC1CC(C(C(C1OC2C(C(C(CO2)(C)O)NC)O)O)OC3C(CC=C(O3)CN)N)N,CCN[C@@H]1C[C@@H]([C@H]([C@@H]([C@H]1O[C@@H]2[C@@H]([C@H]([C@@](CO2)(C)O)NC)O)O)O[C@@H]3[C@@H](CC=C(O3)CN)N)N,1077
drug_bd96a4086db2c16c7610,Netupitant,netupitant,6451149,CC1=CC=CC=C1C2=CC(=NC=C2N(C)C(=O)C(C)(C)C3=CC(=CC(=C3)C(F)(F)F)C(F)(F)F)N4CCN(CC4)C,CC1=CC=CC=C1C2=CC(=NC=C2N(C)C(=O)C(C)(C)C3=CC(=CC(=C3)C(F)(F)F)C(F)(F)F)N4CCN(CC4)C,1078
drug_010ebd0e9b4696daf478,Nevirapine,nevirapine,4463,CC1=C2C(=NC=C1)N(C3=C(C=CC=N3)C(=O)N2)C4CC4,CC1=C2C(=NC=C1)N(C3=C(C=CC=N3)C(=O)N2)C4CC4,1079
drug_07b9639e03e7c632555e,Niacin,niacin,938,C1=CC(=CN=C1)C(=O)O,C1=CC(=CN=C1)C(=O)O,1080
drug_9093963a1da05289ca52,Nicardipine,nicardipine,4474,CC1=C(C(C(=C(N1)C)C(=O)OCCN(C)CC2=CC=CC=C2)C3=CC(=CC=C3)[N+](=O)[O-])C(=O)OC,CC1=C(C(C(=C(N1)C)C(=O)OCCN(C)CC2=CC=CC=C2)C3=CC(=CC=C3)[N+](=O)[O-])C(=O)OC,1081
drug_7c83829c9d7a23309f82,Nicergoline,nicergoline,34040,CN1CC(CC2(C1CC3=CN(C4=CC=CC2=C34)C)OC)COC(=O)C5=CC(=CN=C5)Br,CN1C[C@@H](C[C@]2([C@H]1CC3=CN(C4=CC=CC2=C34)C)OC)COC(=O)C5=CC(=CN=C5)Br,1082
drug_d0230688ae0c03c01eae,Niclosamide,niclosamide,4477,C1=CC(=C(C=C1[N+](=O)[O-])Cl)NC(=O)C2=C(C=CC(=C2)Cl)O,C1=CC(=C(C=C1[N+](=O)[O-])Cl)NC(=O)C2=C(C=CC(=C2)Cl)O,1083
drug_e534e8f06669a0aa4ba1,Nicorandil,nicorandil,47528,C1=CC(=CN=C1)C(=O)NCCO[N+](=O)[O-],C1=CC(=CN=C1)C(=O)NCCO[N+](=O)[O-],1084
drug_e3ee21e04f257df8cab7,Nicotinamide,nicotinamide,936,C1=CC(=CN=C1)C(=O)N,C1=CC(=CN=C1)C(=O)N,1085
drug_862f4a1488a61d636263,Nicotine,nicotine,89594,CN1CCCC1C2=CN=CC=C2,CN1CCC[C@H]1C2=CN=CC=C2,1086
drug_cc990d839e8da3633d69,Nifedipine,nifedipine,4485,CC1=C(C(C(=C(N1)C)C(=O)OC)C2=CC=CC=C2[N+](=O)[O-])C(=O)OC,CC1=C(C(C(=C(N1)C)C(=O)OC)C2=CC=CC=C2[N+](=O)[O-])C(=O)OC,1087
drug_d5e8a3b7d3466df94028,Niflumic acid,niflumic acid,4488,C1=CC(=CC(=C1)NC2=C(C=CC=N2)C(=O)O)C(F)(F)F,C1=CC(=CC(=C1)NC2=C(C=CC=N2)C(=O)O)C(F)(F)F,1088
drug_36fa5c738282f3a811ca,Nilotinib,nilotinib,644241,CC1=C(C=C(C=C1)C(=O)NC2=CC(=CC(=C2)C(F)(F)F)N3C=C(N=C3)C)NC4=NC=CC(=N4)C5=CN=CC=C5,CC1=C(C=C(C=C1)C(=O)NC2=CC(=CC(=C2)C(F)(F)F)N3C=C(N=C3)C)NC4=NC=CC(=N4)C5=CN=CC=C5,1089
drug_6efb80e1d46d1633e291,Nilutamide,nilutamide,4493,CC1(C(=O)N(C(=O)N1)C2=CC(=C(C=C2)[N+](=O)[O-])C(F)(F)F)C,CC1(C(=O)N(C(=O)N1)C2=CC(=C(C=C2)[N+](=O)[O-])C(F)(F)F)C,1090
drug_45d5208a93c1cd943131,Nilvadipine,nilvadipine,4494,CC1=C(C(C(=C(N1)C#N)C(=O)OC)C2=CC(=CC=C2)[N+](=O)[O-])C(=O)OC(C)C,CC1=C(C(C(=C(N1)C#N)C(=O)OC)C2=CC(=CC=C2)[N+](=O)[O-])C(=O)OC(C)C,1091
drug_2b145b6c49c1fc6b5560,Nimesulide,nimesulide,4495,CS(=O)(=O)NC1=C(C=C(C=C1)[N+](=O)[O-])OC2=CC=CC=C2,CS(=O)(=O)NC1=C(C=C(C=C1)[N+](=O)[O-])OC2=CC=CC=C2,1092
drug_2adbce713c43dfddb04c,Nimodipine,nimodipine,4497,CC1=C(C(C(=C(N1)C)C(=O)OC(C)C)C2=CC(=CC=C2)[N+](=O)[O-])C(=O)OCCOC,CC1=C(C(C(=C(N1)C)C(=O)OC(C)C)C2=CC(=CC=C2)[N+](=O)[O-])C(=O)OCCOC,1093
drug_45ffbcd092030f1472cd,Nintedanib,nintedanib,135423438,CN1CCN(CC1)CC(=O)N(C)C2=CC=C(C=C2)N=C(C3=CC=CC=C3)C4=C(NC5=C4C=CC(=C5)C(=O)OC)O,CN1CCN(CC1)CC(=O)N(C)C2=CC=C(C=C2)N=C(C3=CC=CC=C3)C4=C(NC5=C4C=CC(=C5)C(=O)OC)O,1094
drug_268950459ef8c4df5b5b,Niraparib,niraparib,24958200,C1CC(CNC1)C2=CC=C(C=C2)N3C=C4C=CC=C(C4=N3)C(=O)N,C1C[C@H](CNC1)C2=CC=C(C=C2)N3C=C4C=CC=C(C4=N3)C(=O)N,1095
drug_1f1afb89d03142fcaa21,Nisoldipine,nisoldipine,4499,CC1=C(C(C(=C(N1)C)C(=O)OCC(C)C)C2=CC=CC=C2[N+](=O)[O-])C(=O)OC,CC1=C(C(C(=C(N1)C)C(=O)OCC(C)C)C2=CC=CC=C2[N+](=O)[O-])C(=O)OC,1096
drug_370e85a12a9ede6babe6,Nitrazepam,nitrazepam,4506,C1C(=O)NC2=C(C=C(C=C2)[N+](=O)[O-])C(=N1)C3=CC=CC=C3,C1C(=O)NC2=C(C=C(C=C2)[N+](=O)[O-])C(=N1)C3=CC=CC=C3,1097
drug_08758cfa86e86ab4cc82,Nitrendipine,nitrendipine,4507,CCOC(=O)C1=C(NC(=C(C1C2=CC(=CC=C2)[N+](=O)[O-])C(=O)OC)C)C,CCOC(=O)C1=C(NC(=C(C1C2=CC(=CC=C2)[N+](=O)[O-])C(=O)OC)C)C,1098
drug_c044a9939be39ebf984d,Nitric Oxide,nitric oxide,145068,[N]=O,[N]=O,1099
drug_4a1ffa927ab8a7ab065c,Nitrofural,nitrofural,5447130,C1=C(OC(=C1)[N+](=O)[O-])C=NNC(=O)N,C1=C(OC(=C1)[N+](=O)[O-])/C=N/NC(=O)N,1100
drug_20f1fc5758bc16c08e8e,Nitrofurantoin,nitrofurantoin,6604200,C1C(=O)NC(=O)N1N=CC2=CC=C(O2)[N+](=O)[O-],C1C(=O)NC(=O)N1/N=C/C2=CC=C(O2)[N+](=O)[O-],1101
drug_32cc576002135ea10752,Nitroglycerin,nitroglycerin,4510,C(C(CO[N+](=O)[O-])O[N+](=O)[O-])O[N+](=O)[O-],C(C(CO[N+](=O)[O-])O[N+](=O)[O-])O[N+](=O)[O-],1102
drug_22f3abf1150d23e72e17,Nitrous acid,nitrous acid,24529,N(=O)O,N(=O)O,1103
drug_8d3ea7064bca78675fa5,Nitrous oxide,nitrous oxide,948,[N-]=[N+]=O,[N-]=[N+]=O,1104
drug_4741f0c30223142c1daa,Nitroxoline,nitroxoline,19910,C1=CC2=C(C=CC(=C2N=C1)O)[N+](=O)[O-],C1=CC2=C(C=CC(=C2N=C1)O)[N+](=O)[O-],1105
drug_56fb5735696614c67fd1,Nizatidine,nizatidine,4513,CNC(=C[N+](=O)[O-])NCCSCC1=CSC(=N1)CN(C)C,CNC(=C[N+](=O)[O-])NCCSCC1=CSC(=N1)CN(C)C,1106
drug_4c985eba89fdd2deed20,Nomegestrol,nomegestrol,68783,CC1=CC2C(CCC3(C2CCC3(C(=O)C)O)C)C4C1=CC(=O)CC4,CC1=C[C@@H]2[C@H](CC[C@]3([C@H]2CC[C@@]3(C(=O)C)O)C)[C@@H]4C1=CC(=O)CC4,1107
drug_e80dc0d21500bff08fa7,Nonoxynol-9,nonoxynol-9,72385,CCCCCCCCCC1=CC=C(C=C1)OCCOCCOCCOCCOCCOCCOCCOCCOCCO,CCCCCCCCCC1=CC=C(C=C1)OCCOCCOCCOCCOCCOCCOCCOCCOCCO,1108
drug_5d235b85aa27e493c284,Norelgestromin,norelgestromin,62930,CCC12CCC3C(C1CCC2(C#C)O)CCC4=CC(=NO)CCC34,CC[C@]12CC[C@H]3[C@H]([C@@H]1CC[C@]2(C#C)O)CCC4=CC(=NO)CC[C@H]34,1109
drug_54f88fe6d26e35ce88df,Norepinephrine,norepinephrine,439260,C1=CC(=C(C=C1C(CN)O)O)O,C1=CC(=C(C=C1[C@H](CN)O)O)O,1110
drug_fd286324950e9fef7b25,Norethisterone,norethisterone,6230,CC12CCC3C(C1CCC2(C#C)O)CCC4=CC(=O)CCC34,C[C@]12CC[C@H]3[C@H]([C@@H]1CC[C@]2(C#C)O)CCC4=CC(=O)CC[C@H]34,1111
drug_2909a4e005598ca8915c,Norfloxacin,norfloxacin,4539,CCN1C=C(C(=O)C2=CC(=C(C=C21)N3CCNCC3)F)C(=O)O,CCN1C=C(C(=O)C2=CC(=C(C=C21)N3CCNCC3)F)C(=O)O,1112
drug_385db3e7dcfb5f85c5b3,Norgestimate,norgestimate,6540478,CCC12CCC3C(C1CCC2(C#C)OC(=O)C)CCC4=CC(=NO)CCC34,CC[C@]12CC[C@H]3[C@H]([C@@H]1CC[C@]2(C#C)OC(=O)C)CCC4=C/C(=N/O)/CC[C@H]34,1113
drug_f982764ee840dfc2a893,Normethadone,normethadone,10090,CCC(=O)C(CCN(C)C)(C1=CC=CC=C1)C2=CC=CC=C2,CCC(=O)C(CCN(C)C)(C1=CC=CC=C1)C2=CC=CC=C2,1114
drug_9345ec718f731511f7bf,Nortriptyline,nortriptyline,4543,CNCCC=C1C2=CC=CC=C2CCC3=CC=CC=C31,CNCCC=C1C2=CC=CC=C2CCC3=CC=CC=C31,1115
drug_8e429ca4baa449599db8,Novobiocin,novobiocin,54675769,CC1=C(C=CC2=C1OC(=O)C(=C2O)NC(=O)C3=CC(=C(C=C3)O)CC=C(C)C)OC4C(C(C(C(O4)(C)C)OC)OC(=O)N)O,CC1=C(C=CC2=C1OC(=O)C(=C2O)NC(=O)C3=CC(=C(C=C3)O)CC=C(C)C)O[C@H]4[C@@H]([C@@H]([C@H](C(O4)(C)C)OC)OC(=O)N)O,1116
drug_009be78138100c772de1,Nylidrin,nylidrin,4567,CC(CCC1=CC=CC=C1)NC(C)C(C2=CC=C(C=C2)O)O,CC(CCC1=CC=CC=C1)NC(C)C(C2=CC=C(C=C2)O)O,1117
drug_94bde8524e2e03a9e86d,Obeticholic acid,obeticholic acid,447715,CCC1C2CC(CCC2(C3CCC4(C(C3C1O)CCC4C(C)CCC(=O)O)C)C)O,CC[C@@H]1[C@@H]2C[C@@H](CC[C@@]2([C@H]3CC[C@]4([C@H]([C@@H]3[C@@H]1O)CC[C@@H]4[C@H](C)CCC(=O)O)C)C)O,1118
drug_b585c67b7e3b7d1f58c7,Octreotide,octreotide,448601,CC(C1C(=O)NC(CSSCC(C(=O)NC(C(=O)NC(C(=O)NC(C(=O)N1)CCCCN)CC2=CNC3=CC=CC=C32)CC4=CC=CC=C4)NC(=O)C(CC5=CC=CC=C5)N)C(=O)NC(CO)C(C)O)O,C[C@H]([C@H]1C(=O)N[C@@H](CSSC[C@@H](C(=O)N[C@H](C(=O)N[C@@H](C(=O)N[C@H](C(=O)N1)CCCCN)CC2=CNC3=CC=CC=C32)CC4=CC=CC=C4)NC(=O)[C@@H](CC5=CC=CC=C5)N)C(=O)N[C@H](CO)[C@@H](C)O)O,1119
drug_268c2462990fcf43febb,Ofloxacin,ofloxacin,4583,CC1COC2=C3N1C=C(C(=O)C3=CC(=C2N4CCN(CC4)C)F)C(=O)O,CC1COC2=C3N1C=C(C(=O)C3=CC(=C2N4CCN(CC4)C)F)C(=O)O,1120
drug_1468a294ab0dcd6bd0e9,Olanzapine,olanzapine,135398745,CC1=CC2=C(S1)NC3=CC=CC=C3N=C2N4CCN(CC4)C,CC1=CC2=C(S1)NC3=CC=CC=C3N=C2N4CCN(CC4)C,1121
drug_a02f1e209b6ba5710f01,Olaparib,olaparib,23725625,C1CC1C(=O)N2CCN(CC2)C(=O)C3=C(C=CC(=C3)CC4=NNC(=O)C5=CC=CC=C54)F,C1CC1C(=O)N2CCN(CC2)C(=O)C3=C(C=CC(=C3)CC4=NNC(=O)C5=CC=CC=C54)F,1122
drug_6a6a4ec8e80a407fbd45,Olmesartan,olmesartan,158781,CCCC1=NC(=C(N1CC2=CC=C(C=C2)C3=CC=CC=C3C4=NNN=N4)C(=O)O)C(C)(C)O,CCCC1=NC(=C(N1CC2=CC=C(C=C2)C3=CC=CC=C3C4=NNN=N4)C(=O)O)C(C)(C)O,1123
drug_4aeb98afeb7fbef4d0b5,Olodaterol,olodaterol,11504295,CC(C)(CC1=CC=C(C=C1)OC)NCC(C2=C3C(=CC(=C2)O)NC(=O)CO3)O,CC(C)(CC1=CC=C(C=C1)OC)NC[C@@H](C2=C3C(=CC(=C2)O)NC(=O)CO3)O,1124
drug_052ce1c0fe4434d0f9d0,Olopatadine,olopatadine,5281071,CN(C)CCC=C1C2=CC=CC=C2COC3=C1C=C(C=C3)CC(=O)O,CN(C)CC/C=C\1/C2=CC=CC=C2COC3=C1C=C(C=C3)CC(=O)O,1125
drug_f35942cb19933f3d5915,Olsalazine,olsalazine,22419,C1=CC(=C(C=C1N=NC2=CC(=C(C=C2)O)C(=O)O)C(=O)O)O,C1=CC(=C(C=C1N=NC2=CC(=C(C=C2)O)C(=O)O)C(=O)O)O,1126
drug_10045c63b06158b79d46,Omacetaxine mepesuccinate,omacetaxine mepesuccinate,285033,CC(C)(CCCC(CC(=O)OC)(C(=O)OC1C2C3=CC4=C(C=C3CCN5C2(CCC5)C=C1OC)OCO4)O)O,CC(C)(CCC[C@@](CC(=O)OC)(C(=O)O[C@H]1[C@H]2C3=CC4=C(C=C3CCN5[C@@]2(CCC5)C=C1OC)OCO4)O)O,1127
drug_6e96ba51e5c942a3565d,Ombitasvir,ombitasvir,54767916,CC(C)C(C(=O)N1CCCC1C(=O)NC2=CC=C(C=C2)C3CCC(N3C4=CC=C(C=C4)C(C)(C)C)C5=CC=C(C=C5)NC(=O)C6CCCN6C(=O)C(C(C)C)NC(=O)OC)NC(=O)OC,CC(C)[C@@H](C(=O)N1CCC[C@H]1C(=O)NC2=CC=C(C=C2)[C@@H]3CC[C@H](N3C4=CC=C(C=C4)C(C)(C)C)C5=CC=C(C=C5)NC(=O)[C@@H]6CCCN6C(=O)[C@H](C(C)C)NC(=O)OC)NC(=O)OC,1128
drug_798c6fe77221b47541b0,Omeprazole,omeprazole,4594,CC1=CN=C(C(=C1OC)C)CS(=O)C2=NC3=C(N2)C=C(C=C3)OC,CC1=CN=C(C(=C1OC)C)CS(=O)C2=NC3=C(N2)C=C(C=C3)OC,1129
drug_4812f770ebbd39c7900d,Ondansetron,ondansetron,4595,CC1=NC=CN1CC2CCC3=C(C2=O)C4=CC=CC=C4N3C,CC1=NC=CN1CC2CCC3=C(C2=O)C4=CC=CC=C4N3C,1130
drug_4cec8a713c7ae2a27137,Orciprenaline,orciprenaline,4086,CC(C)NCC(C1=CC(=CC(=C1)O)O)O,CC(C)NCC(C1=CC(=CC(=C1)O)O)O,1131
drug_e872cd6941a1a9060331,Oritavancin,oritavancin,16136912,CC1C(C(CC(O1)OC2C3C(=O)NC(C4=C(C(=CC(=C4)O)O)C5=C(C=CC(=C5)C(C(=O)N3)NC(=O)C6C7=CC(=C(C(=C7)OC8=C(C=C2C=C8)Cl)OC9C(C(C(C(O9)CO)O)O)OC1CC(C(C(O1)C)O)(C)NCC1=CC=C(C=C1)C1=CC=C(C=C1)Cl)OC1=C(C=C(C=C1)C(C(C(=O)NC(C(=O)N6)CC(=O)N)NC(=O)C(CC(C)C)NC)O)Cl)O)C(=O)O)(C)N)O,C[C@H]1[C@@H]([C@@](C[C@@H](O1)O[C@H]2[C@H]3C(=O)N[C@@H](C4=C(C(=CC(=C4)O)O)C5=C(C=CC(=C5)[C@H](C(=O)N3)NC(=O)[C@H]6C7=CC(=C(C(=C7)OC8=C(C=C2C=C8)Cl)O[C@H]9[C@@H]([C@H]([C@@H]([C@H](O9)CO)O)O)O[C@H]1C[C@]([C@H]([C@@H](O1)C)O)(C)NCC1=CC=C(C=C1)C1=CC=C(C=C1)Cl)OC1=C(C=C(C=C1)[C@H]([C@H](C(=O)N[C@H](C(=O)N6)CC(=O)N)NC(=O)[C@@H](CC(C)C)NC)O)Cl)O)C(=O)O)(C)N)O,1132
drug_d70bde8596839002f92a,Orlistat,orlistat,3034010,CCCCCCCCCCCC(CC1C(C(=O)O1)CCCCCC)OC(=O)C(CC(C)C)NC=O,CCCCCCCCCCC[C@@H](C[C@H]1[C@@H](C(=O)O1)CCCCCC)OC(=O)[C@H](CC(C)C)NC=O,1133
drug_1532e510b3a075133981,Orphenadrine,orphenadrine,4601,CC1=CC=CC=C1C(C2=CC=CC=C2)OCCN(C)C,CC1=CC=CC=C1C(C2=CC=CC=C2)OCCN(C)C,1134
drug_ad39b5b10883ad411eb7,Oseltamivir,oseltamivir,65028,CCC(CC)OC1C=C(CC(C1NC(=O)C)N)C(=O)OCC,CCC(CC)O[C@@H]1C=C(C[C@@H]([C@H]1NC(=O)C)N)C(=O)OCC,1135
drug_83b1b6c8b85749c6dae2,Osimertinib,osimertinib,71496458,CN1C=C(C2=CC=CC=C21)C3=NC(=NC=C3)NC4=C(C=C(C(=C4)NC(=O)C=C)N(C)CCN(C)C)OC,CN1C=C(C2=CC=CC=C21)C3=NC(=NC=C3)NC4=C(C=C(C(=C4)NC(=O)C=C)N(C)CCN(C)C)OC,1136
drug_a51ea260b2ef8001ad7d,Ospemifene,ospemifene,3036505,C1=CC=C(C=C1)C(=C(C2=CC=CC=C2)C3=CC=C(C=C3)OCCO)CCCl,C1=CC=C(C=C1)/C(=C(/C2=CC=CC=C2)\C3=CC=C(C=C3)OCCO)/CCCl,1137
drug_dda7ac174f9a0e5ec469,Ouabain,ouabain,439501,CC1C(C(C(C(O1)OC2CC(C3(C4C(CCC3(C2)O)C5(CCC(C5(CC4O)C)C6=CC(=O)OC6)O)CO)O)O)O)O,C[C@H]1[C@@H]([C@H]([C@H]([C@@H](O1)O[C@H]2C[C@H]([C@@]3([C@@H]4[C@@H](CC[C@@]3(C2)O)[C@]5(CC[C@@H]([C@]5(C[C@H]4O)C)C6=CC(=O)OC6)O)CO)O)O)O)O,1138
drug_772d08877fdb78f43b69,Oxacillin,oxacillin,6196,CC1=C(C(=NO1)C2=CC=CC=C2)C(=O)NC3C4N(C3=O)C(C(S4)(C)C)C(=O)O,CC1=C(C(=NO1)C2=CC=CC=C2)C(=O)N[C@H]3[C@@H]4N(C3=O)[C@H](C(S4)(C)C)C(=O)O,1139
drug_217ec6308811e62dac21,Oxaliplatin,oxaliplatin,9887053,C1CCC(C(C1)[NH-])[NH-].C(=O)(C(=O)O)O.[Pt+2],C1CC[C@H]([C@@H](C1)[NH-])[NH-].C(=O)(C(=O)O)O.[Pt+2],1140
drug_4b930a506e34bf6c1602,Oxamniquine,oxamniquine,4612,CC(C)NCC1CCC2=CC(=C(C=C2N1)[N+](=O)[O-])CO,CC(C)NCC1CCC2=CC(=C(C=C2N1)[N+](=O)[O-])CO,1141
drug_a45c7f2d0261942594a3,Oxandrolone,oxandrolone,5878,CC12CCC3C(C1CCC2(C)O)CCC4C3(COC(=O)C4)C,C[C@]12CC[C@H]3[C@H]([C@@H]1CC[C@]2(C)O)CC[C@@H]4[C@@]3(COC(=O)C4)C,1142
drug_5b7afd449246df6a109d,Oxaprozin,oxaprozin,4614,C1=CC=C(C=C1)C2=C(OC(=N2)CCC(=O)O)C3=CC=CC=C3,C1=CC=C(C=C1)C2=C(OC(=N2)CCC(=O)O)C3=CC=CC=C3,1143
drug_8b7597665913cb1a72bd,Oxazepam,oxazepam,4616,C1=CC=C(C=C1)C2=NC(C(=O)NC3=C2C=C(C=C3)Cl)O,C1=CC=C(C=C1)C2=NC(C(=O)NC3=C2C=C(C=C3)Cl)O,1144
drug_12830734a9dd454b5794,Oxcarbazepine,oxcarbazepine,34312,C1C2=CC=CC=C2N(C3=CC=CC=C3C1=O)C(=O)N,C1C2=CC=CC=C2N(C3=CC=CC=C3C1=O)C(=O)N,1145
drug_d13a3c0afded0c207451,Oxetacaine,oxetacaine,4621,CC(C)(CC1=CC=CC=C1)N(C)C(=O)CN(CCO)CC(=O)N(C)C(C)(C)CC2=CC=CC=C2,CC(C)(CC1=CC=CC=C1)N(C)C(=O)CN(CCO)CC(=O)N(C)C(C)(C)CC2=CC=CC=C2,1146
drug_ed940c0c1a7b79176594,Oxiconazole,oxiconazole,5353853,C1=CC(=C(C=C1Cl)Cl)CON=C(CN2C=CN=C2)C3=C(C=C(C=C3)Cl)Cl,C1=CC(=C(C=C1Cl)Cl)CO/N=C(\CN2C=CN=C2)/C3=C(C=C(C=C3)Cl)Cl,1147
drug_38199108d00f2670fff7,Oxilofrine,oxilofrine,688009,CC(C(C1=CC=C(C=C1)O)O)NC,C[C@@H]([C@@H](C1=CC=C(C=C1)O)O)NC,1148
drug_c909439516ae3a728200,Oxitriptan,oxitriptan,439280,C1=CC2=C(C=C1O)C(=CN2)CC(C(=O)O)N,C1=CC2=C(C=C1O)C(=CN2)C[C@@H](C(=O)O)N,1149
drug_5d4015bbef7e3f80faa6,Oxprenolol,oxprenolol,4631,CC(C)NCC(COC1=CC=CC=C1OCC=C)O,CC(C)NCC(COC1=CC=CC=C1OCC=C)O,1150
drug_897b80ab7755008ee77a,Oxtriphylline,oxtriphylline,656652,CN1C(=C2C(=NC=N2)N(C1=O)C)[O-].C[N+](C)(C)CCO,CN1C(=C2C(=NC=N2)N(C1=O)C)[O-].C[N+](C)(C)CCO,1151
drug_a0b765c5a0ca38951eed,Oxybuprocaine,oxybuprocaine,4633,CCCCOC1=C(C=CC(=C1)C(=O)OCCN(CC)CC)N,CCCCOC1=C(C=CC(=C1)C(=O)OCCN(CC)CC)N,1152
drug_478d10c5900f31cfddaf,Oxybutynin,oxybutynin,4634,CCN(CC)CC#CCOC(=O)C(C1CCCCC1)(C2=CC=CC=C2)O,CCN(CC)CC#CCOC(=O)C(C1CCCCC1)(C2=CC=CC=C2)O,1153
drug_2ac9134d5d3e73234944,Oxycodone,oxycodone,5284603,CN1CCC23C4C(=O)CCC2(C1CC5=C3C(=C(C=C5)OC)O4)O,CN1CC[C@]23[C@@H]4C(=O)CC[C@]2([C@H]1CC5=C3C(=C(C=C5)OC)O4)O,1154
drug_bd6a5f1de43782ed42d4,Oxymetazoline,oxymetazoline,4636,CC1=CC(=C(C(=C1CC2=NCCN2)C)O)C(C)(C)C,CC1=CC(=C(C(=C1CC2=NCCN2)C)O)C(C)(C)C,1155
drug_457583061bf51fdd4633,Oxymetholone,oxymetholone,5281034,CC12CCC3C(C1CCC2(C)O)CCC4C3(CC(=CO)C(=O)C4)C,C[C@]12CC[C@H]3[C@H]([C@@H]1CC[C@]2(C)O)CC[C@@H]4[C@@]3(C/C(=C/O)/C(=O)C4)C,1156
drug_804b387c4185bdb7555c,Oxymorphone,oxymorphone,5284604,CN1CCC23C4C(=O)CCC2(C1CC5=C3C(=C(C=C5)O)O4)O,CN1CC[C@]23[C@@H]4C(=O)CC[C@]2([C@H]1CC5=C3C(=C(C=C5)O)O4)O,1157
drug_d6f630af892fc63c40ee,Oxyphenbutazone,oxyphenbutazone,4641,CCCCC1C(=O)N(N(C1=O)C2=CC=C(C=C2)O)C3=CC=CC=C3,CCCCC1C(=O)N(N(C1=O)C2=CC=C(C=C2)O)C3=CC=CC=C3,1158
drug_04fa0cee6e9e28c8fd74,Oxyphenonium,oxyphenonium,5749,CC[N+](C)(CC)CCOC(=O)C(C1CCCCC1)(C2=CC=CC=C2)O,CC[N+](C)(CC)CCOC(=O)C(C1CCCCC1)(C2=CC=CC=C2)O,1159
drug_94dfa546aa1caab432d5,Oxytetracycline,oxytetracycline,54675779,CC1(C2C(C3C(C(=O)C(=C(C3(C(=O)C2=C(C4=C1C=CC=C4O)O)O)O)C(=O)N)N(C)C)O)O,C[C@@]1([C@H]2[C@@H]([C@H]3[C@@H](C(=O)C(=C([C@]3(C(=O)C2=C(C4=C1C=CC=C4O)O)O)O)C(=O)N)N(C)C)O)O,1160
drug_55ba6b0814a47184ece7,Ozenoxacin,ozenoxacin,9863827,CC1=CC(=CN=C1NC)C2=C(C3=C(C=C2)C(=O)C(=CN3C4CC4)C(=O)O)C,CC1=CC(=CN=C1NC)C2=C(C3=C(C=C2)C(=O)C(=CN3C4CC4)C(=O)O)C,1161
drug_2662a983444a807e8a4f,Paclitaxel,paclitaxel,36314,CC1=C2C(C(=O)C3(C(CC4C(C3C(C(C2(C)C)(CC1OC(=O)C(C(C5=CC=CC=C5)NC(=O)C6=CC=CC=C6)O)O)OC(=O)C7=CC=CC=C7)(CO4)OC(=O)C)O)C)OC(=O)C,CC1=C2[C@H](C(=O)[C@@]3([C@H](C[C@@H]4[C@]([C@H]3[C@@H]([C@@](C2(C)C)(C[C@@H]1OC(=O)[C@@H]([C@H](C5=CC=CC=C5)NC(=O)C6=CC=CC=C6)O)O)OC(=O)C7=CC=CC=C7)(CO4)OC(=O)C)O)C)OC(=O)C,1162
drug_f8ab54972063c21ee516,Palbociclib,palbociclib,5330286,CC1=C(C(=O)N(C2=NC(=NC=C12)NC3=NC=C(C=C3)N4CCNCC4)C5CCCC5)C(=O)C,CC1=C(C(=O)N(C2=NC(=NC=C12)NC3=NC=C(C=C3)N4CCNCC4)C5CCCC5)C(=O)C,1163
drug_6b7532577609ce6faad8,Paliperidone,paliperidone,115237,CC1=C(C(=O)N2CCCC(C2=N1)O)CCN3CCC(CC3)C4=NOC5=C4C=CC(=C5)F,CC1=C(C(=O)N2CCCC(C2=N1)O)CCN3CCC(CC3)C4=NOC5=C4C=CC(=C5)F,1164
drug_99d01171294835907ba4,Palmitic Acid,palmitic acid,985,CCCCCCCCCCCCCCCC(=O)O,CCCCCCCCCCCCCCCC(=O)O,1165
drug_0325be53f4bea36c2f74,Palonosetron,palonosetron,6337614,C1CC2CN(C(=O)C3=CC=CC(=C23)C1)C4CN5CCC4CC5,C1C[C@@H]2CN(C(=O)C3=CC=CC(=C23)C1)[C@@H]4CN5CCC4CC5,1166
drug_5492da48e9a0e45476ed,Pamidronic acid,pamidronic acid,4674,C(CN)C(O)(P(=O)(O)O)P(=O)(O)O,C(CN)C(O)(P(=O)(O)O)P(=O)(O)O,1167
drug_76b42dd6e439633b17b4,Pancuronium,pancuronium,441289,CC(=O)OC1CC2CCC3C(C2(CC1[N+]4(CCCCC4)C)C)CCC5(C3CC(C5OC(=O)C)[N+]6(CCCCC6)C)C,CC(=O)O[C@H]1C[C@@H]2CC[C@@H]3[C@@H]([C@]2(C[C@@H]1[N+]4(CCCCC4)C)C)CC[C@]5([C@H]3C[C@@H]([C@@H]5OC(=O)C)[N+]6(CCCCC6)C)C,1168
drug_682b068e50d2474f9977,Panobinostat,panobinostat,6918837,CC1=C(C2=CC=CC=C2N1)CCNCC3=CC=C(C=C3)C=CC(=O)NO,CC1=C(C2=CC=CC=C2N1)CCNCC3=CC=C(C=C3)/C=C/C(=O)NO,1169
drug_765a9e3f32cbe635fd48,Pantoprazole,pantoprazole,4679,COC1=C(C(=NC=C1)CS(=O)C2=NC3=C(N2)C=C(C=C3)OC(F)F)OC,COC1=C(C(=NC=C1)CS(=O)C2=NC3=C(N2)C=C(C=C3)OC(F)F)OC,1170
drug_a352a586062d6b115e66,Papaverine,papaverine,4680,COC1=C(C=C(C=C1)CC2=NC=CC3=CC(=C(C=C32)OC)OC)OC,COC1=C(C=C(C=C1)CC2=NC=CC3=CC(=C(C=C32)OC)OC)OC,1171
drug_0cdeb87de8580da31b11,Paraldehyde,paraldehyde,31264,CC1OC(OC(O1)C)C,CC1OC(OC(O1)C)C,1172
drug_23c09e543b9e4b7cecee,Paramethadione,paramethadione,8280,CCC1(C(=O)N(C(=O)O1)C)C,CCC1(C(=O)N(C(=O)O1)C)C,1173
drug_efb1b1eedc25df9f7a48,Paramethasone,paramethasone,5875,CC1CC2C3CC(C4=CC(=O)C=CC4(C3C(CC2(C1(C(=O)CO)O)C)O)C)F,C[C@@H]1C[C@H]2[C@@H]3C[C@@H](C4=CC(=O)C=C[C@@]4([C@H]3[C@H](C[C@@]2([C@]1(C(=O)CO)O)C)O)C)F,1174
drug_b0349be94b504e632e08,Parecoxib,parecoxib,119828,CCC(=O)NS(=O)(=O)C1=CC=C(C=C1)C2=C(ON=C2C3=CC=CC=C3)C,CCC(=O)NS(=O)(=O)C1=CC=C(C=C1)C2=C(ON=C2C3=CC=CC=C3)C,1175
drug_3182d8548ea6ad3fec76,Pargyline,pargyline,4688,CN(CC#C)CC1=CC=CC=C1,CN(CC#C)CC1=CC=CC=C1,1176
drug_8b7a0ad135010f731343,Paricalcitol,paricalcitol,5281104,CC(C=CC(C)C(C)(C)O)C1CCC2C1(CCCC2=CC=C3CC(CC(C3)O)O)C,C[C@H](/C=C/[C@H](C)C(C)(C)O)[C@H]1CC[C@@H]\2[C@@]1(CCC/C2=C\C=C3C[C@H](C[C@@H](C3)O)O)C,1177
drug_77b23efa62eb6b7af114,Paritaprevir,paritaprevir,45110509,CC1=CN=C(C=N1)C(=O)NC2CCCCCC=CC3CC3(NC(=O)C4CC(CN4C2=O)OC5=NC6=CC=CC=C6C7=CC=CC=C75)C(=O)NS(=O)(=O)C8CC8,CC1=CN=C(C=N1)C(=O)N[C@H]2CCCCC/C=C\[C@@H]3C[C@]3(NC(=O)[C@@H]4C[C@H](CN4C2=O)OC5=NC6=CC=CC=C6C7=CC=CC=C75)C(=O)NS(=O)(=O)C8CC8,1178
drug_582ae30a3b0687ad735c,Paromomycin,paromomycin,165580,C1C(C(C(C(C1N)OC2C(C(C(C(O2)CO)O)O)N)OC3C(C(C(O3)CO)OC4C(C(C(C(O4)CN)O)O)N)O)O)N,C1[C@H]([C@@H]([C@H]([C@@H]([C@H]1N)O[C@@H]2[C@@H]([C@H]([C@@H]([C@H](O2)CO)O)O)N)O[C@H]3[C@@H]([C@@H]([C@H](O3)CO)O[C@@H]4[C@@H]([C@H]([C@@H]([C@@H](O4)CN)O)O)N)O)O)N,1179
drug_8383bce882349bbf6e59,Paroxetine,paroxetine,43815,C1CNCC(C1C2=CC=C(C=C2)F)COC3=CC4=C(C=C3)OCO4,C1CNC[C@H]([C@@H]1C2=CC=C(C=C2)F)COC3=CC4=C(C=C3)OCO4,1180
drug_1eb11b4689879cd2bf20,Pasireotide,pasireotide,9941444,C1C(CN2C1C(=O)NC(C(=O)NC(C(=O)NC(C(=O)NC(C(=O)NC(C2=O)CC3=CC=CC=C3)CC4=CC=C(C=C4)OCC5=CC=CC=C5)CCCCN)CC6=CNC7=CC=CC=C76)C8=CC=CC=C8)OC(=O)NCCN,C1[C@H](CN2[C@@H]1C(=O)N[C@H](C(=O)N[C@@H](C(=O)N[C@H](C(=O)N[C@H](C(=O)N[C@H](C2=O)CC3=CC=CC=C3)CC4=CC=C(C=C4)OCC5=CC=CC=C5)CCCCN)CC6=CNC7=CC=CC=C76)C8=CC=CC=C8)OC(=O)NCCN,1181
drug_fc47d3a1729f4e2094f6,Pazopanib,pazopanib,10113978,CC1=C(C=C(C=C1)NC2=NC=CC(=N2)N(C)C3=CC4=NN(C(=C4C=C3)C)C)S(=O)(=O)N,CC1=C(C=C(C=C1)NC2=NC=CC(=N2)N(C)C3=CC4=NN(C(=C4C=C3)C)C)S(=O)(=O)N,1182
drug_9471beb910ddacbf4688,Pefloxacin,pefloxacin,51081,CCN1C=C(C(=O)C2=CC(=C(C=C21)N3CCN(CC3)C)F)C(=O)O,CCN1C=C(C(=O)C2=CC(=C(C=C21)N3CCN(CC3)C)F)C(=O)O,1183
drug_e1d4553852c8f892eea0,Pemetrexed,pemetrexed,135410875,C1=CC(=CC=C1CCC2=CNC3=C2C(=O)NC(=N3)N)C(=O)NC(CCC(=O)O)C(=O)O,C1=CC(=CC=C1CCC2=CNC3=C2C(=O)NC(=N3)N)C(=O)N[C@@H](CCC(=O)O)C(=O)O,1184
drug_afcf0b4d31f2dbf91522,Pemirolast,pemirolast,57697,CC1=CC=CN2C1=NC=C(C2=O)C3=NNN=N3,CC1=CC=CN2C1=NC=C(C2=O)C3=NNN=N3,1185
drug_46ae65eeb14c95cad57d,Penbutolol,penbutolol,37464,CC(C)(C)NCC(COC1=CC=CC=C1C2CCCC2)O,CC(C)(C)NC[C@@H](COC1=CC=CC=C1C2CCCC2)O,1186
drug_bb16652ac552ae6ebb42,Penicillamine,penicillamine,5852,CC(C)(C(C(=O)O)N)S,CC(C)([C@H](C(=O)O)N)S,1187
drug_4014625d761241ba6de5,Pentaerythritol tetranitrate,pentaerythritol tetranitrate,6518,C(C(CO[N+](=O)[O-])(CO[N+](=O)[O-])CO[N+](=O)[O-])O[N+](=O)[O-],C(C(CO[N+](=O)[O-])(CO[N+](=O)[O-])CO[N+](=O)[O-])O[N+](=O)[O-],1188
drug_d78aba7c8c32fb57080c,Pentamidine,pentamidine,4735,C1=CC(=CC=C1C(=N)N)OCCCCCOC2=CC=C(C=C2)C(=N)N,C1=CC(=CC=C1C(=N)N)OCCCCCOC2=CC=C(C=C2)C(=N)N,1189
drug_ee29dadb3b94776b547e,Pentazocine,pentazocine,441278,CC1C2CC3=C(C1(CCN2CC=C(C)C)C)C=C(C=C3)O,C[C@H]1[C@H]2CC3=C([C@@]1(CCN2CC=C(C)C)C)C=C(C=C3)O,1190
drug_d5ba771bc381dfa3c5e4,Pentobarbital,pentobarbital,4737,CCCC(C)C1(C(=O)NC(=O)NC1=O)CC,CCCC(C)C1(C(=O)NC(=O)NC1=O)CC,1191
drug_9afabf29befeeaaee8c9,Pentolinium,pentolinium,5850,C[N+]1(CCCC1)CCCCC[N+]2(CCCC2)C,C[N+]1(CCCC1)CCCCC[N+]2(CCCC2)C,1192
drug_c0e59bf994672426025c,Pentostatin,pentostatin,439693,C1C(C(OC1N2C=NC3=C2NC=NCC3O)CO)O,C1[C@@H]([C@H](O[C@H]1N2C=NC3=C2NC=NC[C@H]3O)CO)O,1193
drug_5e0d604e1c2dea9d76bc,Pentoxifylline,pentoxifylline,4740,CC(=O)CCCCN1C(=O)C2=C(N=CN2C)N(C1=O)C,CC(=O)CCCCN1C(=O)C2=C(N=CN2C)N(C1=O)C,1194
drug_51333edff24b71686268,Perampanel,perampanel,9924495,C1=CC=C(C=C1)N2C=C(C=C(C2=O)C3=CC=CC=C3C#N)C4=CC=CC=N4,C1=CC=C(C=C1)N2C=C(C=C(C2=O)C3=CC=CC=C3C#N)C4=CC=CC=N4,1195
drug_600edccf5adfb17bce49,Perflutren,perflutren,6432,C(C(F)(F)F)(C(F)(F)F)(F)F,C(C(F)(F)F)(C(F)(F)F)(F)F,1196
drug_14ceb8a51f0acde59e15,Pergolide,pergolide,47811,CCCN1CC(CC2C1CC3=CNC4=CC=CC2=C34)CSC,CCCN1C[C@@H](C[C@H]2[C@H]1CC3=CNC4=CC=CC2=C34)CSC,1197
drug_258cb152db0b75ce79fd,Perhexiline,perhexiline,4746,C1CCC(CC1)C(CC2CCCCN2)C3CCCCC3,C1CCC(CC1)C(CC2CCCCN2)C3CCCCC3,1198
drug_e43acf8a08980c950b0b,Periciazine,periciazine,4747,C1CN(CCC1O)CCCN2C3=CC=CC=C3SC4=C2C=C(C=C4)C#N,C1CN(CCC1O)CCCN2C3=CC=CC=C3SC4=C2C=C(C=C4)C#N,1199
drug_5678143a954a9c524633,Perindopril,perindopril,107807,CCCC(C(=O)OCC)NC(C)C(=O)N1C2CCCCC2CC1C(=O)O,CCC[C@@H](C(=O)OCC)N[C@@H](C)C(=O)N1[C@H]2CCCC[C@H]2C[C@H]1C(=O)O,1200
drug_b46825e3b1851a2ca47c,Permethrin,permethrin,40326,CC1(C(C1C(=O)OCC2=CC(=CC=C2)OC3=CC=CC=C3)C=C(Cl)Cl)C,CC1(C(C1C(=O)OCC2=CC(=CC=C2)OC3=CC=CC=C3)C=C(Cl)Cl)C,1201
drug_d284d8ffe19f68892dcb,Perospirone,perospirone,115368,C1CCC2C(C1)C(=O)N(C2=O)CCCCN3CCN(CC3)C4=NSC5=CC=CC=C54,C1CC[C@H]2[C@@H](C1)C(=O)N(C2=O)CCCCN3CCN(CC3)C4=NSC5=CC=CC=C54,1202
drug_695d9e7197c8c4fee824,Perphenazine,perphenazine,4748,C1CN(CCN1CCCN2C3=CC=CC=C3SC4=C2C=C(C=C4)Cl)CCO,C1CN(CCN1CCCN2C3=CC=CC=C3SC4=C2C=C(C=C4)Cl)CCO,1203
drug_5f873a671e6a166e7eda,Phenacemide,phenacemide,4753,C1=CC=C(C=C1)CC(=O)NC(=O)N,C1=CC=C(C=C1)CC(=O)NC(=O)N,1204
drug_ab9139bae726388e98ce,Phenazopyridine,phenazopyridine,4756,C1=CC=C(C=C1)N=NC2=C(N=C(C=C2)N)N,C1=CC=C(C=C1)N=NC2=C(N=C(C=C2)N)N,1205
drug_9d1672e9f1c425a19ef0,Phendimetrazine,phendimetrazine,30487,CC1C(OCCN1C)C2=CC=CC=C2,C[C@H]1[C@@H](OCCN1C)C2=CC=CC=C2,1206
drug_674571d184c71f7ca429,Phenelzine,phenelzine,3675,C1=CC=C(C=C1)CCNN,C1=CC=C(C=C1)CCNN,1207
drug_c63689600fc539089b51,Phenformin,phenformin,8249,C1=CC=C(C=C1)CCN=C(N)N=C(N)N,C1=CC=C(C=C1)CCN=C(N)N=C(N)N,1208
drug_9ce033248068451adc73,Phenindamine,phenindamine,11291,CN1CCC2=C(C1)C(C3=CC=CC=C23)C4=CC=CC=C4,CN1CCC2=C(C1)C(C3=CC=CC=C23)C4=CC=CC=C4,1209
drug_000e9bf95c8cf6e15333,Phenindione,phenindione,4760,C1=CC=C(C=C1)C2C(=O)C3=CC=CC=C3C2=O,C1=CC=C(C=C1)C2C(=O)C3=CC=CC=C3C2=O,1210
drug_f56cfc92f64623a13013,Pheniramine,pheniramine,4761,CN(C)CCC(C1=CC=CC=C1)C2=CC=CC=N2,CN(C)CCC(C1=CC=CC=C1)C2=CC=CC=N2,1211
drug_55d3ef6ec3bb9b6906e4,Phenmetrazine,phenmetrazine,4762,CC1C(OCCN1)C2=CC=CC=C2,CC1C(OCCN1)C2=CC=CC=C2,1212
drug_960753084683b29b1f3d,Phenobarbital,phenobarbital,4763,CCC1(C(=O)NC(=O)NC1=O)C2=CC=CC=C2,CCC1(C(=O)NC(=O)NC1=O)C2=CC=CC=C2,1213
drug_e5d9411cfece4dbe3ea7,Phenoxybenzamine,phenoxybenzamine,4768,CC(COC1=CC=CC=C1)N(CCCl)CC2=CC=CC=C2,CC(COC1=CC=CC=C1)N(CCCl)CC2=CC=CC=C2,1214
drug_790d1daed45b00c9ab65,Phenoxymethylpenicillin,phenoxymethylpenicillin,6869,CC1(C(N2C(S1)C(C2=O)NC(=O)COC3=CC=CC=C3)C(=O)O)C,CC1([C@@H](N2[C@H](S1)[C@@H](C2=O)NC(=O)COC3=CC=CC=C3)C(=O)O)C,1215
drug_a9ce3d859456f397ae08,Phenprocoumon,phenprocoumon,54680692,CCC(C1=CC=CC=C1)C2=C(C3=CC=CC=C3OC2=O)O,CCC(C1=CC=CC=C1)C2=C(C3=CC=CC=C3OC2=O)O,1216
drug_00f47b4842a49d013c3e,Phensuximide,phensuximide,6839,CN1C(=O)CC(C1=O)C2=CC=CC=C2,CN1C(=O)CC(C1=O)C2=CC=CC=C2,1217
drug_0fc4cfd7f7420da3eb63,Phentermine,phentermine,4771,CC(C)(CC1=CC=CC=C1)N,CC(C)(CC1=CC=CC=C1)N,1218
drug_6dc16a3c38440160cfec,Phentolamine,phentolamine,5775,CC1=CC=C(C=C1)N(CC2=NCCN2)C3=CC(=CC=C3)O,CC1=CC=C(C=C1)N(CC2=NCCN2)C3=CC(=CC=C3)O,1219
drug_51d6042da16835e0c1d4,Phenylacetic acid,phenylacetic acid,999,C1=CC=C(C=C1)CC(=O)O,C1=CC=C(C=C1)CC(=O)O,1220
drug_a44adeb25adaeb4f7f60,Phenylalanine,phenylalanine,6140,C1=CC=C(C=C1)CC(C(=O)O)N,C1=CC=C(C=C1)C[C@@H](C(=O)O)N,1221
drug_767d8fa4ed015e72da2e,Phenylbutazone,phenylbutazone,4781,CCCCC1C(=O)N(N(C1=O)C2=CC=CC=C2)C3=CC=CC=C3,CCCCC1C(=O)N(N(C1=O)C2=CC=CC=C2)C3=CC=CC=C3,1222
drug_e83f72c19a3951dc896a,Phenylbutyric acid,phenylbutyric acid,4775,C1=CC=C(C=C1)CCCC(=O)O,C1=CC=C(C=C1)CCCC(=O)O,1223
drug_2ca2465c133305c7d346,Phenylephrine,phenylephrine,6041,CNCC(C1=CC(=CC=C1)O)O,CNC[C@@H](C1=CC(=CC=C1)O)O,1224
drug_5289edb435512d5ab028,Phenylpropanolamine,phenylpropanolamine,10297,CC(C(C1=CC=CC=C1)O)N,C[C@@H]([C@@H](C1=CC=CC=C1)O)N,1225
drug_4fc202048e65a533d95c,Phenytoin,phenytoin,1775,C1=CC=C(C=C1)C2(C(=O)NC(=O)N2)C3=CC=CC=C3,C1=CC=C(C=C1)C2(C(=O)NC(=O)N2)C3=CC=CC=C3,1226
drug_3d0f0483d4ef84e9a3d3,Pholcodine,pholcodine,5311356,CN1CCC23C4C1CC5=C2C(=C(C=C5)OCCN6CCOCC6)OC3C(C=C4)O,CN1CC[C@]23[C@@H]4[C@H]1CC5=C2C(=C(C=C5)OCCN6CCOCC6)O[C@H]3[C@H](C=C4)O,1227
drug_617113536880226348cf,Phylloquinone,phylloquinone,5284607,CC1=C(C(=O)C2=CC=CC=C2C1=O)CC=C(C)CCCC(C)CCCC(C)CCCC(C)C,CC1=C(C(=O)C2=CC=CC=C2C1=O)C/C=C(\C)/CCC[C@H](C)CCC[C@H](C)CCCC(C)C,1228
drug_fa37c75c603a0deabc37,Physostigmine,physostigmine,5983,CC12CCN(C1N(C3=C2C=C(C=C3)OC(=O)NC)C)C,C[C@@]12CCN([C@@H]1N(C3=C2C=C(C=C3)OC(=O)NC)C)C,1229
drug_911d54afc16f69a93e0c,Pibrentasvir,pibrentasvir,58031952,CC(C(C(=O)N1CCCC1C2=NC3=C(N2)C=C(C(=C3)F)C4CCC(N4C5=CC(=C(C(=C5)F)N6CCC(CC6)C7=CC=C(C=C7)F)F)C8=CC9=C(C=C8F)N=C(N9)C1CCCN1C(=O)C(C(C)OC)NC(=O)OC)NC(=O)OC)OC,C[C@H]([C@@H](C(=O)N1CCC[C@H]1C2=NC3=C(N2)C=C(C(=C3)F)[C@H]4CC[C@@H](N4C5=CC(=C(C(=C5)F)N6CCC(CC6)C7=CC=C(C=C7)F)F)C8=CC9=C(C=C8F)N=C(N9)[C@@H]1CCCN1C(=O)[C@H]([C@@H](C)OC)NC(=O)OC)NC(=O)OC)OC,1230
drug_37a03d9e906c1408bf76,Picosulfuric acid,picosulfuric acid,5243,C1=CC=NC(=C1)C(C2=CC=C(C=C2)OS(=O)(=O)O)C3=CC=C(C=C3)OS(=O)(=O)O,C1=CC=NC(=C1)C(C2=CC=C(C=C2)OS(=O)(=O)O)C3=CC=C(C=C3)OS(=O)(=O)O,1231
drug_a2c617fd8712956af3ef,Pilocarpine,pilocarpine,5910,CCC1C(COC1=O)CC2=CN=CN2C,CC[C@H]1[C@H](COC1=O)CC2=CN=CN2C,1232
drug_4ea659557840276a172b,Pimavanserin,pimavanserin,10071196,CC(C)COC1=CC=C(C=C1)CNC(=O)N(CC2=CC=C(C=C2)F)C3CCN(CC3)C,CC(C)COC1=CC=C(C=C1)CNC(=O)N(CC2=CC=C(C=C2)F)C3CCN(CC3)C,1233
drug_4de229a9af5e47a3b5f7,Pimecrolimus,pimecrolimus,6509979,CCC1C=C(CC(CC(C2C(CC(C(O2)(C(=O)C(=O)N3CCCCC3C(=O)OC(C(C(CC1=O)O)C)C(=CC4CCC(C(C4)OC)Cl)C)O)C)OC)OC)C)C,CC[C@@H]1/C=C(/C[C@@H](C[C@@H]([C@@H]2[C@H](C[C@H]([C@@](O2)(C(=O)C(=O)N3CCCC[C@H]3C(=O)O[C@@H]([C@@H]([C@H](CC1=O)O)C)/C(=C/[C@@H]4CC[C@@H]([C@@H](C4)OC)Cl)/C)O)C)OC)OC)C)\C,1234
drug_d85d8a8655bb93d67b18,Pimozide,pimozide,16362,C1CN(CCC1N2C3=CC=CC=C3NC2=O)CCCC(C4=CC=C(C=C4)F)C5=CC=C(C=C5)F,C1CN(CCC1N2C3=CC=CC=C3NC2=O)CCCC(C4=CC=C(C=C4)F)C5=CC=C(C=C5)F,1235
drug_a7547bf39a1db1bc4f31,Pinaverium,pinaverium,40704,CC1(C2CCC(C1C2)CCOCC[N+]3(CCOCC3)CC4=CC(=C(C=C4Br)OC)OC)C,CC1(C2CCC(C1C2)CCOCC[N+]3(CCOCC3)CC4=CC(=C(C=C4Br)OC)OC)C,1236
drug_2650de4c4934a74d06d4,Pindolol,pindolol,4828,CC(C)NCC(COC1=CC=CC2=C1C=CN2)O,CC(C)NCC(COC1=CC=CC2=C1C=CN2)O,1237
drug_a6f8fad67bcef7a47ceb,Pioglitazone,pioglitazone,4829,CCC1=CN=C(C=C1)CCOC2=CC=C(C=C2)CC3C(=O)NC(=O)S3,CCC1=CN=C(C=C1)CCOC2=CC=C(C=C2)CC3C(=O)NC(=O)S3,1238
drug_20b5a3c24e0d14110473,Pipamperone,pipamperone,4830,C1CCN(CC1)C2(CCN(CC2)CCCC(=O)C3=CC=C(C=C3)F)C(=O)N,C1CCN(CC1)C2(CCN(CC2)CCCC(=O)C3=CC=C(C=C3)F)C(=O)N,1239
drug_5f10bddef8e03984b52f,Pipazethate,pipazethate,22425,C1CCN(CC1)CCOCCOC(=O)N2C3=CC=CC=C3SC4=C2N=CC=C4,C1CCN(CC1)CCOCCOC(=O)N2C3=CC=CC=C3SC4=C2N=CC=C4,1240
drug_cc3b2659ca095342c647,Pipecuronium,pipecuronium,50192,CC(=O)OC1CC2CCC3C(C2(CC1N4CC[N+](CC4)(C)C)C)CCC5(C3CC(C5OC(=O)C)N6CC[N+](CC6)(C)C)C,CC(=O)O[C@H]1C[C@@H]2CC[C@@H]3[C@@H]([C@]2(C[C@@H]1N4CC[N+](CC4)(C)C)C)CC[C@]5([C@H]3C[C@@H]([C@@H]5OC(=O)C)N6CC[N+](CC6)(C)C)C,1241
drug_b3130d2d2d80a48a851b,Piperacillin,piperacillin,43672,CCN1CCN(C(=O)C1=O)C(=O)NC(C2=CC=CC=C2)C(=O)NC3C4N(C3=O)C(C(S4)(C)C)C(=O)O,CCN1CCN(C(=O)C1=O)C(=O)N[C@H](C2=CC=CC=C2)C(=O)N[C@H]3[C@@H]4N(C3=O)[C@H](C(S4)(C)C)C(=O)O,1242
drug_c049e9d23cf2c014a940,Piperazine,piperazine,4837,C1CNCCN1,C1CNCCN1,1243
drug_56043edcd04aed51cdb4,Pipobroman,pipobroman,4842,C1CN(CCN1C(=O)CCBr)C(=O)CCBr,C1CN(CCN1C(=O)CCBr)C(=O)CCBr,1244
drug_58e74d1e381d355b3f7c,Pipotiazine,pipotiazine,62867,CN(C)S(=O)(=O)C1=CC2=C(C=C1)SC3=CC=CC=C3N2CCCN4CCC(CC4)CCO,CN(C)S(=O)(=O)C1=CC2=C(C=C1)SC3=CC=CC=C3N2CCCN4CCC(CC4)CCO,1245
drug_80e9b7e9e8351575dfd9,Piracetam,piracetam,4843,C1CC(=O)N(C1)CC(=O)N,C1CC(=O)N(C1)CC(=O)N,1246
drug_b380a2f15845a3521d4f,Pirbuterol,pirbuterol,4845,CC(C)(C)NCC(C1=NC(=C(C=C1)O)CO)O,CC(C)(C)NCC(C1=NC(=C(C=C1)O)CO)O,1247
drug_d03d839bfa53bc44a265,Pirenzepine,pirenzepine,4848,CN1CCN(CC1)CC(=O)N2C3=CC=CC=C3C(=O)NC4=C2N=CC=C4,CN1CCN(CC1)CC(=O)N2C3=CC=CC=C3C(=O)NC4=C2N=CC=C4,1248
drug_e02addad23e13ef43754,Pirfenidone,pirfenidone,40632,CC1=CN(C(=O)C=C1)C2=CC=CC=C2,CC1=CN(C(=O)C=C1)C2=CC=CC=C2,1249
drug_b0c4888da62d13dd9dd7,Pirlindole,pirlindole,68802,CC1=CC2=C(C=C1)N3CCNC4C3=C2CCC4,CC1=CC2=C(C=C1)N3CCNC4C3=C2CCC4,1250
drug_f5a698ca77954e03ec1c,Piroxicam,piroxicam,54676228,CN1C(=C(C2=CC=CC=C2S1(=O)=O)O)C(=O)NC3=CC=CC=N3,CN1C(=C(C2=CC=CC=C2S1(=O)=O)O)C(=O)NC3=CC=CC=N3,1251
drug_6945ff43080b1debdb8f,Pitavastatin,pitavastatin,5282452,C1CC1C2=NC3=CC=CC=C3C(=C2C=CC(CC(CC(=O)O)O)O)C4=CC=C(C=C4)F,C1CC1C2=NC3=CC=CC=C3C(=C2/C=C/[C@H](C[C@H](CC(=O)O)O)O)C4=CC=C(C=C4)F,1252
drug_6a874b53975400595d28,Pivampicillin,pivampicillin,33478,CC1(C(N2C(S1)C(C2=O)NC(=O)C(C3=CC=CC=C3)N)C(=O)OCOC(=O)C(C)(C)C)C,CC1([C@@H](N2[C@H](S1)[C@@H](C2=O)NC(=O)[C@@H](C3=CC=CC=C3)N)C(=O)OCOC(=O)C(C)(C)C)C,1253
drug_f2f211644e9c1f142c34,Pivmecillinam,pivmecillinam,115163,CC1(C(N2C(S1)C(C2=O)N=CN3CCCCCC3)C(=O)OCOC(=O)C(C)(C)C)C,CC1([C@@H](N2[C@H](S1)[C@@H](C2=O)N=CN3CCCCCC3)C(=O)OCOC(=O)C(C)(C)C)C,1254
drug_8316c0169a2234379275,Pixantrone,pixantrone,134019,C1=CC(=C2C(=C1NCCN)C(=O)C3=C(C2=O)C=NC=C3)NCCN,C1=CC(=C2C(=C1NCCN)C(=O)C3=C(C2=O)C=NC=C3)NCCN,1255
drug_39dfcb5fa5e9dfbbe2a6,Pizotifen,pizotifen,27400,CN1CCC(=C2C3=C(CCC4=CC=CC=C42)SC=C3)CC1,CN1CCC(=C2C3=C(CCC4=CC=CC=C42)SC=C3)CC1,1256
drug_beed074c70ffc7f0f4ba,Plicamycin,plicamycin,163659,CC1C(C(CC(O1)OC2CC(OC(C2O)C)OC3=CC4=CC5=C(C(=O)C(C(C5)C(C(=O)C(C(C)O)O)OC)OC6CC(C(C(O6)C)O)OC7CC(C(C(O7)C)O)OC8CC(C(C(O8)C)O)(C)O)C(=C4C(=C3C)O)O)O)O,C[C@@H]1[C@H]([C@@H](C[C@@H](O1)O[C@@H]2C[C@@H](O[C@@H]([C@H]2O)C)OC3=CC4=CC5=C(C(=O)[C@H]([C@@H](C5)[C@@H](C(=O)[C@H]([C@@H](C)O)O)OC)O[C@H]6C[C@H]([C@@H]([C@H](O6)C)O)O[C@H]7C[C@H]([C@H]([C@H](O7)C)O)O[C@H]8C[C@]([C@@H]([C@H](O8)C)O)(C)O)C(=C4C(=C3C)O)O)O)O,1257
drug_b98908145f2b47645266,Podofilox,podofilox,10607,COC1=CC(=CC(=C1OC)OC)C2C3C(COC3=O)C(C4=CC5=C(C=C24)OCO5)O,COC1=CC(=CC(=C1OC)OC)[C@H]2[C@@H]3[C@H](COC3=O)[C@H](C4=CC5=C(C=C24)OCO5)O,1258
drug_9c0753d5f7b554726464,Podophyllin,podophyllin,11979494,COC1=CC(=CC(=C1OC)OC)C2C3C(COC3=O)C(C4=CC5=C(C=C24)OCO5)O.COC1=CC(=CC(=C1OC)OC)C2C3C(COC3=O)C(C4=CC5=C(C=C24)OCO5)O.COC1=CC(=CC(=C1OC)OC)C2C(C(C(C3=CC4=C(C=C23)OCO4)O)CO)C(=O)O.COC1=CC(=CC(=C1OC)OC)C2C(C(C(C3=CC4=C(C=C23)OCO4)O)CO)C(=O)O,COC1=CC(=CC(=C1OC)OC)C2C3C(COC3=O)C(C4=CC5=C(C=C24)OCO5)O.COC1=CC(=CC(=C1OC)OC)C2C3C(COC3=O)C(C4=CC5=C(C=C24)OCO5)O.COC1=CC(=CC(=C1OC)OC)C2C(C(C(C3=CC4=C(C=C23)OCO4)O)CO)C(=O)O.COC1=CC(=CC(=C1OC)OC)C2C(C(C(C3=CC4=C(C=C23)OCO4)O)CO)C(=O)O,1259
drug_a7c2daf908537ac1c31f,Polaprezinc,polaprezinc,9817450,C1=C(N=C[N-]1)CC(C(=O)[O-])NC(=O)CCN.[Zn+2],C1=C(N=C[N-]1)C[C@@H](C(=O)[O-])NC(=O)CCN.[Zn+2],1260
drug_c95acf1317ecfca344b0,Pomalidomide,pomalidomide,134780,C1CC(=O)NC(=O)C1N2C(=O)C3=C(C2=O)C(=CC=C3)N,C1CC(=O)NC(=O)C1N2C(=O)C3=C(C2=O)C(=CC=C3)N,1261
drug_b9714ed4ee1ab54b682c,Ponatinib,ponatinib,24826799,CC1=C(C=C(C=C1)C(=O)NC2=CC(=C(C=C2)CN3CCN(CC3)C)C(F)(F)F)C#CC4=CN=C5N4N=CC=C5,CC1=C(C=C(C=C1)C(=O)NC2=CC(=C(C=C2)CN3CCN(CC3)C)C(F)(F)F)C#CC4=CN=C5N4N=CC=C5,1262
drug_d080abff3adf79614020,Posaconazole,posaconazole,468595,CCC(C(C)O)N1C(=O)N(C=N1)C2=CC=C(C=C2)N3CCN(CC3)C4=CC=C(C=C4)OCC5CC(OC5)(CN6C=NC=N6)C7=C(C=C(C=C7)F)F,CC[C@@H]([C@H](C)O)N1C(=O)N(C=N1)C2=CC=C(C=C2)N3CCN(CC3)C4=CC=C(C=C4)OC[C@H]5C[C@](OC5)(CN6C=NC=N6)C7=C(C=C(C=C7)F)F,1263
drug_e83271ee15fdb129c60a,Potassium alum,potassium alum,24856,[O-]S(=O)(=O)[O-].[O-]S(=O)(=O)[O-].[Al+3].[K+],[O-]S(=O)(=O)[O-].[O-]S(=O)(=O)[O-].[Al+3].[K+],1264
drug_9af2929442396566bf0e,Potassium cation,potassium cation,813,[K+],[K+],1265
drug_a9b889561f21c0f31b30,Potassium chloride,potassium chloride,4873,[Cl-].[K+],[Cl-].[K+],1266
drug_178fe3e69d2b49a33039,Potassium citrate,potassium citrate,2735208,C(C(=O)[O-])C(CC(=O)[O-])(C(=O)[O-])O.O.[K+].[K+].[K+],C(C(=O)[O-])C(CC(=O)[O-])(C(=O)[O-])O.O.[K+].[K+].[K+],1267
drug_014a5e7c377fc95f1cf6,Potassium Iodide,potassium iodide,4875,[K+].[I-],[K+].[I-],1268
drug_05ff049aba4db7fbecd5,Practolol,practolol,4883,CC(C)NCC(COC1=CC=C(C=C1)NC(=O)C)O,CC(C)NCC(COC1=CC=C(C=C1)NC(=O)C)O,1269
drug_0871261456ba9e05d024,Pralatrexate,pralatrexate,148121,C#CCC(CC1=CN=C2C(=N1)C(=NC(=N2)N)N)C3=CC=C(C=C3)C(=O)NC(CCC(=O)O)C(=O)O,C#CCC(CC1=CN=C2C(=N1)C(=NC(=N2)N)N)C3=CC=C(C=C3)C(=O)N[C@@H](CCC(=O)O)C(=O)O,1270
drug_6e60fc6b10d3bd0e2afa,Pramipexole,pramipexole,119570,CCCNC1CCC2=C(C1)SC(=N2)N,CCCN[C@H]1CCC2=C(C1)SC(=N2)N,1271
drug_2c2100fe5012b807d9fc,Pramocaine,pramocaine,4886,CCCCOC1=CC=C(C=C1)OCCCN2CCOCC2,CCCCOC1=CC=C(C=C1)OCCCN2CCOCC2,1272
drug_9cdae1c997159c51650c,Pranlukast,pranlukast,4887,C1=CC=C(C=C1)CCCCOC2=CC=C(C=C2)C(=O)NC3=CC=CC4=C3OC(=CC4=O)C5=NNN=N5,C1=CC=C(C=C1)CCCCOC2=CC=C(C=C2)C(=O)NC3=CC=CC4=C3OC(=CC4=O)C5=NNN=N5,1273
drug_a5789839fc4c02b6579c,Prasterone,prasterone,5881,CC12CCC3C(C1CCC2=O)CC=C4C3(CCC(C4)O)C,C[C@]12CC[C@H]3[C@H]([C@@H]1CCC2=O)CC=C4[C@@]3(CC[C@@H](C4)O)C,1274
drug_e584282d82bf0549781e,Prasugrel,prasugrel,6918456,CC(=O)OC1=CC2=C(S1)CCN(C2)C(C3=CC=CC=C3F)C(=O)C4CC4,CC(=O)OC1=CC2=C(S1)CCN(C2)C(C3=CC=CC=C3F)C(=O)C4CC4,1275
drug_8408344b4628b73b1a3f,Pravastatin,pravastatin,54687,CCC(C)C(=O)OC1CC(C=C2C1C(C(C=C2)C)CCC(CC(CC(=O)O)O)O)O,CC[C@H](C)C(=O)O[C@H]1C[C@@H](C=C2[C@H]1[C@H]([C@H](C=C2)C)CC[C@H](C[C@H](CC(=O)O)O)O)O,1276
drug_bec0293b8e6c3192097a,Prazepam,prazepam,4890,C1CC1CN2C(=O)CN=C(C3=C2C=CC(=C3)Cl)C4=CC=CC=C4,C1CC1CN2C(=O)CN=C(C3=C2C=CC(=C3)Cl)C4=CC=CC=C4,1277
drug_de80c65f83f5cdf8a1c7,Praziquantel,praziquantel,4891,C1CCC(CC1)C(=O)N2CC3C4=CC=CC=C4CCN3C(=O)C2,C1CCC(CC1)C(=O)N2CC3C4=CC=CC=C4CCN3C(=O)C2,1278
drug_f78a6a6e38b62a6af98e,Prazosin,prazosin,4893,COC1=C(C=C2C(=C1)C(=NC(=N2)N3CCN(CC3)C(=O)C4=CC=CO4)N)OC,COC1=C(C=C2C(=C1)C(=NC(=N2)N3CCN(CC3)C(=O)C4=CC=CO4)N)OC,1279
drug_dd8b648f1266feae6ff0,Prednicarbate,prednicarbate,6714002,CCC(=O)OCC(=O)C1(CCC2C1(CC(C3C2CCC4=CC(=O)C=CC34C)O)C)OC(=O)OCC,CCC(=O)OCC(=O)[C@]1(CC[C@@H]2[C@@]1(C[C@@H]([C@H]3[C@H]2CCC4=CC(=O)C=C[C@]34C)O)C)OC(=O)OCC,1280
drug_12c47f63aa45510c76f1,Prednisolone,prednisolone,5755,CC12CC(C3C(C1CCC2(C(=O)CO)O)CCC4=CC(=O)C=CC34C)O,C[C@]12C[C@@H]([C@H]3[C@H]([C@@H]1CC[C@@]2(C(=O)CO)O)CCC4=CC(=O)C=C[C@]34C)O,1281
drug_4995a7ba74d368b83074,Prednisone,prednisone,5865,CC12CC(=O)C3C(C1CCC2(C(=O)CO)O)CCC4=CC(=O)C=CC34C,C[C@]12CC(=O)[C@H]3[C@H]([C@@H]1CC[C@@]2(C(=O)CO)O)CCC4=CC(=O)C=C[C@]34C,1282
drug_9f18ea8a7c164bfebfd2,Pregabalin,pregabalin,5486971,CC(C)CC(CC(=O)O)CN,CC(C)C[C@@H](CC(=O)O)CN,1283
drug_d3658387ad267e1c33c0,Prilocaine,prilocaine,4906,CCCNC(C)C(=O)NC1=CC=CC=C1C,CCCNC(C)C(=O)NC1=CC=CC=C1C,1284
drug_799ca8a84362e0baf2f0,Primaquine,primaquine,4908,CC(CCCN)NC1=C2C(=CC(=C1)OC)C=CC=N2,CC(CCCN)NC1=C2C(=CC(=C1)OC)C=CC=N2,1285
drug_91d303da9f0a69170adc,Primidone,primidone,4909,CCC1(C(=O)NCNC1=O)C2=CC=CC=C2,CCC1(C(=O)NCNC1=O)C2=CC=CC=C2,1286
drug_8ffe7aec2d61f23958f9,Probenecid,probenecid,4911,CCCN(CCC)S(=O)(=O)C1=CC=C(C=C1)C(=O)O,CCCN(CCC)S(=O)(=O)C1=CC=C(C=C1)C(=O)O,1287
drug_539c7fa04a0a768dc3fd,Probucol,probucol,4912,CC(C)(C)C1=CC(=CC(=C1O)C(C)(C)C)SC(C)(C)SC2=CC(=C(C(=C2)C(C)(C)C)O)C(C)(C)C,CC(C)(C)C1=CC(=CC(=C1O)C(C)(C)C)SC(C)(C)SC2=CC(=C(C(=C2)C(C)(C)C)O)C(C)(C)C,1288
drug_814799181d09c03fd88a,Procainamide,procainamide,4913,CCN(CC)CCNC(=O)C1=CC=C(C=C1)N,CCN(CC)CCNC(=O)C1=CC=C(C=C1)N,1289
drug_01e6fbe82453216b8ee2,Procaine,procaine,4914,CCN(CC)CCOC(=O)C1=CC=C(C=C1)N,CCN(CC)CCOC(=O)C1=CC=C(C=C1)N,1290
drug_c687a4ff5be7c6d362e0,Procaine benzylpenicillin,procaine benzylpenicillin,5903,CCN(CC)CCOC(=O)C1=CC=C(C=C1)N.CC1(C(N2C(S1)C(C2=O)NC(=O)CC3=CC=CC=C3)C(=O)O)C,CCN(CC)CCOC(=O)C1=CC=C(C=C1)N.CC1([C@@H](N2[C@H](S1)[C@@H](C2=O)NC(=O)CC3=CC=CC=C3)C(=O)O)C,1291
drug_992e2a6d30a33ef0631a,Procarbazine,procarbazine,4915,CC(C)NC(=O)C1=CC=C(C=C1)CNNC,CC(C)NC(=O)C1=CC=C(C=C1)CNNC,1292
drug_16057a23399737d34849,Procaterol,procaterol,688563,CCC(C(C1=C2C=CC(=O)NC2=C(C=C1)O)O)NC(C)C,CC[C@H]([C@H](C1=C2C=CC(=O)NC2=C(C=C1)O)O)NC(C)C,1293
drug_c8ee5fcc08e9d196859f,Prochlorperazine,prochlorperazine,4917,CN1CCN(CC1)CCCN2C3=CC=CC=C3SC4=C2C=C(C=C4)Cl,CN1CCN(CC1)CCCN2C3=CC=CC=C3SC4=C2C=C(C=C4)Cl,1294
drug_68d350e50cdb698182c9,Procyclidine,procyclidine,4919,C1CCC(CC1)C(CCN2CCCC2)(C3=CC=CC=C3)O,C1CCC(CC1)C(CCN2CCCC2)(C3=CC=CC=C3)O,1295
drug_e95b0d62af3d4bfd66a4,Profenamine,profenamine,3290,CCN(CC)C(C)CN1C2=CC=CC=C2SC3=CC=CC=C31,CCN(CC)C(C)CN1C2=CC=CC=C2SC3=CC=CC=C31,1296
drug_ca67c9f30274aa69a140,Progabide,progabide,44115,C1=CC(=CC=C1C(=NCCCC(=O)N)C2=C(C=CC(=C2)F)O)Cl,C1=CC(=CC=C1C(=NCCCC(=O)N)C2=C(C=CC(=C2)F)O)Cl,1297
drug_69aa41ac0d728b0b043f,Progesterone,progesterone,5994,CC(=O)C1CCC2C1(CCC3C2CCC4=CC(=O)CCC34C)C,CC(=O)[C@H]1CC[C@@H]2[C@@]1(CC[C@H]3[C@H]2CCC4=CC(=O)CC[C@]34C)C,1298
drug_e663129b429261836ced,Proguanil,proguanil,6178111,CC(C)N=C(N)N=C(N)NC1=CC=C(C=C1)Cl,CC(C)N=C(N)/N=C(\N)/NC1=CC=C(C=C1)Cl,1299
drug_bdcfd16756700f72832f,Promazine,promazine,4926,CN(C)CCCN1C2=CC=CC=C2SC3=CC=CC=C31,CN(C)CCCN1C2=CC=CC=C2SC3=CC=CC=C31,1300
drug_f3cf97de169022ab96f0,Promethazine,promethazine,4927,CC(CN1C2=CC=CC=C2SC3=CC=CC=C31)N(C)C,CC(CN1C2=CC=CC=C2SC3=CC=CC=C31)N(C)C,1301
drug_29aa11b0c774a2430ef5,Propacetamol,propacetamol,68865,CCN(CC)CC(=O)OC1=CC=C(C=C1)NC(=O)C,CCN(CC)CC(=O)OC1=CC=C(C=C1)NC(=O)C,1302
drug_5dda923374960f01c418,Propafenone,propafenone,4932,CCCNCC(COC1=CC=CC=C1C(=O)CCC2=CC=CC=C2)O,CCCNCC(COC1=CC=CC=C1C(=O)CCC2=CC=CC=C2)O,1303
drug_f932f00250122338afd1,Propantheline,propantheline,4934,CC(C)[N+](C)(CCOC(=O)C1C2=CC=CC=C2OC3=CC=CC=C13)C(C)C,CC(C)[N+](C)(CCOC(=O)C1C2=CC=CC=C2OC3=CC=CC=C13)C(C)C,1304
drug_756181969ce5bfa51e09,Proparacaine,proparacaine,4935,CCCOC1=C(C=C(C=C1)C(=O)OCCN(CC)CC)N,CCCOC1=C(C=C(C=C1)C(=O)OCCN(CC)CC)N,1305
drug_d49e7ec31f8f6e6b14c2,Propiverine,propiverine,4942,CCCOC(C1=CC=CC=C1)(C2=CC=CC=C2)C(=O)OC3CCN(CC3)C,CCCOC(C1=CC=CC=C1)(C2=CC=CC=C2)C(=O)OC3CCN(CC3)C,1306
drug_f8c561d6efd4cd8abc70,Propofol,propofol,4943,CC(C)C1=C(C(=CC=C1)C(C)C)O,CC(C)C1=C(C(=CC=C1)C(C)C)O,1307
drug_22a7bbd95ee95a4dd214,Propoxycaine,propoxycaine,6843,CCCOC1=C(C=CC(=C1)N)C(=O)OCCN(CC)CC,CCCOC1=C(C=CC(=C1)N)C(=O)OCCN(CC)CC,1308
drug_f801c521a6037534d76b,Propranolol,propranolol,4946,CC(C)NCC(COC1=CC=CC2=CC=CC=C21)O,CC(C)NCC(COC1=CC=CC2=CC=CC=C21)O,1309
drug_11eb5d31124c70297dbc,Propylthiouracil,propylthiouracil,657298,CCCC1=CC(=O)NC(=S)N1,CCCC1=CC(=O)NC(=S)N1,1310
drug_3c7e41a8ae8079546fbf,Protocatechualdehyde,protocatechualdehyde,8768,C1=CC(=C(C=C1C=O)O)O,C1=CC(=C(C=C1C=O)O)O,1311
drug_ce1fd4b5f168c529dbdc,Protriptyline,protriptyline,4976,CNCCCC1C2=CC=CC=C2C=CC3=CC=CC=C13,CNCCCC1C2=CC=CC=C2C=CC3=CC=CC=C13,1312
drug_bc0ab1838a932e8cbbf5,Prucalopride,prucalopride,3052762,COCCCN1CCC(CC1)NC(=O)C2=CC(=C(C3=C2OCC3)N)Cl,COCCCN1CCC(CC1)NC(=O)C2=CC(=C(C3=C2OCC3)N)Cl,1313
drug_be8fa5417dfcc57fa0d8,Pseudoephedrine,pseudoephedrine,7028,CC(C(C1=CC=CC=C1)O)NC,C[C@@H]([C@H](C1=CC=CC=C1)O)NC,1314
drug_d6be47c914288fe0201b,Pyrantel,pyrantel,708857,CN1CCCN=C1C=CC2=CC=CS2,CN1CCCN=C1/C=C/C2=CC=CS2,1315
drug_d416cd34aeba5da5afbd,Pyrazinamide,pyrazinamide,1046,C1=CN=C(C=N1)C(=O)N,C1=CN=C(C=N1)C(=O)N,1316
drug_dfd87c144c142fdac379,Pyridostigmine,pyridostigmine,4991,C[N+]1=CC=CC(=C1)OC(=O)N(C)C,C[N+]1=CC=CC(=C1)OC(=O)N(C)C,1317
drug_1c635410b0b7f50509e5,Pyridoxine,pyridoxine,1054,CC1=NC=C(C(=C1O)CO)CO,CC1=NC=C(C(=C1O)CO)CO,1318
drug_7a892a72b68cdaa69fd2,Pyrimethamine,pyrimethamine,4993,CCC1=C(C(=NC(=N1)N)N)C2=CC=C(C=C2)Cl,CCC1=C(C(=NC(=N1)N)N)C2=CC=C(C=C2)Cl,1319
drug_99613233a5b305c9c182,Pyrvinium,pyrvinium,5281035,CC1=CC(=C(N1C2=CC=CC=C2)C)C=CC3=[N+](C4=C(C=C3)C=C(C=C4)N(C)C)C,CC1=CC(=C(N1C2=CC=CC=C2)C)/C=C/C3=[N+](C4=C(C=C3)C=C(C=C4)N(C)C)C,1320
drug_98143a4215598266becc,Quazepam,quazepam,4999,C1C(=S)N(C2=C(C=C(C=C2)Cl)C(=N1)C3=CC=CC=C3F)CC(F)(F)F,C1C(=S)N(C2=C(C=C(C=C2)Cl)C(=N1)C3=CC=CC=C3F)CC(F)(F)F,1321
drug_8398e180a8f1f838e3e2,Quetiapine,quetiapine,5002,C1CN(CCN1CCOCCO)C2=NC3=CC=CC=C3SC4=CC=CC=C42,C1CN(CCN1CCOCCO)C2=NC3=CC=CC=C3SC4=CC=CC=C42,1322
drug_55937bf544dede84cb53,Quinacrine,quinacrine,237,CCN(CC)CCCC(C)NC1=C2C=C(C=CC2=NC3=C1C=CC(=C3)Cl)OC,CCN(CC)CCCC(C)NC1=C2C=C(C=CC2=NC3=C1C=CC(=C3)Cl)OC,1323
drug_5999fe9d079e4408b07c,Quinagolide,quinagolide,3086401,CCCN1CC(CC2C1CC3=C(C2)C(=CC=C3)O)NS(=O)(=O)N(CC)CC,CCCN1C[C@H](C[C@H]2[C@H]1CC3=C(C2)C(=CC=C3)O)NS(=O)(=O)N(CC)CC,1324
drug_4b0151b3bc960f717ab3,Quinapril,quinapril,54892,CCOC(=O)C(CCC1=CC=CC=C1)NC(C)C(=O)N2CC3=CC=CC=C3CC2C(=O)O,CCOC(=O)[C@H](CCC1=CC=CC=C1)N[C@@H](C)C(=O)N2CC3=CC=CC=C3C[C@H]2C(=O)O,1325
drug_50ff8c341a375755d9f7,Quinestrol,quinestrol,9046,CC12CCC3C(C1CCC2(C#C)O)CCC4=C3C=CC(=C4)OC5CCCC5,C[C@]12CC[C@H]3[C@H]([C@@H]1CC[C@]2(C#C)O)CCC4=C3C=CC(=C4)OC5CCCC5,1326
drug_721ee2f3aa2610eabbb4,Quinethazone,quinethazone,6307,CCC1NC2=CC(=C(C=C2C(=O)N1)S(=O)(=O)N)Cl,CCC1NC2=CC(=C(C=C2C(=O)N1)S(=O)(=O)N)Cl,1327
drug_63868f06cc5e9de7fa76,Quinidine,quinidine,441074,COC1=CC2=C(C=CN=C2C=C1)C(C3CC4CCN3CC4C=C)O,COC1=CC2=C(C=CN=C2C=C1)[C@@H]([C@H]3C[C@@H]4CCN3C[C@@H]4C=C)O,1328
drug_9641ada2df686a83a457,Quinine,quinine,3034034,COC1=CC2=C(C=CN=C2C=C1)C(C3CC4CCN3CC4C=C)O,COC1=CC2=C(C=CN=C2C=C1)[C@H]([C@@H]3C[C@@H]4CCN3C[C@@H]4C=C)O,1329
drug_d30661442a3126dc0e14,Quinupristin,quinupristin,5388937,CCC1C(=O)N2CCCC2C(=O)N(C(C(=O)N3CC(C(=O)CC3C(=O)NC(C(=O)OC(C(C(=O)N1)NC(=O)C4=C(C=CC=N4)O)C)C5=CC=CC=C5)CSC6CN7CCC6CC7)CC8=CC=C(C=C8)N(C)C)C,CC[C@@H]1C(=O)N2CCC[C@H]2C(=O)N([C@H](C(=O)N3C[C@H](C(=O)C[C@H]3C(=O)N[C@H](C(=O)O[C@@H]([C@@H](C(=O)N1)NC(=O)C4=C(C=CC=N4)O)C)C5=CC=CC=C5)CS[C@@H]6CN7CCC6CC7)CC8=CC=C(C=C8)N(C)C)C,1330
drug_b24d4c302233fd4c87c1,Rabeprazole,rabeprazole,5029,CC1=C(C=CN=C1CS(=O)C2=NC3=CC=CC=C3N2)OCCCOC,CC1=C(C=CN=C1CS(=O)C2=NC3=CC=CC=C3N2)OCCCOC,1331
drug_0a51ab7522a723c0a7ac,Raloxifene,raloxifene,5035,C1CCN(CC1)CCOC2=CC=C(C=C2)C(=O)C3=C(SC4=C3C=CC(=C4)O)C5=CC=C(C=C5)O,C1CCN(CC1)CCOC2=CC=C(C=C2)C(=O)C3=C(SC4=C3C=CC(=C4)O)C5=CC=C(C=C5)O,1332
drug_1ecf4fa7e00cf32ce85b,Raltegravir,raltegravir,54671008,CC1=NN=C(O1)C(=O)NC(C)(C)C2=NC(=C(C(=O)N2C)O)C(=O)NCC3=CC=C(C=C3)F,CC1=NN=C(O1)C(=O)NC(C)(C)C2=NC(=C(C(=O)N2C)O)C(=O)NCC3=CC=C(C=C3)F,1333
drug_e8cc81c841bc4f52f5ec,Raltitrexed,raltitrexed,135400182,CC1=NC2=C(C=C(C=C2)CN(C)C3=CC=C(S3)C(=O)NC(CCC(=O)O)C(=O)O)C(=O)N1,CC1=NC2=C(C=C(C=C2)CN(C)C3=CC=C(S3)C(=O)N[C@@H](CCC(=O)O)C(=O)O)C(=O)N1,1334
drug_d3148e5f51e8e12240e7,Ramelteon,ramelteon,208902,CCC(=O)NCCC1CCC2=C1C3=C(C=C2)OCC3,CCC(=O)NCC[C@@H]1CCC2=C1C3=C(C=C2)OCC3,1335
drug_957a9afd92adfbcb91f1,Ramipril,ramipril,5362129,CCOC(=O)C(CCC1=CC=CC=C1)NC(C)C(=O)N2C3CCCC3CC2C(=O)O,CCOC(=O)[C@H](CCC1=CC=CC=C1)N[C@@H](C)C(=O)N2[C@H]3CCC[C@H]3C[C@H]2C(=O)O,1336
drug_59981d10ce3cf99ea396,Ramosetron,ramosetron,108000,CN1C=C(C2=CC=CC=C21)C(=O)C3CCC4=C(C3)NC=N4,CN1C=C(C2=CC=CC=C21)C(=O)[C@@H]3CCC4=C(C3)NC=N4,1337
drug_f1b7e86209d9e529f372,Ranitidine,ranitidine,3001055,CNC(=C[N+](=O)[O-])NCCSCC1=CC=C(O1)CN(C)C,CN/C(=C\[N+](=O)[O-])/NCCSCC1=CC=C(O1)CN(C)C,1338
drug_a216e6979a7c7dacbb67,Ranolazine,ranolazine,56959,CC1=C(C(=CC=C1)C)NC(=O)CN2CCN(CC2)CC(COC3=CC=CC=C3OC)O,CC1=C(C(=CC=C1)C)NC(=O)CN2CCN(CC2)CC(COC3=CC=CC=C3OC)O,1339
drug_0650de3c24bdd4911bbd,Rasagiline,rasagiline,3052776,C#CCNC1CCC2=CC=CC=C12,C#CCN[C@@H]1CCC2=CC=CC=C12,1340
drug_525911f46d06f1946970,Reboxetine,reboxetine,127151,CCOC1=CC=CC=C1OC(C2CNCCO2)C3=CC=CC=C3,CCOC1=CC=CC=C1O[C@@H]([C@H]2CNCCO2)C3=CC=CC=C3,1341
drug_e3504f0992d0835f00b1,Regadenoson,regadenoson,219024,CNC(=O)C1=CN(N=C1)C2=NC(=C3C(=N2)N(C=N3)C4C(C(C(O4)CO)O)O)N,CNC(=O)C1=CN(N=C1)C2=NC(=C3C(=N2)N(C=N3)[C@H]4[C@@H]([C@@H]([C@H](O4)CO)O)O)N,1342
drug_9aec6927fed7a9734caa,Regorafenib,regorafenib,11167602,CNC(=O)C1=NC=CC(=C1)OC2=CC(=C(C=C2)NC(=O)NC3=CC(=C(C=C3)Cl)C(F)(F)F)F,CNC(=O)C1=NC=CC(=C1)OC2=CC(=C(C=C2)NC(=O)NC3=CC(=C(C=C3)Cl)C(F)(F)F)F,1343
drug_9294f67ce17178a0fb8d,Remifentanil,remifentanil,60815,CCC(=O)N(C1=CC=CC=C1)C2(CCN(CC2)CCC(=O)OC)C(=O)OC,CCC(=O)N(C1=CC=CC=C1)C2(CCN(CC2)CCC(=O)OC)C(=O)OC,1344
drug_700ae3709a6771b09379,Remikiren,remikiren,6324659,CC(C)(C)S(=O)(=O)CC(CC1=CC=CC=C1)C(=O)NC(CC2=CN=CN2)C(=O)NC(CC3CCCCC3)C(C(C4CC4)O)O,CC(C)(C)S(=O)(=O)C[C@@H](CC1=CC=CC=C1)C(=O)N[C@@H](CC2=CN=CN2)C(=O)N[C@@H](CC3CCCCC3)[C@H]([C@H](C4CC4)O)O,1345
drug_ce96d4767d1663e71b4e,Remoxipride,remoxipride,54477,CCN1CCCC1CNC(=O)C2=C(C=CC(=C2OC)Br)OC,CCN1CCC[C@H]1CNC(=O)C2=C(C=CC(=C2OC)Br)OC,1346
drug_123a53519efcfcd27636,Repaglinide,repaglinide,65981,CCOC1=C(C=CC(=C1)CC(=O)NC(CC(C)C)C2=CC=CC=C2N3CCCCC3)C(=O)O,CCOC1=C(C=CC(=C1)CC(=O)N[C@@H](CC(C)C)C2=CC=CC=C2N3CCCCC3)C(=O)O,1347
drug_3e792545eaa6df1e84a6,Rescinnamine,rescinnamine,5280954,COC1C(CC2CN3CCC4=C(C3CC2C1C(=O)OC)NC5=C4C=CC(=C5)OC)OC(=O)C=CC6=CC(=C(C(=C6)OC)OC)OC,CO[C@H]1[C@@H](C[C@@H]2CN3CCC4=C([C@H]3C[C@@H]2[C@@H]1C(=O)OC)NC5=C4C=CC(=C5)OC)OC(=O)/C=C/C6=CC(=C(C(=C6)OC)OC)OC,1348
drug_b4ea2ac89eb178310b96,Reserpine,reserpine,5770,COC1C(CC2CN3CCC4=C(C3CC2C1C(=O)OC)NC5=C4C=CC(=C5)OC)OC(=O)C6=CC(=C(C(=C6)OC)OC)OC,CO[C@H]1[C@@H](C[C@@H]2CN3CCC4=C([C@H]3C[C@@H]2[C@@H]1C(=O)OC)NC5=C4C=CC(=C5)OC)OC(=O)C6=CC(=C(C(=C6)OC)OC)OC,1349
drug_8a05a2479f5fd17d185f,Resveratrol,resveratrol,445154,C1=CC(=CC=C1C=CC2=CC(=CC(=C2)O)O)O,C1=CC(=CC=C1/C=C/C2=CC(=CC(=C2)O)O)O,1350
drug_f5b6ab0b5dba528c3561,Retapamulin,retapamulin,6918462,CC1CCC23CCC(=O)C2C1(C(CC(C(C3C)O)(C)C=C)OC(=O)CSC4CC5CCC(C4)N5C)C,C[C@@H]1CC[C@@]23CCC(=O)[C@H]2[C@@]1([C@@H](C[C@@]([C@H]([C@@H]3C)O)(C)C=C)OC(=O)CSC4C[C@H]5CC[C@@H](C4)N5C)C,1351
drug_88d43e016d7f7d74d679,Ribavirin,ribavirin,37542,C1=NC(=NN1C2C(C(C(O2)CO)O)O)C(=O)N,C1=NC(=NN1[C@H]2[C@@H]([C@@H]([C@H](O2)CO)O)O)C(=O)N,1352
drug_ec046665d2575d0050f9,Ribociclib,ribociclib,44631912,CN(C)C(=O)C1=CC2=CN=C(N=C2N1C3CCCC3)NC4=NC=C(C=C4)N5CCNCC5,CN(C)C(=O)C1=CC2=CN=C(N=C2N1C3CCCC3)NC4=NC=C(C=C4)N5CCNCC5,1353
drug_69fab491da408d0f6d82,Riboflavin,riboflavin,493570,CC1=CC2=C(C=C1C)N(C3=NC(=O)NC(=O)C3=N2)CC(C(C(CO)O)O)O,CC1=CC2=C(C=C1C)N(C3=NC(=O)NC(=O)C3=N2)C[C@@H]([C@@H]([C@@H](CO)O)O)O,1354
drug_de04c08ef12f7d82f570,Ribostamycin,ribostamycin,33042,C1C(C(C(C(C1N)OC2C(C(C(C(O2)CN)O)O)N)OC3C(C(C(O3)CO)O)O)O)N,C1[C@H]([C@@H]([C@H]([C@@H]([C@H]1N)O[C@@H]2[C@@H]([C@H]([C@@H]([C@H](O2)CN)O)O)N)O[C@H]3[C@@H]([C@@H]([C@H](O3)CO)O)O)O)N,1355
drug_f19ad1869b29aea40672,Ridogrel,ridogrel,5362391,C1=CC(=CC(=C1)C(F)(F)F)C(=NOCCCCC(=O)O)C2=CN=CC=C2,C1=CC(=CC(=C1)C(F)(F)F)/C(=N\OCCCCC(=O)O)/C2=CN=CC=C2,1356
drug_ec1890810072a3fa070a,Rifabutin,rifabutin,135398743,CC1C=CC=C(C(=O)N=C2C(=C3C(=C4C2=NC5(N4)CCN(CC5)CC(C)C)C6=C(C(=C3O)C)OC(C6=O)(OC=CC(C(C(C(C(C(C1O)C)O)C)OC(=O)C)C)OC)C)O)C,C[C@H]1/C=C/C=C(\C(=O)N=C2C(=C3C(=C4C2=NC5(N4)CCN(CC5)CC(C)C)C6=C(C(=C3O)C)O[C@@](C6=O)(O/C=C/[C@@H]([C@H]([C@H]([C@@H]([C@@H]([C@@H]([C@H]1O)C)O)C)OC(=O)C)C)OC)C)O)/C,1357
drug_9183c3a577a4bb524f9a,Rifampicin,rifampicin,135398735,CC1C=CC=C(C(=O)NC2=C(C(=C3C(=C2O)C(=C(C4=C3C(=O)C(O4)(OC=CC(C(C(C(C(C(C1O)C)O)C)OC(=O)C)C)OC)C)C)O)O)C=NN5CCN(CC5)C)C,C[C@H]1/C=C/C=C(\C(=O)NC2=C(C(=C3C(=C2O)C(=C(C4=C3C(=O)[C@](O4)(O/C=C/[C@@H]([C@H]([C@H]([C@@H]([C@@H]([C@@H]([C@H]1O)C)O)C)OC(=O)C)C)OC)C)C)O)O)/C=N/N5CCN(CC5)C)/C,1358
drug_ea2a171589279496898a,Rifapentine,rifapentine,135403821,CC1C=CC=C(C(=O)NC2=C(C(=C3C(=C2O)C(=C(C4=C3C(=O)C(O4)(OC=CC(C(C(C(C(C(C1O)C)O)C)OC(=O)C)C)OC)C)C)O)O)C=NN5CCN(CC5)C6CCCC6)C,C[C@H]1/C=C/C=C(\C(=O)NC2=C(C(=C3C(=C2O)C(=C(C4=C3C(=O)[C@](O4)(O/C=C/[C@@H]([C@H]([C@H]([C@@H]([C@@H]([C@@H]([C@H]1O)C)O)C)OC(=O)C)C)OC)C)C)O)O)/C=N/N5CCN(CC5)C6CCCC6)/C,1359
drug_7997293390e70e74cb4d,Rifaximin,rifaximin,6436173,CC1C=CC=C(C(=O)NC2=C(C3=C(C4=C(C(=C3O)C)OC(C4=O)(OC=CC(C(C(C(C(C(C1O)C)O)C)OC(=O)C)C)OC)C)C5=C2N6C=CC(=CC6=N5)C)O)C,C[C@H]1/C=C/C=C(\C(=O)NC2=C(C3=C(C4=C(C(=C3O)C)O[C@@](C4=O)(O/C=C/[C@@H]([C@H]([C@H]([C@@H]([C@@H]([C@@H]([C@H]1O)C)O)C)OC(=O)C)C)OC)C)C5=C2N6C=CC(=CC6=N5)C)O)/C,1360
drug_0aa169de4ee6245414ac,Rilpivirine,rilpivirine,6451164,CC1=CC(=CC(=C1NC2=NC(=NC=C2)NC3=CC=C(C=C3)C#N)C)C=CC#N,CC1=CC(=CC(=C1NC2=NC(=NC=C2)NC3=CC=C(C=C3)C#N)C)/C=C/C#N,1361
drug_8a46e6011276a6fd52b6,Riluzole,riluzole,5070,C1=CC2=C(C=C1OC(F)(F)F)SC(=N2)N,C1=CC2=C(C=C1OC(F)(F)F)SC(=N2)N,1362
drug_7f3ac4e95bd915923e25,Rimexolone,rimexolone,5311412,CCC(=O)C1(C(CC2C1(CC(C3C2CCC4=CC(=O)C=CC34C)O)C)C)C,CCC(=O)[C@]1([C@@H](C[C@@H]2[C@@]1(C[C@@H]([C@H]3[C@H]2CCC4=CC(=O)C=C[C@]34C)O)C)C)C,1363
drug_8b65578c4eea5b4d2482,Rimonabant,rimonabant,104850,CC1=C(N(N=C1C(=O)NN2CCCCC2)C3=C(C=C(C=C3)Cl)Cl)C4=CC=C(C=C4)Cl,CC1=C(N(N=C1C(=O)NN2CCCCC2)C3=C(C=C(C=C3)Cl)Cl)C4=CC=C(C=C4)Cl,1364
drug_ebdc1f4ef6ec51e06fae,Riociguat,riociguat,11304743,CN(C1=C(N=C(N=C1N)C2=NN(C3=C2C=CC=N3)CC4=CC=CC=C4F)N)C(=O)OC,CN(C1=C(N=C(N=C1N)C2=NN(C3=C2C=CC=N3)CC4=CC=CC=C4F)N)C(=O)OC,1365
drug_eeaa8d2cc00ee387cbbd,Risedronic acid,risedronic acid,5245,C1=CC(=CN=C1)CC(O)(P(=O)(O)O)P(=O)(O)O,C1=CC(=CN=C1)CC(O)(P(=O)(O)O)P(=O)(O)O,1366
drug_fcf9a0f0f1a11ef6e124,Risperidone,risperidone,5073,CC1=C(C(=O)N2CCCCC2=N1)CCN3CCC(CC3)C4=NOC5=C4C=CC(=C5)F,CC1=C(C(=O)N2CCCCC2=N1)CCN3CCC(CC3)C4=NOC5=C4C=CC(=C5)F,1367
drug_0839542db0f5d6149c83,Ritodrine,ritodrine,33572,CC(C(C1=CC=C(C=C1)O)O)NCCC2=CC=C(C=C2)O,C[C@@H]([C@@H](C1=CC=C(C=C1)O)O)NCCC2=CC=C(C=C2)O,1368
drug_2255c6c7a9139e6ccac2,Ritonavir,ritonavir,392622,CC(C)C1=NC(=CS1)CN(C)C(=O)NC(C(C)C)C(=O)NC(CC2=CC=CC=C2)CC(C(CC3=CC=CC=C3)NC(=O)OCC4=CN=CS4)O,CC(C)C1=NC(=CS1)CN(C)C(=O)N[C@@H](C(C)C)C(=O)N[C@@H](CC2=CC=CC=C2)C[C@@H]([C@H](CC3=CC=CC=C3)NC(=O)OCC4=CN=CS4)O,1369
drug_15c7f9c7cdeb645fb500,Rivaroxaban,rivaroxaban,9875401,C1COCC(=O)N1C2=CC=C(C=C2)N3CC(OC3=O)CNC(=O)C4=CC=C(S4)Cl,C1COCC(=O)N1C2=CC=C(C=C2)N3C[C@@H](OC3=O)CNC(=O)C4=CC=C(S4)Cl,1370
drug_25b96f3fa754a86042aa,Rivastigmine,rivastigmine,77991,CCN(C)C(=O)OC1=CC=CC(=C1)C(C)N(C)C,CCN(C)C(=O)OC1=CC=CC(=C1)[C@H](C)N(C)C,1371
drug_60a983131cb1b1b452fa,Rizatriptan,rizatriptan,5078,CN(C)CCC1=CNC2=C1C=C(C=C2)CN3C=NC=N3,CN(C)CCC1=CNC2=C1C=C(C=C2)CN3C=NC=N3,1372
drug_baaa2899e2f3ef73c505,Rocuronium,rocuronium,441290,CC(=O)OC1C(CC2C1(CCC3C2CCC4C3(CC(C(C4)O)N5CCOCC5)C)C)[N+]6(CCCC6)CC=C,CC(=O)O[C@H]1[C@H](C[C@@H]2[C@@]1(CC[C@H]3[C@H]2CC[C@@H]4[C@@]3(C[C@@H]([C@H](C4)O)N5CCOCC5)C)C)[N+]6(CCCC6)CC=C,1373
drug_64f09a6edfdd938be46c,Roflumilast,roflumilast,449193,C1CC1COC2=C(C=CC(=C2)C(=O)NC3=C(C=NC=C3Cl)Cl)OC(F)F,C1CC1COC2=C(C=CC(=C2)C(=O)NC3=C(C=NC=C3Cl)Cl)OC(F)F,1374
drug_7c4f55f1bbf0c864847c,Rolapitant,rolapitant,10311306,CC(C1=CC(=CC(=C1)C(F)(F)F)C(F)(F)F)OCC2(CCC3(CCC(=O)N3)CN2)C4=CC=CC=C4,C[C@H](C1=CC(=CC(=C1)C(F)(F)F)C(F)(F)F)OC[C@]2(CC[C@]3(CCC(=O)N3)CN2)C4=CC=CC=C4,1375
drug_761e0e77602d7cb6a00e,Rolitetracycline,rolitetracycline,54682938,CC1(C2CC3C(C(=O)C(=C(C3(C(=O)C2=C(C4=C1C=CC=C4O)O)O)O)C(=O)NCN5CCCC5)N(C)C)O,C[C@@]1([C@H]2C[C@H]3[C@@H](C(=O)C(=C([C@]3(C(=O)C2=C(C4=C1C=CC=C4O)O)O)O)C(=O)NCN5CCCC5)N(C)C)O,1376
drug_fe7ed165b171178750f5,Romidepsin,romidepsin,5352062,CC=C1C(=O)NC(C(=O)OC2CC(=O)NC(C(=O)NC(CSSCCC=C2)C(=O)N1)C(C)C)C(C)C,C/C=C\1/C(=O)N[C@H](C(=O)O[C@H]\2CC(=O)N[C@@H](C(=O)N[C@H](CSSCC/C=C2)C(=O)N1)C(C)C)C(C)C,1377
drug_5d09e89c41448c2387d8,Ropinirole,ropinirole,5095,CCCN(CCC)CCC1=C2CC(=O)NC2=CC=C1,CCCN(CCC)CCC1=C2CC(=O)NC2=CC=C1,1378
drug_4787a9321d0347954660,Ropivacaine,ropivacaine,175805,CCCN1CCCCC1C(=O)NC2=C(C=CC=C2C)C,CCCN1CCCC[C@H]1C(=O)NC2=C(C=CC=C2C)C,1379
drug_0af665a5853505036ce4,Rosiglitazone,rosiglitazone,77999,CN(CCOC1=CC=C(C=C1)CC2C(=O)NC(=O)S2)C3=CC=CC=N3,CN(CCOC1=CC=C(C=C1)CC2C(=O)NC(=O)S2)C3=CC=CC=N3,1380
drug_b97ff73445c12eb9bc1b,Rosoxacin,rosoxacin,287180,CCN1C=C(C(=O)C2=C1C=C(C=C2)C3=CC=NC=C3)C(=O)O,CCN1C=C(C(=O)C2=C1C=C(C=C2)C3=CC=NC=C3)C(=O)O,1381
drug_fcc68692865e6b40f80d,Rosuvastatin,rosuvastatin,446157,CC(C)C1=NC(=NC(=C1C=CC(CC(CC(=O)O)O)O)C2=CC=C(C=C2)F)N(C)S(=O)(=O)C,CC(C)C1=NC(=NC(=C1/C=C/[C@H](C[C@H](CC(=O)O)O)O)C2=CC=C(C=C2)F)N(C)S(=O)(=O)C,1382
drug_f1a7f81032384bfa12fe,Rotigotine,rotigotine,59227,CCCN(CCC1=CC=CS1)C2CCC3=C(C2)C=CC=C3O,CCCN(CCC1=CC=CS1)[C@H]2CCC3=C(C2)C=CC=C3O,1383
drug_a33c577915676b813ccd,Roxatidine acetate,roxatidine acetate,5105,CC(=O)OCC(=O)NCCCOC1=CC=CC(=C1)CN2CCCCC2,CC(=O)OCC(=O)NCCCOC1=CC=CC(=C1)CN2CCCCC2,1384
drug_ed7de3680936c19b8f17,Roxithromycin,roxithromycin,6915744,CCC1C(C(C(C(=NOCOCCOC)C(CC(C(C(C(C(C(=O)O1)C)OC2CC(C(C(O2)C)O)(C)OC)C)OC3C(C(CC(O3)C)N(C)C)O)(C)O)C)C)O)(C)O,CC[C@@H]1[C@@]([C@@H]([C@H](/C(=N/OCOCCOC)/[C@@H](C[C@@]([C@@H]([C@H]([C@@H]([C@H](C(=O)O1)C)O[C@H]2C[C@@]([C@H]([C@@H](O2)C)O)(C)OC)C)O[C@H]3[C@@H]([C@H](C[C@H](O3)C)N(C)C)O)(C)O)C)C)O)(C)O,1385
drug_ae2a3fc950d38e0c6866,Rucaparib,rucaparib,9931954,CNCC1=CC=C(C=C1)C2=C3CCNC(=O)C4=C3C(=CC(=C4)F)N2,CNCC1=CC=C(C=C1)C2=C3CCNC(=O)C4=C3C(=CC(=C4)F)N2,1386
drug_8e5abcc00df17746f1ff,Rufinamide,rufinamide,129228,C1=CC(=C(C(=C1)F)CN2C=C(N=N2)C(=O)N)F,C1=CC(=C(C(=C1)F)CN2C=C(N=N2)C(=O)N)F,1387
drug_0b56cc240e600882d44d,Rupatadine,rupatadine,133017,CC1=CC(=CN=C1)CN2CCC(=C3C4=C(CCC5=C3N=CC=C5)C=C(C=C4)Cl)CC2,CC1=CC(=CN=C1)CN2CCC(=C3C4=C(CCC5=C3N=CC=C5)C=C(C=C4)Cl)CC2,1388
drug_efbbc00eb01125b6e32f,Ruxolitinib,ruxolitinib,25126798,C1CCC(C1)C(CC#N)N2C=C(C=N2)C3=C4C=CNC4=NC=N3,C1CCC(C1)[C@@H](CC#N)N2C=C(C=N2)C3=C4C=CNC4=NC=N3,1389
drug_c1cb17572c37a3fb055e,Sacubitril,sacubitril,9811834,CCOC(=O)C(C)CC(CC1=CC=C(C=C1)C2=CC=CC=C2)NC(=O)CCC(=O)O,CCOC(=O)[C@H](C)C[C@@H](CC1=CC=C(C=C1)C2=CC=CC=C2)NC(=O)CCC(=O)O,1390
drug_cc2ea0809995569ea9fb,Safinamide,safinamide,131682,CC(C(=O)N)NCC1=CC=C(C=C1)OCC2=CC(=CC=C2)F,C[C@@H](C(=O)N)NCC1=CC=C(C=C1)OCC2=CC(=CC=C2)F,1391
drug_bd107be8959ffdd668ce,Salbutamol,salbutamol,2083,CC(C)(C)NCC(C1=CC(=C(C=C1)O)CO)O,CC(C)(C)NCC(C1=CC(=C(C=C1)O)CO)O,1392
drug_1a19952114c787ba9b2e,Salicylamide,salicylamide,5147,C1=CC=C(C(=C1)C(=O)N)O,C1=CC=C(C(=C1)C(=O)N)O,1393
drug_efc838620462f2289e52,Salicylic acid,salicylic acid,338,C1=CC=C(C(=C1)C(=O)O)O,C1=CC=C(C(=C1)C(=O)O)O,1394
drug_3308b9ae42d213199a68,Salmeterol,salmeterol,5152,C1=CC=C(C=C1)CCCCOCCCCCCNCC(C2=CC(=C(C=C2)O)CO)O,C1=CC=C(C=C1)CCCCOCCCCCCNCC(C2=CC(=C(C=C2)O)CO)O,1395
drug_687b75acf25722590656,Salsalate,salsalate,5161,C1=CC=C(C(=C1)C(=O)OC2=CC=CC=C2C(=O)O)O,C1=CC=C(C(=C1)C(=O)OC2=CC=CC=C2C(=O)O)O,1396
drug_9d80058e40d7994c4656,Sapropterin,sapropterin,135398654,CC(C(C1CNC2=C(N1)C(=O)NC(=N2)N)O)O,C[C@@H]([C@@H]([C@H]1CNC2=C(N1)C(=O)NC(=N2)N)O)O,1397
drug_fbc0af433559139af867,Saquinavir,saquinavir,441243,CC(C)(C)NC(=O)C1CC2CCCCC2CN1CC(C(CC3=CC=CC=C3)NC(=O)C(CC(=O)N)NC(=O)C4=NC5=CC=CC=C5C=C4)O,CC(C)(C)NC(=O)[C@@H]1C[C@@H]2CCCC[C@@H]2CN1C[C@H]([C@H](CC3=CC=CC=C3)NC(=O)[C@H](CC(=O)N)NC(=O)C4=NC5=CC=CC=C5C=C4)O,1398
drug_c151655b04b3c04708ef,Saxagliptin,saxagliptin,11243969,C1C2CC2N(C1C#N)C(=O)C(C34CC5CC(C3)CC(C5)(C4)O)N,C1[C@@H]2C[C@@H]2N([C@@H]1C#N)C(=O)[C@H](C34CC5CC(C3)CC(C5)(C4)O)N,1399
drug_e3a382ecc805539264ac,Secobarbital,secobarbital,5193,CCCC(C)C1(C(=O)NC(=O)NC1=O)CC=C,CCCC(C)C1(C(=O)NC(=O)NC1=O)CC=C,1400
drug_094b5a94ab2ac1b4cdb1,Selegiline,selegiline,26757,CC(CC1=CC=CC=C1)N(C)CC#C,C[C@H](CC1=CC=CC=C1)N(C)CC#C,1401
drug_e684a3e94efd46f9c5fa,Selenium,selenium,6326970,[Se],[Se],1402
drug_efad853d4ff821d253ed,Selexipag,selexipag,9913767,CC(C)N(CCCCOCC(=O)NS(=O)(=O)C)C1=CN=C(C(=N1)C2=CC=CC=C2)C3=CC=CC=C3,CC(C)N(CCCCOCC(=O)NS(=O)(=O)C)C1=CN=C(C(=N1)C2=CC=CC=C2)C3=CC=CC=C3,1403
drug_0687aca2320526771193,Seratrodast,seratrodast,2449,CC1=C(C(=O)C(=C(C1=O)C)C(CCCCCC(=O)O)C2=CC=CC=C2)C,CC1=C(C(=O)C(=C(C1=O)C)C(CCCCCC(=O)O)C2=CC=CC=C2)C,1404
drug_ffe90b8b0ace70a493ad,Sertaconazole,sertaconazole,65863,C1=CC2=C(C(=C1)Cl)SC=C2COC(CN3C=CN=C3)C4=C(C=C(C=C4)Cl)Cl,C1=CC2=C(C(=C1)Cl)SC=C2COC(CN3C=CN=C3)C4=C(C=C(C=C4)Cl)Cl,1405
drug_29fb90c30cdce14f2ea8,Sertindole,sertindole,60149,C1CN(CCC1C2=CN(C3=C2C=C(C=C3)Cl)C4=CC=C(C=C4)F)CCN5CCNC5=O,C1CN(CCC1C2=CN(C3=C2C=C(C=C3)Cl)C4=CC=C(C=C4)F)CCN5CCNC5=O,1406
drug_a9b73a1e37ce80851b18,Sertraline,sertraline,68617,CNC1CCC(C2=CC=CC=C12)C3=CC(=C(C=C3)Cl)Cl,CN[C@H]1CC[C@H](C2=CC=CC=C12)C3=CC(=C(C=C3)Cl)Cl,1407
drug_3377f07581071ecf1941,Sevoflurane,sevoflurane,5206,C(OC(C(F)(F)F)C(F)(F)F)F,C(OC(C(F)(F)F)C(F)(F)F)F,1408
drug_d7b41651cd0d852b8a9b,Sibutramine,sibutramine,5210,CC(C)CC(C1(CCC1)C2=CC=C(C=C2)Cl)N(C)C,CC(C)CC(C1(CCC1)C2=CC=C(C=C2)Cl)N(C)C,1409
drug_b6bbe058481c83f9067a,Sildenafil,sildenafil,135398744,CCCC1=NN(C2=C1N=C(NC2=O)C3=C(C=CC(=C3)S(=O)(=O)N4CCN(CC4)C)OCC)C,CCCC1=NN(C2=C1N=C(NC2=O)C3=C(C=CC(=C3)S(=O)(=O)N4CCN(CC4)C)OCC)C,1410
drug_a498b279b5e98dd9842c,Silodosin,silodosin,5312125,CC(CC1=CC2=C(C(=C1)C(=O)N)N(CC2)CCCO)NCCOC3=CC=CC=C3OCC(F)(F)F,C[C@H](CC1=CC2=C(C(=C1)C(=O)N)N(CC2)CCCO)NCCOC3=CC=CC=C3OCC(F)(F)F,1411
drug_8699d9cc042aac7a1555,Silver sulfadiazine,silver sulfadiazine,441244,C1=CN=C(N=C1)[N-]S(=O)(=O)C2=CC=C(C=C2)N.[Ag+],C1=CN=C(N=C1)[N-]S(=O)(=O)C2=CC=C(C=C2)N.[Ag+],1412
drug_c4c02e94e1d4bd293d20,Simeprevir,simeprevir,24873435,CC1=C(C=CC2=C1N=C(C=C2OC3CC4C(C3)C(=O)N(CCCCC=CC5CC5(NC4=O)C(=O)NS(=O)(=O)C6CC6)C)C7=NC(=CS7)C(C)C)OC,CC1=C(C=CC2=C1N=C(C=C2O[C@@H]3C[C@@H]4[C@@H](C3)C(=O)N(CCCC/C=C\[C@@H]5C[C@]5(NC4=O)C(=O)NS(=O)(=O)C6CC6)C)C7=NC(=CS7)C(C)C)OC,1413
drug_12402be81f2c14a7ba88,Simvastatin,simvastatin,54454,CCC(C)(C)C(=O)OC1CC(C=C2C1C(C(C=C2)C)CCC3CC(CC(=O)O3)O)C,CCC(C)(C)C(=O)O[C@H]1C[C@H](C=C2[C@H]1[C@H]([C@H](C=C2)C)CC[C@@H]3C[C@H](CC(=O)O3)O)C,1414
drug_4249b585a577747ecd51,Sirolimus,sirolimus,5284616,CC1CCC2CC(C(=CC=CC=CC(CC(C(=O)C(C(C(=CC(C(=O)CC(OC(=O)C3CCCCN3C(=O)C(=O)C1(O2)O)C(C)CC4CCC(C(C4)OC)O)C)C)O)OC)C)C)C)OC,C[C@@H]1CC[C@H]2C[C@@H](/C(=C/C=C/C=C/[C@H](C[C@H](C(=O)[C@@H]([C@@H](/C(=C/[C@H](C(=O)C[C@H](OC(=O)[C@@H]3CCCCN3C(=O)C(=O)[C@@]1(O2)O)[C@H](C)C[C@@H]4CC[C@H]([C@@H](C4)OC)O)C)/C)O)OC)C)C)/C)OC,1415
drug_8c1ec4fa9e80839bcd63,Sitagliptin,sitagliptin,4369359,C1CN2C(=NN=C2C(F)(F)F)CN1C(=O)CC(CC3=CC(=C(C=C3F)F)F)N,C1CN2C(=NN=C2C(F)(F)F)CN1C(=O)C[C@@H](CC3=CC(=C(C=C3F)F)F)N,1416
drug_3fc74d70fb3fd343e6a9,Sitaxentan,sitaxentan,216235,CC1=CC2=C(C=C1CC(=O)C3=C(C=CS3)S(=O)(=O)NC4=C(C(=NO4)C)Cl)OCO2,CC1=CC2=C(C=C1CC(=O)C3=C(C=CS3)S(=O)(=O)NC4=C(C(=NO4)C)Cl)OCO2,1417
drug_54066b1a865060384edf,Sodium aurothiomalate,sodium aurothiomalate,22318,C(C(C(=O)[O-])[S-])C(=O)[O-].[Na+].[Na+].[Au+],C(C(C(=O)[O-])[S-])C(=O)[O-].[Na+].[Na+].[Au+],1418
drug_c335f2c7c97eb5ae8dca,Sodium bicarbonate,sodium bicarbonate,516892,C(=O)(O)[O-].[Na+],C(=O)(O)[O-].[Na+],1419
drug_0d6f8afa3940b7f06beb,Sodium chloride,sodium chloride,5234,[Na+].[Cl-],[Na+].[Cl-],1420
drug_4fe8cf4b55b548236bd2,Sodium citrate,sodium citrate,6224,C(C(=O)[O-])C(CC(=O)[O-])(C(=O)[O-])O.[Na+].[Na+].[Na+],C(C(=O)[O-])C(CC(=O)[O-])(C(=O)[O-])O.[Na+].[Na+].[Na+],1421
drug_34656d28184140e2afa0,Sodium glycerophosphate,sodium glycerophosphate,14754,C(C(COP(=O)([O-])[O-])O)O.[Na+].[Na+],C(C(COP(=O)([O-])[O-])O)O.[Na+].[Na+],1422
drug_1bce04a61837f33ced80,Sodium oxybate,sodium oxybate,23663870,C(CC(=O)[O-])CO.[Na+],C(CC(=O)[O-])CO.[Na+],1423
drug_c9aecdc76fc9b3a252e0,"Sodium phosphate, monobasic","sodium phosphate, monobasic",23672064,OP(=O)(O)[O-].[Na+],OP(=O)(O)[O-].[Na+],1424
drug_0df467db8b872faba520,Sodium stibogluconate,sodium stibogluconate,16683012,C(C(C1C(C(O[Sb](=O)(O1)O[Sb]2(=O)OC(C(C(O2)C(=O)[O-])O)C(CO)O)C(=O)[O-])O)O)O.O.O.O.O.O.O.O.O.O.[Na+].[Na+].[Na+],C([C@H]([C@@H]1[C@@H]([C@@H](O[Sb](=O)(O1)O[Sb]2(=O)O[C@@H]([C@@H]([C@@H](O2)C(=O)[O-])O)[C@@H](CO)O)C(=O)[O-])O)O)O.O.O.O.O.O.O.O.O.O.[Na+].[Na+].[Na+],1425
drug_bd5025d5d30052a76376,Sofosbuvir,sofosbuvir,45375808,CC(C)OC(=O)C(C)NP(=O)(OCC1C(C(C(O1)N2C=CC(=O)NC2=O)(C)F)O)OC3=CC=CC=C3,C[C@@H](C(=O)OC(C)C)N[P@](=O)(OC[C@@H]1[C@H]([C@@]([C@@H](O1)N2C=CC(=O)NC2=O)(C)F)O)OC3=CC=CC=C3,1426
drug_abe99260e1934156baf5,Solifenacin,solifenacin,154059,C1CN2CCC1C(C2)OC(=O)N3CCC4=CC=CC=C4C3C5=CC=CC=C5,C1CN2CCC1[C@H](C2)OC(=O)N3CCC4=CC=CC=C4[C@@H]3C5=CC=CC=C5,1427
drug_a2bc8467d00a9693ea5b,Somatostatin,somatostatin,16129706,CC(C1C(=O)NC(C(=O)NC(C(=O)NC(C(=O)NC(CSSCC(C(=O)NC(C(=O)NC(C(=O)NC(C(=O)NC(C(=O)NC(C(=O)NC(C(=O)N1)CCCCN)CC2=CNC3=CC=CC=C32)CC4=CC=CC=C4)CC5=CC=CC=C5)CC(=O)N)CCCCN)NC(=O)CNC(=O)C(C)N)C(=O)O)CO)C(C)O)CC6=CC=CC=C6)O,C[C@H]([C@H]1C(=O)N[C@H](C(=O)N[C@H](C(=O)N[C@H](C(=O)N[C@@H](CSSC[C@@H](C(=O)N[C@H](C(=O)N[C@H](C(=O)N[C@H](C(=O)N[C@H](C(=O)N[C@H](C(=O)N[C@H](C(=O)N1)CCCCN)CC2=CNC3=CC=CC=C32)CC4=CC=CC=C4)CC5=CC=CC=C5)CC(=O)N)CCCCN)NC(=O)CNC(=O)[C@H](C)N)C(=O)O)CO)[C@@H](C)O)CC6=CC=CC=C6)O,1428
drug_9027f765368b62b08c19,Sonidegib,sonidegib,24775005,CC1CN(CC(O1)C)C2=NC=C(C=C2)NC(=O)C3=CC=CC(=C3C)C4=CC=C(C=C4)OC(F)(F)F,C[C@@H]1CN(C[C@@H](O1)C)C2=NC=C(C=C2)NC(=O)C3=CC=CC(=C3C)C4=CC=C(C=C4)OC(F)(F)F,1429
drug_2a423bc6749824cdfe65,Sorafenib,sorafenib,216239,CNC(=O)C1=NC=CC(=C1)OC2=CC=C(C=C2)NC(=O)NC3=CC(=C(C=C3)Cl)C(F)(F)F,CNC(=O)C1=NC=CC(=C1)OC2=CC=C(C=C2)NC(=O)NC3=CC(=C(C=C3)Cl)C(F)(F)F,1430
drug_5114cb92cf9eafdced82,Sotalol,sotalol,5253,CC(C)NCC(C1=CC=C(C=C1)NS(=O)(=O)C)O,CC(C)NCC(C1=CC=C(C=C1)NS(=O)(=O)C)O,1431
drug_47cb0005794388adb992,Sparfloxacin,sparfloxacin,60464,CC1CN(CC(N1)C)C2=C(C(=C3C(=C2F)N(C=C(C3=O)C(=O)O)C4CC4)N)F,C[C@@H]1CN(C[C@@H](N1)C)C2=C(C(=C3C(=C2F)N(C=C(C3=O)C(=O)O)C4CC4)N)F,1432
drug_48828697e573d5296ee6,Spectinomycin,spectinomycin,15541,CC1CC(=O)C2(C(O1)OC3C(C(C(C(C3O2)NC)O)NC)O)O,C[C@@H]1CC(=O)[C@]2([C@@H](O1)O[C@@H]3[C@H]([C@@H]([C@@H]([C@@H]([C@H]3O2)NC)O)NC)O)O,1433
drug_a6999e004372b00016bf,Spirapril,spirapril,5311447,CCOC(=O)C(CCC1=CC=CC=C1)NC(C)C(=O)N2CC3(CC2C(=O)O)SCCS3,CCOC(=O)[C@H](CCC1=CC=CC=C1)N[C@@H](C)C(=O)N2CC3(C[C@H]2C(=O)O)SCCS3,1434
drug_580d66f414c7c9a7d477,Spironolactone,spironolactone,5833,CC(=O)SC1CC2=CC(=O)CCC2(C3C1C4CCC5(C4(CC3)C)CCC(=O)O5)C,CC(=O)S[C@@H]1CC2=CC(=O)CC[C@@]2([C@@H]3[C@@H]1[C@@H]4CC[C@]5([C@]4(CC3)C)CCC(=O)O5)C,1435
drug_febb0519aa355b350e70,Stanozolol,stanozolol,25249,CC12CCC3C(C1CCC2(C)O)CCC4C3(CC5=C(C4)NN=C5)C,C[C@]12CC[C@H]3[C@H]([C@@H]1CC[C@]2(C)O)CC[C@@H]4[C@@]3(CC5=C(C4)NN=C5)C,1436
drug_7aff7d12568e9ce20e2a,Stavudine,stavudine,18283,CC1=CN(C(=O)NC1=O)C2C=CC(O2)CO,CC1=CN(C(=O)NC1=O)[C@H]2C=C[C@H](O2)CO,1437
drug_0dbf977530586c5e7ec0,Stepronin,stepronin,54120,CC(C(=O)NCC(=O)O)SC(=O)C1=CC=CS1,CC(C(=O)NCC(=O)O)SC(=O)C1=CC=CS1,1438
drug_596fd136a64d22083e1a,Stiripentol,stiripentol,5311454,CC(C)(C)C(C=CC1=CC2=C(C=C1)OCO2)O,CC(C)(C)C(/C=C/C1=CC2=C(C=C1)OCO2)O,1439
drug_a7e73a9467ae1f9a0427,Streptomycin,streptomycin,19649,CC1C(C(C(O1)OC2C(C(C(C(C2O)O)N=C(N)N)O)N=C(N)N)OC3C(C(C(C(O3)CO)O)O)NC)(C=O)O,C[C@H]1[C@@]([C@H]([C@@H](O1)O[C@@H]2[C@H]([C@@H]([C@H]([C@@H]([C@H]2O)O)N=C(N)N)O)N=C(N)N)O[C@H]3[C@H]([C@@H]([C@H]([C@@H](O3)CO)O)O)NC)(C=O)O,1440
drug_c2ef1797346b40449dff,Streptozocin,streptozocin,29327,CN(C(=O)NC1C(C(C(OC1O)CO)O)O)N=O,CN(C(=O)N[C@@H]1[C@H]([C@@H]([C@H](O[C@@H]1O)CO)O)O)N=O,1441
drug_ceb30dad61be963c04aa,Strontium ranelate,strontium ranelate,6918182,C(C1=C(SC(=C1C#N)N(CC(=O)[O-])CC(=O)[O-])C(=O)[O-])C(=O)[O-].[Sr+2].[Sr+2],C(C1=C(SC(=C1C#N)N(CC(=O)[O-])CC(=O)[O-])C(=O)[O-])C(=O)[O-].[Sr+2].[Sr+2],1442
drug_1f910b8ea1a87ab5e2c0,Succinylcholine,succinylcholine,5314,C[N+](C)(C)CCOC(=O)CCC(=O)OCC[N+](C)(C)C,C[N+](C)(C)CCOC(=O)CCC(=O)OCC[N+](C)(C)C,1443
drug_a45ce595d3344efa344e,Sufentanil,sufentanil,41693,CCC(=O)N(C1=CC=CC=C1)C2(CCN(CC2)CCC3=CC=CS3)COC,CCC(=O)N(C1=CC=CC=C1)C2(CCN(CC2)CCC3=CC=CS3)COC,1444
drug_ee8fd2af18de294d7387,Sugammadex,sugammadex,6918585,C(CSCC1C2C(C(C(O1)OC3C(OC(C(C3O)O)OC4C(OC(C(C4O)O)OC5C(OC(C(C5O)O)OC6C(OC(C(C6O)O)OC7C(OC(C(C7O)O)OC8C(OC(C(C8O)O)OC9C(OC(O2)C(C9O)O)CSCCC(=O)O)CSCCC(=O)O)CSCCC(=O)O)CSCCC(=O)O)CSCCC(=O)O)CSCCC(=O)O)CSCCC(=O)O)O)O)C(=O)O,C(CSC[C@@H]1[C@@H]2[C@@H]([C@H]([C@H](O1)O[C@@H]3[C@H](O[C@@H]([C@@H]([C@H]3O)O)O[C@@H]4[C@H](O[C@@H]([C@@H]([C@H]4O)O)O[C@@H]5[C@H](O[C@@H]([C@@H]([C@H]5O)O)O[C@@H]6[C@H](O[C@@H]([C@@H]([C@H]6O)O)O[C@@H]7[C@H](O[C@@H]([C@@H]([C@H]7O)O)O[C@@H]8[C@H](O[C@@H]([C@@H]([C@H]8O)O)O[C@@H]9[C@H](O[C@H](O2)[C@@H]([C@H]9O)O)CSCCC(=O)O)CSCCC(=O)O)CSCCC(=O)O)CSCCC(=O)O)CSCCC(=O)O)CSCCC(=O)O)CSCCC(=O)O)O)O)C(=O)O,1445
drug_974263091d3d25d59a83,Sulbactam,sulbactam,130313,CC1(C(N2C(S1(=O)=O)CC2=O)C(=O)O)C,CC1([C@@H](N2[C@H](S1(=O)=O)CC2=O)C(=O)O)C,1446
drug_c0b673ad2a77d3fbd3c7,Sulconazole,sulconazole,5318,C1=CC(=CC=C1CSC(CN2C=CN=C2)C3=C(C=C(C=C3)Cl)Cl)Cl,C1=CC(=CC=C1CSC(CN2C=CN=C2)C3=C(C=C(C=C3)Cl)Cl)Cl,1447
drug_171a8b45fcad1ac43891,Sulfacetamide,sulfacetamide,5320,CC(=O)NS(=O)(=O)C1=CC=C(C=C1)N,CC(=O)NS(=O)(=O)C1=CC=C(C=C1)N,1448
drug_6648a1934fa43152d165,Sulfacytine,sulfacytine,5322,CCN1C=CC(=NC1=O)NS(=O)(=O)C2=CC=C(C=C2)N,CCN1C=CC(=NC1=O)NS(=O)(=O)C2=CC=C(C=C2)N,1449
drug_806ff044b265b4dee0c9,Sulfadiazine,sulfadiazine,5215,C1=CN=C(N=C1)NS(=O)(=O)C2=CC=C(C=C2)N,C1=CN=C(N=C1)NS(=O)(=O)C2=CC=C(C=C2)N,1450
drug_c110908169a33728b9a5,Sulfadimethoxine,sulfadimethoxine,5323,COC1=NC(=NC(=C1)NS(=O)(=O)C2=CC=C(C=C2)N)OC,COC1=NC(=NC(=C1)NS(=O)(=O)C2=CC=C(C=C2)N)OC,1451
drug_c770a1b20f9816ec4074,Sulfadoxine,sulfadoxine,17134,COC1=C(N=CN=C1OC)NS(=O)(=O)C2=CC=C(C=C2)N,COC1=C(N=CN=C1OC)NS(=O)(=O)C2=CC=C(C=C2)N,1452
drug_467fcdc9ee9e32b7d5b8,Sulfamerazine,sulfamerazine,5325,CC1=NC(=NC=C1)NS(=O)(=O)C2=CC=C(C=C2)N,CC1=NC(=NC=C1)NS(=O)(=O)C2=CC=C(C=C2)N,1453
drug_685c5ff503a2938ca8b7,Sulfamethazine,sulfamethazine,5327,CC1=CC(=NC(=N1)NS(=O)(=O)C2=CC=C(C=C2)N)C,CC1=CC(=NC(=N1)NS(=O)(=O)C2=CC=C(C=C2)N)C,1454
drug_585988fb80111d679264,Sulfamethizole,sulfamethizole,5328,CC1=NN=C(S1)NS(=O)(=O)C2=CC=C(C=C2)N,CC1=NN=C(S1)NS(=O)(=O)C2=CC=C(C=C2)N,1455
drug_9bec3c1fa5c8624396bf,Sulfamethoxazole,sulfamethoxazole,5329,CC1=CC(=NO1)NS(=O)(=O)C2=CC=C(C=C2)N,CC1=CC(=NO1)NS(=O)(=O)C2=CC=C(C=C2)N,1456
drug_b7beda2e771aa23b276b,Sulfametopyrazine,sulfametopyrazine,9047,COC1=NC=CN=C1NS(=O)(=O)C2=CC=C(C=C2)N,COC1=NC=CN=C1NS(=O)(=O)C2=CC=C(C=C2)N,1457
drug_366cf19866e84aae0cc4,Sulfamoxole,sulfamoxole,12894,CC1=C(OC(=N1)NS(=O)(=O)C2=CC=C(C=C2)N)C,CC1=C(OC(=N1)NS(=O)(=O)C2=CC=C(C=C2)N)C,1458
drug_5c8bf982978cc8bdca3d,Sulfanilamide,sulfanilamide,5333,C1=CC(=CC=C1N)S(=O)(=O)N,C1=CC(=CC=C1N)S(=O)(=O)N,1459
drug_4b970112a8b08abd0271,Sulfaphenazole,sulfaphenazole,5335,C1=CC=C(C=C1)N2C(=CC=N2)NS(=O)(=O)C3=CC=C(C=C3)N,C1=CC=C(C=C1)N2C(=CC=N2)NS(=O)(=O)C3=CC=C(C=C3)N,1460
drug_b6040ecdb2055eac3ba9,Sulfapyridine,sulfapyridine,5336,C1=CC=NC(=C1)NS(=O)(=O)C2=CC=C(C=C2)N,C1=CC=NC(=C1)NS(=O)(=O)C2=CC=C(C=C2)N,1461
drug_de0bfb204bd8df0f97aa,Sulfasalazine,sulfasalazine,5339,C1=CC=NC(=C1)NS(=O)(=O)C2=CC=C(C=C2)N=NC3=CC(=C(C=C3)O)C(=O)O,C1=CC=NC(=C1)NS(=O)(=O)C2=CC=C(C=C2)N=NC3=CC(=C(C=C3)O)C(=O)O,1462
drug_2b7f590fe6e16d36a68f,Sulfathiazole,sulfathiazole,5340,C1=CC(=CC=C1N)S(=O)(=O)NC2=NC=CS2,C1=CC(=CC=C1N)S(=O)(=O)NC2=NC=CS2,1463
drug_6ffe020457fd8844a96c,Sulfinpyrazone,sulfinpyrazone,5342,C1=CC=C(C=C1)N2C(=O)C(C(=O)N2C3=CC=CC=C3)CCS(=O)C4=CC=CC=C4,C1=CC=C(C=C1)N2C(=O)C(C(=O)N2C3=CC=CC=C3)CCS(=O)C4=CC=CC=C4,1464
drug_98551bc8c8101e34bbb1,Sulfisoxazole,sulfisoxazole,5344,CC1=C(ON=C1C)NS(=O)(=O)C2=CC=C(C=C2)N,CC1=C(ON=C1C)NS(=O)(=O)C2=CC=C(C=C2)N,1465
drug_6efdd6d26159d06a4d67,Sulindac,sulindac,1548887,CC1=C(C2=C(C1=CC3=CC=C(C=C3)S(=O)C)C=CC(=C2)F)CC(=O)O,CC\1=C(C2=C(/C1=C\C3=CC=C(C=C3)S(=O)C)C=CC(=C2)F)CC(=O)O,1466
drug_1afcf19e271c218711b4,Sulpiride,sulpiride,5355,CCN1CCCC1CNC(=O)C2=C(C=CC(=C2)S(=O)(=O)N)OC,CCN1CCCC1CNC(=O)C2=C(C=CC(=C2)S(=O)(=O)N)OC,1467
drug_9b4055f14bf8e6880f35,Sumatriptan,sumatriptan,5358,CNS(=O)(=O)CC1=CC2=C(C=C1)NC=C2CCN(C)C,CNS(=O)(=O)CC1=CC2=C(C=C1)NC=C2CCN(C)C,1468
drug_27f4ec17d5a9426baf6c,Sunitinib,sunitinib,5329102,CCN(CC)CCNC(=O)C1=C(NC(=C1C)C=C2C3=C(C=CC(=C3)F)NC2=O)C,CCN(CC)CCNC(=O)C1=C(NC(=C1C)/C=C\2/C3=C(C=CC(=C3)F)NC2=O)C,1469
drug_248a5a1d6aead45d47e2,Suprofen,suprofen,5359,CC(C1=CC=C(C=C1)C(=O)C2=CC=CS2)C(=O)O,CC(C1=CC=C(C=C1)C(=O)C2=CC=CS2)C(=O)O,1470
drug_dd59778be27c8fb5902c,Suramin,suramin,5361,CC1=C(C=C(C=C1)C(=O)NC2=C3C(=CC(=CC3=C(C=C2)S(=O)(=O)O)S(=O)(=O)O)S(=O)(=O)O)NC(=O)C4=CC(=CC=C4)NC(=O)NC5=CC=CC(=C5)C(=O)NC6=C(C=CC(=C6)C(=O)NC7=C8C(=CC(=CC8=C(C=C7)S(=O)(=O)O)S(=O)(=O)O)S(=O)(=O)O)C,CC1=C(C=C(C=C1)C(=O)NC2=C3C(=CC(=CC3=C(C=C2)S(=O)(=O)O)S(=O)(=O)O)S(=O)(=O)O)NC(=O)C4=CC(=CC=C4)NC(=O)NC5=CC=CC(=C5)C(=O)NC6=C(C=CC(=C6)C(=O)NC7=C8C(=CC(=CC8=C(C=C7)S(=O)(=O)O)S(=O)(=O)O)S(=O)(=O)O)C,1471
drug_aed73302415db5272e4f,Suvorexant,suvorexant,24965990,CC1CCN(CCN1C(=O)C2=C(C=CC(=C2)C)N3N=CC=N3)C4=NC5=C(O4)C=CC(=C5)Cl,C[C@@H]1CCN(CCN1C(=O)C2=C(C=CC(=C2)C)N3N=CC=N3)C4=NC5=C(O4)C=CC(=C5)Cl,1472
drug_897d7ca2c61108ed566d,Tacrolimus,tacrolimus,445643,CC1CC(C2C(CC(C(O2)(C(=O)C(=O)N3CCCCC3C(=O)OC(C(C(CC(=O)C(C=C(C1)C)CC=C)O)C)C(=CC4CCC(C(C4)OC)O)C)O)C)OC)OC,C[C@@H]1C[C@@H]([C@@H]2[C@H](C[C@H]([C@@](O2)(C(=O)C(=O)N3CCCC[C@H]3C(=O)O[C@@H]([C@@H]([C@H](CC(=O)[C@@H](/C=C(/C1)\C)CC=C)O)C)/C(=C/[C@@H]4CC[C@H]([C@@H](C4)OC)O)/C)O)C)OC)OC,1473
drug_a3ec9f9c5217a876c61e,Tadalafil,tadalafil,110635,CN1CC(=O)N2C(C1=O)CC3=C(C2C4=CC5=C(C=C4)OCO5)NC6=CC=CC=C36,CN1CC(=O)N2[C@@H](C1=O)CC3=C([C@H]2C4=CC5=C(C=C4)OCO5)NC6=CC=CC=C36,1474
drug_7b412d76f9fb88ca6fdc,Tafluprost,tafluprost,9868491,CC(C)OC(=O)CCCC=CCC1C(CC(C1C=CC(COC2=CC=CC=C2)(F)F)O)O,CC(C)OC(=O)CCC/C=C\C[C@H]1[C@H](C[C@H]([C@@H]1/C=C/C(COC2=CC=CC=C2)(F)F)O)O,1475
drug_44bde7ad6efd9edae565,Talniflumate,talniflumate,48229,C1=CC=C2C(=C1)C(OC2=O)OC(=O)C3=C(N=CC=C3)NC4=CC=CC(=C4)C(F)(F)F,C1=CC=C2C(=C1)C(OC2=O)OC(=O)C3=C(N=CC=C3)NC4=CC=CC(=C4)C(F)(F)F,1476
drug_0230d04ba2427aa28522,Tamoxifen,tamoxifen,2733526,CCC(=C(C1=CC=CC=C1)C2=CC=C(C=C2)OCCN(C)C)C3=CC=CC=C3,CC/C(=C(\C1=CC=CC=C1)/C2=CC=C(C=C2)OCCN(C)C)/C3=CC=CC=C3,1477
drug_c0c0d10e4e07911ebe63,Tamsulosin,tamsulosin,129211,CCOC1=CC=CC=C1OCCNC(C)CC2=CC(=C(C=C2)OC)S(=O)(=O)N,CCOC1=CC=CC=C1OCCN[C@H](C)CC2=CC(=C(C=C2)OC)S(=O)(=O)N,1478
drug_c3a59ffb8a270b50698f,Tapentadol,tapentadol,9838022,CCC(C1=CC(=CC=C1)O)C(C)CN(C)C,CC[C@@H](C1=CC(=CC=C1)O)[C@@H](C)CN(C)C,1479
drug_92e608a26cab5fbc803a,Tasimelteon,tasimelteon,10220503,CCC(=O)NCC1CC1C2=C3CCOC3=CC=C2,CCC(=O)NC[C@@H]1C[C@H]1C2=C3CCOC3=CC=C2,1480
drug_df23ff05b89db2e073aa,Tasosartan,tasosartan,60919,CC1=C2CCC(=O)N(C2=NC(=N1)C)CC3=CC=C(C=C3)C4=CC=CC=C4C5=NNN=N5,CC1=C2CCC(=O)N(C2=NC(=N1)C)CC3=CC=C(C=C3)C4=CC=CC=C4C5=NNN=N5,1481
drug_4d98e418375c14312cb1,Tavaborole,tavaborole,11499245,B1(C2=C(CO1)C=C(C=C2)F)O,B1(C2=C(CO1)C=C(C=C2)F)O,1482
drug_e64dcbe6b0d5613248a0,Tazarotene,tazarotene,5381,CCOC(=O)C1=CN=C(C=C1)C#CC2=CC3=C(C=C2)SCCC3(C)C,CCOC(=O)C1=CN=C(C=C1)C#CC2=CC3=C(C=C2)SCCC3(C)C,1483
drug_030eb8369f7b1118bbb8,Tazobactam,tazobactam,123630,CC1(C(N2C(S1(=O)=O)CC2=O)C(=O)O)CN3C=CN=N3,C[C@@]1([C@@H](N2[C@H](S1(=O)=O)CC2=O)C(=O)O)CN3C=CN=N3,1484
drug_41b4fb346e678c92c686,Technetium Tc-99m mebrofenin,technetium tc-99m mebrofenin,172866200,CC1=CC(=C(C(=C1NC(=O)CN(CC(=O)[O-])CC(=O)[O-])C)Br)C.CC1=CC(=C(C(=C1NC(=O)CN(CC(=O)[O-])CC(=O)[O-])C)Br)C.[Tc+4],CC1=CC(=C(C(=C1NC(=O)CN(CC(=O)[O-])CC(=O)[O-])C)Br)C.CC1=CC(=C(C(=C1NC(=O)CN(CC(=O)[O-])CC(=O)[O-])C)Br)C.[99Tc+4],1485
drug_14ee0c444a98c2fae184,Technetium Tc-99m medronate,technetium tc-99m medronate,90478980,C(P(=O)([O-])[O-])P(=O)([O-])[O-].O.O.[Tc+4],C(P(=O)([O-])[O-])P(=O)([O-])[O-].O.O.[99Tc+4],1486
drug_69bbb91bf427a46bdd3f,Technetium Tc-99m sestamibi,technetium tc-99m sestamibi,22617237,CC(C)(C[N+]#[C-])OC.CC(C)(C[N+]#[C-])OC.CC(C)(C[N+]#[C-])OC.CC(C)(C[N+]#[C-])OC.CC(C)(C[N+]#[C-])OC.CC(C)(C[N+]#[C-])OC.[Tc],CC(C)(C[N+]#[C-])OC.CC(C)(C[N+]#[C-])OC.CC(C)(C[N+]#[C-])OC.CC(C)(C[N+]#[C-])OC.CC(C)(C[N+]#[C-])OC.CC(C)(C[N+]#[C-])OC.[Tc],1487
drug_fe6df66e9929ce7391db,Tedizolid phosphate,tedizolid phosphate,11476460,CN1N=C(N=N1)C2=NC=C(C=C2)C3=C(C=C(C=C3)N4CC(OC4=O)COP(=O)(O)O)F,CN1N=C(N=N1)C2=NC=C(C=C2)C3=C(C=C(C=C3)N4C[C@@H](OC4=O)COP(=O)(O)O)F,1488
drug_e5ecbbe1f0c2666e35ff,Tegafur,tegafur,5386,C1CC(OC1)N2C=C(C(=O)NC2=O)F,C1CC(OC1)N2C=C(C(=O)NC2=O)F,1489
drug_8e0f1deb37d0a7aeb47c,Telaprevir,telaprevir,3010818,CCCC(C(=O)C(=O)NC1CC1)NC(=O)C2C3CCCC3CN2C(=O)C(C(C)(C)C)NC(=O)C(C4CCCCC4)NC(=O)C5=NC=CN=C5,CCC[C@@H](C(=O)C(=O)NC1CC1)NC(=O)[C@@H]2[C@H]3CCC[C@H]3CN2C(=O)[C@H](C(C)(C)C)NC(=O)[C@H](C4CCCCC4)NC(=O)C5=NC=CN=C5,1490
drug_362fee28be59a890ff43,Telavancin,telavancin,3081362,CCCCCCCCCCNCCNC1(CC(OC(C1O)C)OC2C(C(C(OC2OC3=C4C=C5C=C3OC6=C(C=C(C=C6)C(C(C(=O)NC(C(=O)NC5C(=O)NC7C8=CC(=C(C=C8)O)C9=C(C(=C(C=C9C(NC(=O)C(C(C1=CC(=C(O4)C=C1)Cl)O)NC7=O)C(=O)O)O)CNCP(=O)(O)O)O)CC(=O)N)NC(=O)C(CC(C)C)NC)O)Cl)CO)O)O)C,CCCCCCCCCCNCCN[C@]1(C[C@@H](O[C@H]([C@H]1O)C)O[C@@H]2[C@H]([C@@H]([C@H](O[C@H]2OC3=C4C=C5C=C3OC6=C(C=C(C=C6)[C@H]([C@H](C(=O)N[C@H](C(=O)N[C@H]5C(=O)N[C@@H]7C8=CC(=C(C=C8)O)C9=C(C(=C(C=C9[C@H](NC(=O)[C@H]([C@@H](C1=CC(=C(O4)C=C1)Cl)O)NC7=O)C(=O)O)O)CNCP(=O)(O)O)O)CC(=O)N)NC(=O)[C@@H](CC(C)C)NC)O)Cl)CO)O)O)C,1491
drug_6a11ceeabaf4a7976e0f,Telithromycin,telithromycin,3002190,CCC1C2(C(C(C(=O)C(CC(C(C(C(=O)C(C(=O)O1)C)C)OC3C(C(CC(O3)C)N(C)C)O)(C)OC)C)C)N(C(=O)O2)CCCCN4C=C(N=C4)C5=CN=CC=C5)C,CC[C@@H]1[C@@]2([C@@H]([C@H](C(=O)[C@@H](C[C@@]([C@@H]([C@H](C(=O)[C@H](C(=O)O1)C)C)O[C@H]3[C@@H]([C@H](C[C@H](O3)C)N(C)C)O)(C)OC)C)C)N(C(=O)O2)CCCCN4C=C(N=C4)C5=CN=CC=C5)C,1492
drug_65aeaf9dda5b365d8186,Telmisartan,telmisartan,65999,CCCC1=NC2=C(N1CC3=CC=C(C=C3)C4=CC=CC=C4C(=O)O)C=C(C=C2C)C5=NC6=CC=CC=C6N5C,CCCC1=NC2=C(N1CC3=CC=C(C=C3)C4=CC=CC=C4C(=O)O)C=C(C=C2C)C5=NC6=CC=CC=C6N5C,1493
drug_6378d323a5a11b1a1c52,Temazepam,temazepam,5391,CN1C2=C(C=C(C=C2)Cl)C(=NC(C1=O)O)C3=CC=CC=C3,CN1C2=C(C=C(C=C2)Cl)C(=NC(C1=O)O)C3=CC=CC=C3,1494
drug_8ac15638cfd337431a6a,Temoporfin,temoporfin,60751,C1CC2=NC1=C(C3=CC=C(N3)C(=C4C=CC(=N4)C(=C5C=CC(=C2C6=CC(=CC=C6)O)N5)C7=CC(=CC=C7)O)C8=CC(=CC=C8)O)C9=CC(=CC=C9)O,C1CC2=NC1=C(C3=CC=C(N3)C(=C4C=CC(=N4)C(=C5C=CC(=C2C6=CC(=CC=C6)O)N5)C7=CC(=CC=C7)O)C8=CC(=CC=C8)O)C9=CC(=CC=C9)O,1495
drug_fb2da1061985c6403702,Temozolomide,temozolomide,5394,CN1C(=O)N2C=NC(=C2N=N1)C(=O)N,CN1C(=O)N2C=NC(=C2N=N1)C(=O)N,1496
drug_6f5b27ad749271ba6c82,Temsirolimus,temsirolimus,6918289,CC1CCC2CC(C(=CC=CC=CC(CC(C(=O)C(C(C(=CC(C(=O)CC(OC(=O)C3CCCCN3C(=O)C(=O)C1(O2)O)C(C)CC4CCC(C(C4)OC)OC(=O)C(C)(CO)CO)C)C)O)OC)C)C)C)OC,C[C@@H]1CC[C@H]2C[C@@H](/C(=C/C=C/C=C/[C@H](C[C@H](C(=O)[C@@H]([C@@H](/C(=C/[C@H](C(=O)C[C@H](OC(=O)[C@@H]3CCCCN3C(=O)C(=O)[C@@]1(O2)O)[C@H](C)C[C@@H]4CC[C@H]([C@@H](C4)OC)OC(=O)C(C)(CO)CO)C)/C)O)OC)C)C)/C)OC,1497
drug_e4144ae30fb0760812dc,Teniposide,teniposide,452548,COC1=CC(=CC(=C1O)OC)C2C3C(COC3=O)C(C4=CC5=C(C=C24)OCO5)OC6C(C(C7C(O6)COC(O7)C8=CC=CS8)O)O,COC1=CC(=CC(=C1O)OC)[C@H]2[C@@H]3[C@H](COC3=O)[C@@H](C4=CC5=C(C=C24)OCO5)O[C@H]6[C@@H]([C@H]([C@H]7[C@H](O6)CO[C@H](O7)C8=CC=CS8)O)O,1498
drug_83acac199ce6d40f82ef,Tenofovir disoproxil,tenofovir disoproxil,5481350,CC(C)OC(=O)OCOP(=O)(COC(C)CN1C=NC2=C(N=CN=C21)N)OCOC(=O)OC(C)C,C[C@H](CN1C=NC2=C(N=CN=C21)N)OCP(=O)(OCOC(=O)OC(C)C)OCOC(=O)OC(C)C,1499
drug_207cad7d11b779580c23,Tenoxicam,tenoxicam,54677971,CN1C(=C(C2=C(S1(=O)=O)C=CS2)O)C(=O)NC3=CC=CC=N3,CN1C(=C(C2=C(S1(=O)=O)C=CS2)O)C(=O)NC3=CC=CC=N3,1500
drug_8b3e5cba9d45e8f48cff,Terazosin,terazosin,5401,COC1=C(C=C2C(=C1)C(=NC(=N2)N3CCN(CC3)C(=O)C4CCCO4)N)OC,COC1=C(C=C2C(=C1)C(=NC(=N2)N3CCN(CC3)C(=O)C4CCCO4)N)OC,1501
drug_32e17573eaf3a007e588,Terbinafine,terbinafine,1549008,CC(C)(C)C#CC=CCN(C)CC1=CC=CC2=CC=CC=C21,CC(C)(C)C#C/C=C/CN(C)CC1=CC=CC2=CC=CC=C21,1502
drug_2e323a11bf67f1b50354,Terbutaline,terbutaline,5403,CC(C)(C)NCC(C1=CC(=CC(=C1)O)O)O,CC(C)(C)NCC(C1=CC(=CC(=C1)O)O)O,1503
drug_468c26f21d5c536dfa35,Terconazole,terconazole,441383,CC(C)N1CCN(CC1)C2=CC=C(C=C2)OCC3COC(O3)(CN4C=NC=N4)C5=C(C=C(C=C5)Cl)Cl,CC(C)N1CCN(CC1)C2=CC=C(C=C2)OC[C@H]3CO[C@](O3)(CN4C=NC=N4)C5=C(C=C(C=C5)Cl)Cl,1504
drug_a1ca101c30f75305d714,Teriflunomide,teriflunomide,54684141,CC(=C(C#N)C(=O)NC1=CC=C(C=C1)C(F)(F)F)O,C/C(=C(\C#N)/C(=O)NC1=CC=C(C=C1)C(F)(F)F)/O,1505
drug_323406fcaeb6d44d18b4,Terlipressin,terlipressin,72081,C1CC(N(C1)C(=O)C2CSSCC(C(=O)NC(C(=O)NC(C(=O)NC(C(=O)NC(C(=O)N2)CC(=O)N)CCC(=O)N)CC3=CC=CC=C3)CC4=CC=C(C=C4)O)NC(=O)CNC(=O)CNC(=O)CN)C(=O)NC(CCCCN)C(=O)NCC(=O)N,C1C[C@H](N(C1)C(=O)[C@@H]2CSSC[C@@H](C(=O)N[C@H](C(=O)N[C@H](C(=O)N[C@H](C(=O)N[C@H](C(=O)N2)CC(=O)N)CCC(=O)N)CC3=CC=CC=C3)CC4=CC=C(C=C4)O)NC(=O)CNC(=O)CNC(=O)CN)C(=O)N[C@@H](CCCCN)C(=O)NCC(=O)N,1506
drug_162d60b60e81c0019845,Tesamorelin,tesamorelin,16137828,CCC=CCC(=O)NC(CC1=CC=C(C=C1)O)C(=O)NC(C)C(=O)NC(CC(=O)O)C(=O)NC(C)C(=O)NC(C(C)CC)C(=O)NC(CC2=CC=CC=C2)C(=O)NC(C(C)O)C(=O)NC(CC(=O)N)C(=O)NC(CO)C(=O)NC(CC3=CC=C(C=C3)O)C(=O)NC(CCCNC(=N)N)C(=O)NC(CCCCN)C(=O)NC(C(C)C)C(=O)NC(CC(C)C)C(=O)NCC(=O)NC(CCC(=O)N)C(=O)NC(CC(C)C)C(=O)NC(CO)C(=O)NC(C)C(=O)NC(CCCNC(=N)N)C(=O)NC(CCCCN)C(=O)NC(CC(C)C)C(=O)NC(CC(C)C)C(=O)NC(CCC(=O)N)C(=O)NC(CC(=O)O)C(=O)NC(C(C)CC)C(=O)NC(CCSC)C(=O)NC(CO)C(=O)NC(CCCNC(=N)N)C(=O)NC(CCC(=O)N)C(=O)NC(CCC(=O)N)C(=O)NCC(=O)NC(CCC(=O)O)C(=O)NC(CO)C(=O)NC(CC(=O)N)C(=O)NC(CCC(=O)N)C(=O)NC(CCC(=O)O)C(=O)NC(CCCNC(=N)N)C(=O)NCC(=O)NC(C)C(=O)NC(CCCNC(=N)N)C(=O)NC(C)C(=O)NC(CCCNC(=N)N)C(=O)NC(CC(C)C)C(=O)N,CC/C=C/CC(=O)N[C@@H](CC1=CC=C(C=C1)O)C(=O)N[C@@H](C)C(=O)N[C@@H](CC(=O)O)C(=O)N[C@@H](C)C(=O)N[C@@H]([C@@H](C)CC)C(=O)N[C@@H](CC2=CC=CC=C2)C(=O)N[C@@H]([C@@H](C)O)C(=O)N[C@@H](CC(=O)N)C(=O)N[C@@H](CO)C(=O)N[C@@H](CC3=CC=C(C=C3)O)C(=O)N[C@@H](CCCNC(=N)N)C(=O)N[C@@H](CCCCN)C(=O)N[C@@H](C(C)C)C(=O)N[C@@H](CC(C)C)C(=O)NCC(=O)N[C@@H](CCC(=O)N)C(=O)N[C@@H](CC(C)C)C(=O)N[C@@H](CO)C(=O)N[C@@H](C)C(=O)N[C@@H](CCCNC(=N)N)C(=O)N[C@@H](CCCCN)C(=O)N[C@@H](CC(C)C)C(=O)N[C@@H](CC(C)C)C(=O)N[C@@H](CCC(=O)N)C(=O)N[C@@H](CC(=O)O)C(=O)N[C@@H]([C@@H](C)CC)C(=O)N[C@@H](CCSC)C(=O)N[C@@H](CO)C(=O)N[C@@H](CCCNC(=N)N)C(=O)N[C@@H](CCC(=O)N)C(=O)N[C@@H](CCC(=O)N)C(=O)NCC(=O)N[C@@H](CCC(=O)O)C(=O)N[C@@H](CO)C(=O)N[C@@H](CC(=O)N)C(=O)N[C@@H](CCC(=O)N)C(=O)N[C@@H](CCC(=O)O)C(=O)N[C@@H](CCCNC(=N)N)C(=O)NCC(=O)N[C@@H](C)C(=O)N[C@@H](CCCNC(=N)N)C(=O)N[C@@H](C)C(=O)N[C@@H](CCCNC(=N)N)C(=O)N[C@@H](CC(C)C)C(=O)N,1507
drug_45baea48c5bc2c4f1231,Testolactone,testolactone,13769,CC12CCC3C(C1CCC(=O)O2)CCC4=CC(=O)C=CC34C,C[C@]12CC[C@H]3[C@H]([C@@H]1CCC(=O)O2)CCC4=CC(=O)C=C[C@]34C,1508
drug_6e77fd13d538060126f1,Testosterone,testosterone,6013,CC12CCC3C(C1CCC2O)CCC4=CC(=O)CCC34C,C[C@]12CC[C@H]3[C@H]([C@@H]1CC[C@@H]2O)CCC4=CC(=O)CC[C@]34C,1509
drug_dcdb24387cbcdbe4af72,Testosterone propionate,testosterone propionate,5995,CCC(=O)OC1CCC2C1(CCC3C2CCC4=CC(=O)CCC34C)C,CCC(=O)O[C@H]1CC[C@@H]2[C@@]1(CC[C@H]3[C@H]2CCC4=CC(=O)CC[C@]34C)C,1510
drug_36622e4971f6d87d4589,Tetrabenazine,tetrabenazine,6018,CC(C)CC1CN2CCC3=CC(=C(C=C3C2CC1=O)OC)OC,CC(C)CC1CN2CCC3=CC(=C(C=C3C2CC1=O)OC)OC,1511
drug_e7dab447c4a3d0bdc6e3,Tetracaine,tetracaine,5411,CCCCNC1=CC=C(C=C1)C(=O)OCCN(C)C,CCCCNC1=CC=C(C=C1)C(=O)OCCN(C)C,1512
drug_420867420f872e4b0f4f,Tetracosactide,tetracosactide,16129617,CC(C)C(C(=O)NCC(=O)NC(CCCCN)C(=O)NC(CCCCN)C(=O)NC(CCCNC(=N)N)C(=O)NC(CCCNC(=N)N)C(=O)N1CCCC1C(=O)NC(C(C)C)C(=O)NC(CCCCN)C(=O)NC(C(C)C)C(=O)NC(CC2=CC=C(C=C2)O)C(=O)N3CCCC3C(=O)O)NC(=O)C4CCCN4C(=O)C(CCCCN)NC(=O)CNC(=O)C(CC5=CNC6=CC=CC=C65)NC(=O)C(CCCNC(=N)N)NC(=O)C(CC7=CC=CC=C7)NC(=O)C(CC8=CNC=N8)NC(=O)C(CCC(=O)O)NC(=O)C(CCSC)NC(=O)C(CO)NC(=O)C(CC9=CC=C(C=C9)O)NC(=O)C(CO)N,CC(C)[C@@H](C(=O)NCC(=O)N[C@H](CCCCN)C(=O)N[C@H](CCCCN)C(=O)N[C@H](CCCNC(=N)N)C(=O)N[C@H](CCCNC(=N)N)C(=O)N1CCC[C@H]1C(=O)N[C@@H](C(C)C)C(=O)N[C@@H](CCCCN)C(=O)N[C@@H](C(C)C)C(=O)N[C@@H](CC2=CC=C(C=C2)O)C(=O)N3CCC[C@H]3C(=O)O)NC(=O)[C@@H]4CCCN4C(=O)[C@H](CCCCN)NC(=O)CNC(=O)[C@H](CC5=CNC6=CC=CC=C65)NC(=O)[C@H](CCCNC(=N)N)NC(=O)[C@H](CC7=CC=CC=C7)NC(=O)[C@H](CC8=CNC=N8)NC(=O)[C@H](CCC(=O)O)NC(=O)[C@H](CCSC)NC(=O)[C@H](CO)NC(=O)[C@H](CC9=CC=C(C=C9)O)NC(=O)C(CO)N,1513
drug_c5607a3682cb9f613825,Tetracycline,tetracycline,54675776,CC1(C2CC3C(C(=O)C(=C(C3(C(=O)C2=C(C4=C1C=CC=C4O)O)O)O)C(=O)N)N(C)C)O,C[C@@]1([C@H]2C[C@H]3[C@@H](C(=O)C(=C([C@]3(C(=O)C2=C(C4=C1C=CC=C4O)O)O)O)C(=O)N)N(C)C)O,1514
drug_0a594d9dab3129a3ebc8,Tetryzoline,tetryzoline,5419,C1CC(C2=CC=CC=C2C1)C3=NCCN3,C1CC(C2=CC=CC=C2C1)C3=NCCN3,1515
drug_673987dca653ececca7c,Thalidomide,thalidomide,5426,C1CC(=O)NC(=O)C1N2C(=O)C3=CC=CC=C3C2=O,C1CC(=O)NC(=O)C1N2C(=O)C3=CC=CC=C3C2=O,1516
drug_ddd84a1a014bd83d1f7f,Theobromine,theobromine,5429,CN1C=NC2=C1C(=O)NC(=O)N2C,CN1C=NC2=C1C(=O)NC(=O)N2C,1517
drug_d9c08df49a7d1cd8bd91,Theophylline,theophylline,2153,CN1C2=C(C(=O)N(C1=O)C)NC=N2,CN1C2=C(C(=O)N(C1=O)C)NC=N2,1518
drug_e176d6c310d642a21fc6,Thiabendazole,thiabendazole,5430,C1=CC=C2C(=C1)NC(=N2)C3=CSC=N3,C1=CC=C2C(=C1)NC(=N2)C3=CSC=N3,1519
drug_6fd5e124a729280f3af1,Thiamine,thiamine,1130,CC1=C(SC=[N+]1CC2=CN=C(N=C2N)C)CCO,CC1=C(SC=[N+]1CC2=CN=C(N=C2N)C)CCO,1520
drug_6b0182077962811c45df,Thiamylal,thiamylal,3032285,CCCC(C)C1(C(=O)NC(=S)NC1=O)CC=C,CCCC(C)C1(C(=O)NC(=S)NC1=O)CC=C,1521
drug_2760a09ed24b8b7197dc,Thiopental,thiopental,3000715,CCCC(C)C1(C(=O)NC(=S)NC1=O)CC,CCCC(C)C1(C(=O)NC(=S)NC1=O)CC,1522
drug_6730a9a2ce1960903634,Thioproperazine,thioproperazine,9429,CN1CCN(CC1)CCCN2C3=CC=CC=C3SC4=C2C=C(C=C4)S(=O)(=O)N(C)C,CN1CCN(CC1)CCCN2C3=CC=CC=C3SC4=C2C=C(C=C4)S(=O)(=O)N(C)C,1523
drug_d073be0c7cbbbaad8ad7,Thioridazine,thioridazine,5452,CN1CCCCC1CCN2C3=CC=CC=C3SC4=C2C=C(C=C4)SC,CN1CCCCC1CCN2C3=CC=CC=C3SC4=C2C=C(C=C4)SC,1524
drug_04cf5b50827f1efbba0b,Thiosulfuric acid,thiosulfuric acid,24478,OS(=O)(=S)O,OS(=O)(=S)O,1525
drug_3ba8e0a2c96fa00bcb73,Thiotepa,thiotepa,5453,C1CN1P(=S)(N2CC2)N3CC3,C1CN1P(=S)(N2CC2)N3CC3,1526
drug_a49f227895e01a2d86ea,Thiothixene,thiothixene,941651,CN1CCN(CC1)CCC=C2C3=CC=CC=C3SC4=C2C=C(C=C4)S(=O)(=O)N(C)C,CN1CCN(CC1)CC/C=C\2/C3=CC=CC=C3SC4=C2C=C(C=C4)S(=O)(=O)N(C)C,1527
drug_7a9bc8673d8afb1ece8d,Thonzylamine,thonzylamine,5457,CN(C)CCN(CC1=CC=C(C=C1)OC)C2=NC=CC=N2,CN(C)CCN(CC1=CC=C(C=C1)OC)C2=NC=CC=N2,1528
drug_bb8411a15dbc1b30d24c,Thymol,thymol,6989,CC1=CC(=C(C=C1)C(C)C)O,CC1=CC(=C(C=C1)C(C)C)O,1529
drug_d2037a4644ae9f458488,Tiagabine,tiagabine,60648,CC1=C(SC=C1)C(=CCCN2CCCC(C2)C(=O)O)C3=C(C=CS3)C,CC1=C(SC=C1)C(=CCCN2CCC[C@H](C2)C(=O)O)C3=C(C=CS3)C,1530
drug_06845ad42c8c0f27d793,Tianeptine,tianeptine,68870,CN1C2=CC=CC=C2C(C3=C(S1(=O)=O)C=C(C=C3)Cl)NCCCCCCC(=O)O,CN1C2=CC=CC=C2C(C3=C(S1(=O)=O)C=C(C=C3)Cl)NCCCCCCC(=O)O,1531
drug_5564aa9466931ce470a8,Tiapride,tiapride,5467,CCN(CC)CCNC(=O)C1=C(C=CC(=C1)S(=O)(=O)C)OC,CCN(CC)CCNC(=O)C1=C(C=CC(=C1)S(=O)(=O)C)OC,1532
drug_1a7ddaebca9a05461b13,Tiaprofenic acid,tiaprofenic acid,5468,CC(C1=CC=C(S1)C(=O)C2=CC=CC=C2)C(=O)O,CC(C1=CC=C(S1)C(=O)C2=CC=CC=C2)C(=O)O,1533
drug_ce41d0c09e906189f9f6,Tibolone,tibolone,444008,CC1CC2=C(CCC(=O)C2)C3C1C4CCC(C4(CC3)C)(C#C)O,C[C@@H]1CC2=C(CCC(=O)C2)[C@@H]3[C@@H]1[C@@H]4CC[C@]([C@]4(CC3)C)(C#C)O,1534
drug_fa67dc161f178150d584,Ticagrelor,ticagrelor,9871419,CCCSC1=NC(=C2C(=N1)N(N=N2)C3CC(C(C3O)O)OCCO)NC4CC4C5=CC(=C(C=C5)F)F,CCCSC1=NC(=C2C(=N1)N(N=N2)[C@@H]3C[C@@H]([C@H]([C@H]3O)O)OCCO)N[C@@H]4C[C@H]4C5=CC(=C(C=C5)F)F,1535
drug_5199c044542788dfb1b2,Ticarcillin,ticarcillin,36921,CC1(C(N2C(S1)C(C2=O)NC(=O)C(C3=CSC=C3)C(=O)O)C(=O)O)C,CC1([C@@H](N2[C@H](S1)[C@@H](C2=O)NC(=O)[C@@H](C3=CSC=C3)C(=O)O)C(=O)O)C,1536
drug_783dbde33fec9df3b814,Ticlopidine,ticlopidine,5472,C1CN(CC2=C1SC=C2)CC3=CC=CC=C3Cl,C1CN(CC2=C1SC=C2)CC3=CC=CC=C3Cl,1537
drug_d5128f1fbf5dfccfa7a1,Tigecycline,tigecycline,54686904,CC(C)(C)NCC(=O)NC1=CC(=C2CC3CC4C(C(=O)C(=C(C4(C(=O)C3=C(C2=C1O)O)O)O)C(=O)N)N(C)C)N(C)C,CC(C)(C)NCC(=O)NC1=CC(=C2C[C@H]3C[C@H]4[C@@H](C(=O)C(=C([C@]4(C(=O)C3=C(C2=C1O)O)O)O)C(=O)N)N(C)C)N(C)C,1538
drug_48b151acb9d9a78dda5d,Tiludronic acid,tiludronic acid,60937,C1=CC(=CC=C1SC(P(=O)(O)O)P(=O)(O)O)Cl,C1=CC(=CC=C1SC(P(=O)(O)O)P(=O)(O)O)Cl,1539
drug_5f78b04a6e7972201aea,Timolol,timolol,33624,CC(C)(C)NCC(COC1=NSN=C1N2CCOCC2)O,CC(C)(C)NC[C@@H](COC1=NSN=C1N2CCOCC2)O,1540
drug_fcd8e5922f8c4cb77b11,Tinidazole,tinidazole,5479,CCS(=O)(=O)CCN1C(=NC=C1[N+](=O)[O-])C,CCS(=O)(=O)CCN1C(=NC=C1[N+](=O)[O-])C,1541
drug_0beb5facd7fd2c96c614,Tioconazole,tioconazole,5482,C1=CC(=C(C=C1Cl)Cl)C(CN2C=CN=C2)OCC3=C(SC=C3)Cl,C1=CC(=C(C=C1Cl)Cl)C(CN2C=CN=C2)OCC3=C(SC=C3)Cl,1542
drug_88504cbc4d23013e4ed7,Tioguanine,tioguanine,2723601,C1=NC2=C(N1)C(=S)N=C(N2)N,C1=NC2=C(N1)C(=S)N=C(N2)N,1543
drug_d201b54a47ee3f2a27a7,Tiotropium,tiotropium,5487427,C[N+]1(C2CC(CC1C3C2O3)OC(=O)C(C4=CC=CS4)(C5=CC=CS5)O)C,C[N+]1([C@@H]2CC(C[C@H]1[C@H]3[C@@H]2O3)OC(=O)C(C4=CC=CS4)(C5=CC=CS5)O)C,1544
drug_12b4b54bc72e87668555,Tipiracil,tipiracil,6323266,C1CC(=N)N(C1)CC2=C(C(=O)NC(=O)N2)Cl,C1CC(=N)N(C1)CC2=C(C(=O)NC(=O)N2)Cl,1545
drug_557eb939f4f8308c4678,Tipranavir,tipranavir,54682461,CCCC1(CC(=C(C(=O)O1)C(CC)C2=CC(=CC=C2)NS(=O)(=O)C3=NC=C(C=C3)C(F)(F)F)O)CCC4=CC=CC=C4,CCC[C@]1(CC(=C(C(=O)O1)[C@H](CC)C2=CC(=CC=C2)NS(=O)(=O)C3=NC=C(C=C3)C(F)(F)F)O)CCC4=CC=CC=C4,1546
drug_8d8f96081d44f2d4c7ae,Tirofiban,tirofiban,60947,CCCCS(=O)(=O)NC(CC1=CC=C(C=C1)OCCCCC2CCNCC2)C(=O)O,CCCCS(=O)(=O)N[C@@H](CC1=CC=C(C=C1)OCCCCC2CCNCC2)C(=O)O,1547
drug_9bd3c18235bcf2915792,Titanium dioxide,titanium dioxide,26042,O=[Ti]=O,O=[Ti]=O,1548
drug_0747af239138042c9843,Tixocortol,tixocortol,162955,CC12CCC(=O)C=C1CCC3C2C(CC4(C3CCC4(C(=O)CS)O)C)O,C[C@]12CCC(=O)C=C1CC[C@@H]3[C@@H]2[C@H](C[C@]4([C@H]3CC[C@@]4(C(=O)CS)O)C)O,1549
drug_c7ac0cf149ff92af268b,Tizanidine,tizanidine,5487,C1CN=C(N1)NC2=C(C=CC3=NSN=C32)Cl,C1CN=C(N1)NC2=C(C=CC3=NSN=C32)Cl,1550
drug_ffa0567ed9fa1867534d,Tobramycin,tobramycin,36294,C1C(C(C(C(C1N)OC2C(C(C(C(O2)CO)O)N)O)O)OC3C(CC(C(O3)CN)O)N)N,C1[C@@H]([C@H]([C@@H]([C@H]([C@@H]1N)O[C@@H]2[C@@H]([C@H]([C@@H]([C@H](O2)CO)O)N)O)O)O[C@@H]3[C@@H](C[C@@H]([C@H](O3)CN)O)N)N,1551
drug_ee14ba0cb61168fda6f9,Tofacitinib,tofacitinib,9926791,CC1CCN(CC1N(C)C2=NC=NC3=C2C=CN3)C(=O)CC#N,C[C@@H]1CCN(C[C@@H]1N(C)C2=NC=NC3=C2C=CN3)C(=O)CC#N,1552
drug_fda54bf55a8ec6156ce4,Tofisopam,tofisopam,5502,CCC1C(=NN=C(C2=CC(=C(C=C12)OC)OC)C3=CC(=C(C=C3)OC)OC)C,CCC1C(=NN=C(C2=CC(=C(C=C12)OC)OC)C3=CC(=C(C=C3)OC)OC)C,1553
drug_ce49effad24bccf26320,Tolazamide,tolazamide,5503,CC1=CC=C(C=C1)S(=O)(=O)NC(=O)NN2CCCCCC2,CC1=CC=C(C=C1)S(=O)(=O)NC(=O)NN2CCCCCC2,1554
drug_cf749f684ca496765145,Tolazoline,tolazoline,5504,C1CN=C(N1)CC2=CC=CC=C2,C1CN=C(N1)CC2=CC=CC=C2,1555
drug_c31bb507e6261bbde3af,Tolbutamide,tolbutamide,5505,CCCCNC(=O)NS(=O)(=O)C1=CC=C(C=C1)C,CCCCNC(=O)NS(=O)(=O)C1=CC=C(C=C1)C,1556
drug_ccc39238a078b7620d70,Tolcapone,tolcapone,4659569,CC1=CC=C(C=C1)C(=O)C2=CC(=C(C(=C2)O)O)[N+](=O)[O-],CC1=CC=C(C=C1)C(=O)C2=CC(=C(C(=C2)O)O)[N+](=O)[O-],1557
drug_f9caf46122bdbb85ad70,Tolfenamic acid,tolfenamic acid,610479,CC1=C(C=CC=C1Cl)NC2=CC=CC=C2C(=O)O,CC1=C(C=CC=C1Cl)NC2=CC=CC=C2C(=O)O,1558
drug_cb4969ba72dc0de37f59,Tolmetin,tolmetin,5509,CC1=CC=C(C=C1)C(=O)C2=CC=C(N2C)CC(=O)O,CC1=CC=C(C=C1)C(=O)C2=CC=C(N2C)CC(=O)O,1559
drug_0cfc6adc2adf78a4ad8f,Tolnaftate,tolnaftate,5510,CC1=CC(=CC=C1)N(C)C(=S)OC2=CC3=CC=CC=C3C=C2,CC1=CC(=CC=C1)N(C)C(=S)OC2=CC3=CC=CC=C3C=C2,1560
drug_e2445edb1d4428133172,Toloxatone,toloxatone,34521,CC1=CC(=CC=C1)N2CC(OC2=O)CO,CC1=CC(=CC=C1)N2CC(OC2=O)CO,1561
drug_e47d61791ae8dc37dd4b,Tolperisone,tolperisone,5511,CC1=CC=C(C=C1)C(=O)C(C)CN2CCCCC2,CC1=CC=C(C=C1)C(=O)C(C)CN2CCCCC2,1562
drug_3fb0d96f4b3a1fe20fd5,Tolterodine,tolterodine,443879,CC1=CC(=C(C=C1)O)C(CCN(C(C)C)C(C)C)C2=CC=CC=C2,CC1=CC(=C(C=C1)O)[C@H](CCN(C(C)C)C(C)C)C2=CC=CC=C2,1563
drug_885e09576102eb49a91b,Tolvaptan,tolvaptan,216237,CC1=CC=CC=C1C(=O)NC2=CC(=C(C=C2)C(=O)N3CCCC(C4=C3C=CC(=C4)Cl)O)C,CC1=CC=CC=C1C(=O)NC2=CC(=C(C=C2)C(=O)N3CCCC(C4=C3C=CC(=C4)Cl)O)C,1564
drug_99b797b65414a228aa43,Topiramate,topiramate,5284627,CC1(OC2COC3(C(C2O1)OC(O3)(C)C)COS(=O)(=O)N)C,CC1(O[C@@H]2CO[C@@]3([C@H]([C@@H]2O1)OC(O3)(C)C)COS(=O)(=O)N)C,1565
drug_8ce61b80e0e03ebe8357,Topiroxostat,topiroxostat,5288320,C1=CN=CC=C1C2=NC(=NN2)C3=CC(=NC=C3)C#N,C1=CN=CC=C1C2=NC(=NN2)C3=CC(=NC=C3)C#N,1566
drug_f2acc05c4cdb1da75cac,Topotecan,topotecan,60700,CCC1(C2=C(COC1=O)C(=O)N3CC4=CC5=C(C=CC(=C5CN(C)C)O)N=C4C3=C2)O,CC[C@@]1(C2=C(COC1=O)C(=O)N3CC4=CC5=C(C=CC(=C5CN(C)C)O)N=C4C3=C2)O,1567
drug_7dadbe23dd5765de84b7,Torasemide,torasemide,41781,CC1=CC(=CC=C1)NC2=C(C=NC=C2)S(=O)(=O)NC(=O)NC(C)C,CC1=CC(=CC=C1)NC2=C(C=NC=C2)S(=O)(=O)NC(=O)NC(C)C,1568
drug_6f3845a5f42558c24ad9,Toremifene,toremifene,3005573,CN(C)CCOC1=CC=C(C=C1)C(=C(CCCl)C2=CC=CC=C2)C3=CC=CC=C3,CN(C)CCOC1=CC=C(C=C1)/C(=C(/CCCl)\C2=CC=CC=C2)/C3=CC=CC=C3,1569
drug_0dcba98352cf7c020249,Trabectedin,trabectedin,108150,CC1=CC2=C(C3C4C5C6=C(C(=C7C(=C6C(N4C(C(C2)N3C)O)COC(=O)C8(CS5)C9=CC(=C(C=C9CCN8)O)OC)OCO7)C)OC(=O)C)C(=C1OC)O,CC1=CC2=C([C@@H]3[C@@H]4[C@H]5C6=C(C(=C7C(=C6[C@@H](N4[C@H]([C@H](C2)N3C)O)COC(=O)[C@@]8(CS5)C9=CC(=C(C=C9CCN8)O)OC)OCO7)C)OC(=O)C)C(=C1OC)O,1570
drug_f58878dfeab8699294af,Tramadol,tramadol,33741,CN(C)CC1CCCCC1(C2=CC(=CC=C2)OC)O,CN(C)C[C@H]1CCCC[C@@]1(C2=CC(=CC=C2)OC)O,1571
drug_fd739ca975f33ed73b7b,Trametinib,trametinib,11707110,CC1=C2C(=C(N(C1=O)C)NC3=C(C=C(C=C3)I)F)C(=O)N(C(=O)N2C4=CC=CC(=C4)NC(=O)C)C5CC5,CC1=C2C(=C(N(C1=O)C)NC3=C(C=C(C=C3)I)F)C(=O)N(C(=O)N2C4=CC=CC(=C4)NC(=O)C)C5CC5,1572
drug_812755f92c06cd67e198,Trandolapril,trandolapril,5484727,CCOC(=O)C(CCC1=CC=CC=C1)NC(C)C(=O)N2C3CCCCC3CC2C(=O)O,CCOC(=O)[C@H](CCC1=CC=CC=C1)N[C@@H](C)C(=O)N2[C@H]3CCCC[C@@H]3C[C@H]2C(=O)O,1573
drug_fc30c3873522f71e1ef9,Tranexamic acid,tranexamic acid,5526,C1CC(CCC1CN)C(=O)O,C1CC(CCC1CN)C(=O)O,1574
drug_c5b0ef071ad52ed22f5f,Tranilast,tranilast,5282230,COC1=C(C=C(C=C1)C=CC(=O)NC2=CC=CC=C2C(=O)O)OC,COC1=C(C=C(C=C1)/C=C/C(=O)NC2=CC=CC=C2C(=O)O)OC,1575
drug_09f7dc075d9e66b23392,Tranylcypromine,tranylcypromine,5530,C1C(C1N)C2=CC=CC=C2,C1C(C1N)C2=CC=CC=C2,1576
drug_6894b6b68423aaef1b8b,Trapidil,trapidil,5531,CCN(CC)C1=CC(=NC2=NC=NN12)C,CCN(CC)C1=CC(=NC2=NC=NN12)C,1577
drug_5d68f2426cd9746d56a1,Travoprost,travoprost,5282226,CC(C)OC(=O)CCCC=CCC1C(CC(C1C=CC(COC2=CC=CC(=C2)C(F)(F)F)O)O)O,CC(C)OC(=O)CCC/C=C\C[C@H]1[C@H](C[C@H]([C@@H]1/C=C/[C@H](COC2=CC=CC(=C2)C(F)(F)F)O)O)O,1578
drug_e8e6702c14914c566f2e,Trazodone,trazodone,5533,C1CN(CCN1CCCN2C(=O)N3C=CC=CC3=N2)C4=CC(=CC=C4)Cl,C1CN(CCN1CCCN2C(=O)N3C=CC=CC3=N2)C4=CC(=CC=C4)Cl,1579
drug_18e61c74bde865486608,Treprostinil,treprostinil,6918140,CCCCCC(CCC1C(CC2C1CC3=C(C2)C(=CC=C3)OCC(=O)O)O)O,CCCCC[C@@H](CC[C@H]1[C@@H](C[C@H]2[C@@H]1CC3=C(C2)C(=CC=C3)OCC(=O)O)O)O,1580
drug_a9a86807c98a5e52b052,Tretinoin,tretinoin,444795,CC1=C(C(CCC1)(C)C)C=CC(=CC=CC(=CC(=O)O)C)C,CC1=C(C(CCC1)(C)C)/C=C/C(=C/C=C/C(=C/C(=O)O)/C)/C,1581
drug_fce2eb5ed741e651b498,Triamcinolone,triamcinolone,31307,CC12CC(C3(C(C1CC(C2(C(=O)CO)O)O)CCC4=CC(=O)C=CC43C)F)O,C[C@]12C[C@@H]([C@]3([C@H]([C@@H]1C[C@H]([C@@]2(C(=O)CO)O)O)CCC4=CC(=O)C=C[C@@]43C)F)O,1582
drug_e4080c130ddc818ed4b2,Triamterene,triamterene,5546,C1=CC=C(C=C1)C2=NC3=C(N=C(N=C3N=C2N)N)N,C1=CC=C(C=C1)C2=NC3=C(N=C(N=C3N=C2N)N)N,1583
drug_dd79bede1f42b6c3ceb4,Triazolam,triazolam,5556,CC1=NN=C2N1C3=C(C=C(C=C3)Cl)C(=NC2)C4=CC=CC=C4Cl,CC1=NN=C2N1C3=C(C=C(C=C3)Cl)C(=NC2)C4=CC=CC=C4Cl,1584
drug_9f1246b3436158bb6e15,Trichlormethiazide,trichlormethiazide,5560,C1=C2C(=CC(=C1Cl)S(=O)(=O)N)S(=O)(=O)NC(N2)C(Cl)Cl,C1=C2C(=CC(=C1Cl)S(=O)(=O)N)S(=O)(=O)NC(N2)C(Cl)Cl,1585
drug_f52fd993be693a8b010a,Trichloroethylene,trichloroethylene,6575,C(=C(Cl)Cl)Cl,C(=C(Cl)Cl)Cl,1586
drug_83746234b593cbe7cef1,Triethylenetetramine,triethylenetetramine,5565,C(CNCCNCCN)N,C(CNCCNCCN)N,1587
drug_8a9648941c825a4c3b36,Trifluoperazine,trifluoperazine,5566,CN1CCN(CC1)CCCN2C3=CC=CC=C3SC4=C2C=C(C=C4)C(F)(F)F,CN1CCN(CC1)CCCN2C3=CC=CC=C3SC4=C2C=C(C=C4)C(F)(F)F,1588
drug_044e66c0740f7dc5af98,Triflupromazine,triflupromazine,5568,CN(C)CCCN1C2=CC=CC=C2SC3=C1C=C(C=C3)C(F)(F)F,CN(C)CCCN1C2=CC=CC=C2SC3=C1C=C(C=C3)C(F)(F)F,1589
drug_7e2f602493ffdc209bda,Trifluridine,trifluridine,6256,C1C(C(OC1N2C=C(C(=O)NC2=O)C(F)(F)F)CO)O,C1[C@@H]([C@H](O[C@H]1N2C=C(C(=O)NC2=O)C(F)(F)F)CO)O,1590
drug_af9f254411a613919572,Triflusal,triflusal,9458,CC(=O)OC1=C(C=CC(=C1)C(F)(F)F)C(=O)O,CC(=O)OC1=C(C=CC(=C1)C(F)(F)F)C(=O)O,1591
drug_98608dccd808b2355501,Trihexyphenidyl,trihexyphenidyl,5572,C1CCC(CC1)C(CCN2CCCCC2)(C3=CC=CC=C3)O,C1CCC(CC1)C(CCN2CCCCC2)(C3=CC=CC=C3)O,1592
drug_fbfac1a6bd7932d40eee,Trilostane,trilostane,656583,CC12CCC3C(C1CCC2O)CCC45C3(CC(=C(C4O5)O)C#N)C,C[C@]12CC[C@H]3[C@H]([C@@H]1CC[C@@H]2O)CC[C@]45[C@@]3(CC(=C([C@H]4O5)O)C#N)C,1593
drug_afd3b9c66141c9ec18db,Trimetazidine,trimetazidine,21109,COC1=C(C(=C(C=C1)CN2CCNCC2)OC)OC,COC1=C(C(=C(C=C1)CN2CCNCC2)OC)OC,1594
drug_c62fa5ef4dfa0d71c838,Trimethadione,trimethadione,5576,CC1(C(=O)N(C(=O)O1)C)C,CC1(C(=O)N(C(=O)O1)C)C,1595
drug_58a7ca1057bba31de1d1,Trimethaphan,trimethaphan,23576,C1CC2C3C(C[S+]2C1)N(C(=O)N3CC4=CC=CC=C4)CC5=CC=CC=C5,C1CC2C3C(C[S+]2C1)N(C(=O)N3CC4=CC=CC=C4)CC5=CC=CC=C5,1596
drug_28a59f41b519c94053ab,Trimethobenzamide,trimethobenzamide,5577,CN(C)CCOC1=CC=C(C=C1)CNC(=O)C2=CC(=C(C(=C2)OC)OC)OC,CN(C)CCOC1=CC=C(C=C1)CNC(=O)C2=CC(=C(C(=C2)OC)OC)OC,1597
drug_ae9bb0d1345aecf21bae,Trimethoprim,trimethoprim,5578,COC1=CC(=CC(=C1OC)OC)CC2=CN=C(N=C2N)N,COC1=CC(=CC(=C1OC)OC)CC2=CN=C(N=C2N)N,1598
drug_bf2094e891413353adbf,Trimetrexate,trimetrexate,5583,CC1=C(C=CC2=C1C(=NC(=N2)N)N)CNC3=CC(=C(C(=C3)OC)OC)OC,CC1=C(C=CC2=C1C(=NC(=N2)N)N)CNC3=CC(=C(C(=C3)OC)OC)OC,1599
drug_87ffe2aa7df6fce371f6,Trimipramine,trimipramine,5584,CC(CN1C2=CC=CC=C2CCC3=CC=CC=C31)CN(C)C,CC(CN1C2=CC=CC=C2CCC3=CC=CC=C31)CN(C)C,1600
drug_f584196c5d4a0dd63566,Trioxsalen,trioxsalen,5585,CC1=CC(=O)OC2=C1C=C3C=C(OC3=C2C)C,CC1=CC(=O)OC2=C1C=C3C=C(OC3=C2C)C,1601
drug_0c9957382909561230a5,Tripelennamine,tripelennamine,5587,CN(C)CCN(CC1=CC=CC=C1)C2=CC=CC=N2,CN(C)CCN(CC1=CC=CC=C1)C2=CC=CC=N2,1602
drug_fe7099411571539a3d45,Triprolidine,triprolidine,5282443,CC1=CC=C(C=C1)C(=CCN2CCCC2)C3=CC=CC=N3,CC1=CC=C(C=C1)/C(=C\CN2CCCC2)/C3=CC=CC=N3,1603
drug_ce99d4d07bc28051c305,Triptorelin,triptorelin,25074470,CC(C)CC(C(=O)NC(CCCN=C(N)N)C(=O)N1CCCC1C(=O)NCC(=O)N)NC(=O)C(CC2=CNC3=CC=CC=C32)NC(=O)C(CC4=CC=C(C=C4)O)NC(=O)C(CO)NC(=O)C(CC5=CNC6=CC=CC=C65)NC(=O)C(CC7=CN=CN7)NC(=O)C8CCC(=O)N8,CC(C)C[C@@H](C(=O)N[C@@H](CCCN=C(N)N)C(=O)N1CCC[C@H]1C(=O)NCC(=O)N)NC(=O)[C@@H](CC2=CNC3=CC=CC=C32)NC(=O)[C@H](CC4=CC=C(C=C4)O)NC(=O)[C@H](CO)NC(=O)[C@H](CC5=CNC6=CC=CC=C65)NC(=O)[C@H](CC7=CN=CN7)NC(=O)[C@@H]8CCC(=O)N8,1604
drug_50a466d3387711042616,Trolamine,trolamine,7618,C(CO)N(CCO)CCO,C(CO)N(CCO)CCO,1605
drug_d366f0eaf4287a5d2eb2,Trolamine salicylate,trolamine salicylate,25213,C1=CC=C(C(=C1)C(=O)O)O.C(CO)N(CCO)CCO,C1=CC=C(C(=C1)C(=O)O)O.C(CO)N(CCO)CCO,1606
drug_31ef842c764728f63650,Troleandomycin,troleandomycin,202225,CC1CC(C(C(O1)OC2C(CC3(CO3)C(=O)C(C(C(C(OC(=O)C(C(C2C)OC4CC(C(C(O4)C)OC(=O)C)OC)C)C)C)OC(=O)C)C)C)OC(=O)C)N(C)C,C[C@@H]1C[C@@H]([C@H]([C@@H](O1)O[C@H]2[C@H](C[C@@]3(CO3)C(=O)[C@@H]([C@H]([C@H]([C@H](OC(=O)[C@@H]([C@H]([C@@H]2C)O[C@H]4C[C@@H]([C@H]([C@@H](O4)C)OC(=O)C)OC)C)C)C)OC(=O)C)C)C)OC(=O)C)N(C)C,1607
drug_1cdc9c34f3a9d488766e,Tromethamine,tromethamine,6503,C(C(CO)(CO)N)O,C(C(CO)(CO)N)O,1608
drug_9df4c80f82380b0df733,Tropicamide,tropicamide,5593,CCN(CC1=CC=NC=C1)C(=O)C(CO)C2=CC=CC=C2,CCN(CC1=CC=NC=C1)C(=O)C(CO)C2=CC=CC=C2,1609
drug_1f3d9bb9ff11281fdc9b,Tropisetron,tropisetron,656665,CN1C2CCC1CC(C2)OC(=O)C3=CNC4=CC=CC=C43,CN1[C@@H]2CC[C@H]1CC(C2)OC(=O)C3=CNC4=CC=CC=C43,1610
drug_eb7a03c58660a6da038b,Trospium,trospium,5284632,C1CC[N+]2(C1)C3CCC2CC(C3)OC(=O)C(C4=CC=CC=C4)(C5=CC=CC=C5)O,C1CC[N+]2(C1)[C@@H]3CC[C@H]2CC(C3)OC(=O)C(C4=CC=CC=C4)(C5=CC=CC=C5)O,1611
drug_aaf72a6e3fcc19f1d010,Trovafloxacin,trovafloxacin,62959,C1C2C(C2N)CN1C3=C(C=C4C(=O)C(=CN(C4=N3)C5=C(C=C(C=C5)F)F)C(=O)O)F,C1[C@@H]2[C@@H](C2N)CN1C3=C(C=C4C(=O)C(=CN(C4=N3)C5=C(C=C(C=C5)F)F)C(=O)O)F,1612
drug_a0184c07db08ebfb0275,Tryptophan,tryptophan,6305,C1=CC=C2C(=C1)C(=CN2)CC(C(=O)O)N,C1=CC=C2C(=C1)C(=CN2)C[C@@H](C(=O)O)N,1613
drug_7ae2b17c2d18645b8eaf,Tubocurarine,tubocurarine,6000,CN1CCC2=CC(=C3C=C2C1CC4=CC=C(C=C4)OC5=C6C(CC7=CC(=C(C=C7)O)O3)[N+](CCC6=CC(=C5O)OC)(C)C)OC,CN1CCC2=CC(=C3C=C2[C@@H]1CC4=CC=C(C=C4)OC5=C6[C@@H](CC7=CC(=C(C=C7)O)O3)[N+](CCC6=CC(=C5O)OC)(C)C)OC,1614
drug_9abb1b0b192ea57b2170,Ubidecarenone,ubidecarenone,5281915,CC1=C(C(=O)C(=C(C1=O)OC)OC)CC=C(C)CCC=C(C)CCC=C(C)CCC=C(C)CCC=C(C)CCC=C(C)CCC=C(C)CCC=C(C)CCC=C(C)CCC=C(C)C,CC1=C(C(=O)C(=C(C1=O)OC)OC)C/C=C(\C)/CC/C=C(\C)/CC/C=C(\C)/CC/C=C(\C)/CC/C=C(\C)/CC/C=C(\C)/CC/C=C(\C)/CC/C=C(\C)/CC/C=C(\C)/CCC=C(C)C,1615
drug_ce6bac2ce33793d3b660,Udenafil,udenafil,135413547,CCCC1=NN(C2=C1N=C(NC2=O)C3=C(C=CC(=C3)S(=O)(=O)NCCC4CCCN4C)OCCC)C,CCCC1=NN(C2=C1N=C(NC2=O)C3=C(C=CC(=C3)S(=O)(=O)NCCC4CCCN4C)OCCC)C,1616
drug_379492110efefc190b63,Ulipristal,ulipristal,13559281,CC(=O)C1(CCC2C1(CC(C3=C4CCC(=O)C=C4CCC23)C5=CC=C(C=C5)N(C)C)C)O,CC(=O)[C@]1(CC[C@@H]2[C@@]1(C[C@@H](C3=C4CCC(=O)C=C4CC[C@@H]23)C5=CC=C(C=C5)N(C)C)C)O,1617
drug_d6bd9902594a8be1d076,Ulobetasol,ulobetasol,5311167,CC1CC2C3CC(C4=CC(=O)C=CC4(C3(C(CC2(C1(C(=O)CCl)O)C)O)F)C)F,C[C@H]1C[C@H]2[C@@H]3C[C@@H](C4=CC(=O)C=C[C@@]4([C@]3([C@H](C[C@@]2([C@]1(C(=O)CCl)O)C)O)F)C)F,1618
drug_2e87936872917c651988,Umeclidinium,umeclidinium,11519070,C1C[N+]2(CCC1(CC2)C(C3=CC=CC=C3)(C4=CC=CC=C4)O)CCOCC5=CC=CC=C5,C1C[N+]2(CCC1(CC2)C(C3=CC=CC=C3)(C4=CC=CC=C4)O)CCOCC5=CC=CC=C5,1619
drug_fabb4229cb9fd73a42f4,Unoprostone,unoprostone,5311236,CCCCCCCC(=O)CCC1C(CC(C1CC=CCCCC(=O)O)O)O,CCCCCCCC(=O)CC[C@H]1[C@@H](C[C@@H]([C@@H]1C/C=C\CCCC(=O)O)O)O,1620
drug_302c2cd32c9befcf41eb,Uracil mustard,uracil mustard,6194,C1=C(C(=O)NC(=O)N1)N(CCCl)CCCl,C1=C(C(=O)NC(=O)N1)N(CCCl)CCCl,1621
drug_63bcf7c153e810fbcf8c,Ursodeoxycholic acid,ursodeoxycholic acid,31401,CC(CCC(=O)O)C1CCC2C1(CCC3C2C(CC4C3(CCC(C4)O)C)O)C,C[C@H](CCC(=O)O)[C@H]1CC[C@@H]2[C@@]1(CC[C@H]3[C@H]2[C@H](C[C@H]4[C@@]3(CC[C@H](C4)O)C)O)C,1622
drug_8fa258e98d700b99b544,Valaciclovir,valaciclovir,135398742,CC(C)C(C(=O)OCCOCN1C=NC2=C1N=C(NC2=O)N)N,CC(C)[C@@H](C(=O)OCCOCN1C=NC2=C1N=C(NC2=O)N)N,1623
drug_565985002ce141558074,Valbenazine,valbenazine,24795069,CC(C)CC1CN2CCC3=CC(=C(C=C3C2CC1OC(=O)C(C(C)C)N)OC)OC,CC(C)C[C@@H]1CN2CCC3=CC(=C(C=C3[C@H]2C[C@H]1OC(=O)[C@H](C(C)C)N)OC)OC,1624
drug_dcd57af6d8ec882f4134,Valganciclovir,valganciclovir,135413535,CC(C)C(C(=O)OCC(CO)OCN1C=NC2=C1N=C(NC2=O)N)N,CC(C)[C@@H](C(=O)OCC(CO)OCN1C=NC2=C1N=C(NC2=O)N)N,1625
drug_280aed2e56351977f64c,Valproic acid,valproic acid,3121,CCCC(CCC)C(=O)O,CCCC(CCC)C(=O)O,1626
drug_8d5965c708a4ca046f9a,Valrubicin,valrubicin,454216,CCCCC(=O)OCC(=O)C1(CC(C2=C(C1)C(=C3C(=C2O)C(=O)C4=C(C3=O)C=CC=C4OC)O)OC5CC(C(C(O5)C)O)NC(=O)C(F)(F)F)O,CCCCC(=O)OCC(=O)[C@]1(C[C@@H](C2=C(C1)C(=C3C(=C2O)C(=O)C4=C(C3=O)C=CC=C4OC)O)O[C@H]5C[C@@H]([C@@H]([C@@H](O5)C)O)NC(=O)C(F)(F)F)O,1627
drug_c4ce21da0a54a8256714,Valsartan,valsartan,60846,CCCCC(=O)N(CC1=CC=C(C=C1)C2=CC=CC=C2C3=NNN=N3)C(C(C)C)C(=O)O,CCCCC(=O)N(CC1=CC=C(C=C1)C2=CC=CC=C2C3=NNN=N3)[C@@H](C(C)C)C(=O)O,1628
drug_c145de394cbc047678fd,Vancomycin,vancomycin,14969,CC1C(C(CC(O1)OC2C(C(C(OC2OC3=C4C=C5C=C3OC6=C(C=C(C=C6)C(C(C(=O)NC(C(=O)NC5C(=O)NC7C8=CC(=C(C=C8)O)C9=C(C=C(C=C9O)O)C(NC(=O)C(C(C1=CC(=C(O4)C=C1)Cl)O)NC7=O)C(=O)O)CC(=O)N)NC(=O)C(CC(C)C)NC)O)Cl)CO)O)O)(C)N)O,C[C@H]1[C@H]([C@@](C[C@@H](O1)O[C@@H]2[C@H]([C@@H]([C@H](O[C@H]2OC3=C4C=C5C=C3OC6=C(C=C(C=C6)[C@H]([C@H](C(=O)N[C@H](C(=O)N[C@H]5C(=O)N[C@@H]7C8=CC(=C(C=C8)O)C9=C(C=C(C=C9O)O)[C@H](NC(=O)[C@H]([C@@H](C1=CC(=C(O4)C=C1)Cl)O)NC7=O)C(=O)O)CC(=O)N)NC(=O)[C@@H](CC(C)C)NC)O)Cl)CO)O)O)(C)N)O,1629
drug_27c464fcfe622616ef78,Vandetanib,vandetanib,3081361,CN1CCC(CC1)COC2=C(C=C3C(=C2)N=CN=C3NC4=C(C=C(C=C4)Br)F)OC,CN1CCC(CC1)COC2=C(C=C3C(=C2)N=CN=C3NC4=C(C=C(C=C4)Br)F)OC,1630
drug_0cc362ef99f923ebd5f4,Vapreotide,vapreotide,6918026,CC(C)C1C(=O)NC(CSSCC(C(=O)NC(C(=O)NC(C(=O)NC(C(=O)N1)CCCCN)CC2=CNC3=CC=CC=C32)CC4=CC=C(C=C4)O)NC(=O)C(CC5=CC=CC=C5)N)C(=O)NC(CC6=CNC7=CC=CC=C76)C(=O)N,CC(C)[C@H]1C(=O)N[C@@H](CSSC[C@@H](C(=O)N[C@H](C(=O)N[C@@H](C(=O)N[C@H](C(=O)N1)CCCCN)CC2=CNC3=CC=CC=C32)CC4=CC=C(C=C4)O)NC(=O)[C@@H](CC5=CC=CC=C5)N)C(=O)N[C@@H](CC6=CNC7=CC=CC=C76)C(=O)N,1631
drug_ca8343fca14eacd63a30,Vardenafil,vardenafil,135400189,CCCC1=NC(=C2N1N=C(NC2=O)C3=C(C=CC(=C3)S(=O)(=O)N4CCN(CC4)CC)OCC)C,CCCC1=NC(=C2N1N=C(NC2=O)C3=C(C=CC(=C3)S(=O)(=O)N4CCN(CC4)CC)OCC)C,1632
drug_42620ca467618353e1b6,Varenicline,varenicline,5310966,C1C2CNCC1C3=CC4=NC=CN=C4C=C23,C1[C@@H]2CNC[C@H]1C3=CC4=NC=CN=C4C=C23,1633
drug_ac15bb644d2ca520ff7b,Vecuronium,vecuronium,39765,CC(=O)OC1CC2CCC3C(C2(CC1N4CCCCC4)C)CCC5(C3CC(C5OC(=O)C)[N+]6(CCCCC6)C)C,CC(=O)O[C@H]1C[C@@H]2CC[C@@H]3[C@@H]([C@]2(C[C@@H]1N4CCCCC4)C)CC[C@]5([C@H]3C[C@@H]([C@@H]5OC(=O)C)[N+]6(CCCCC6)C)C,1634
drug_4d74bcfedc431466b6bd,Velpatasvir,velpatasvir,67683363,CC1CCC(N1C(=O)C(C(C)C)NC(=O)OC)C2=NC3=C(N2)C=CC4=CC5=C(C=C43)OCC6=C5C=CC(=C6)C7=CN=C(N7)C8CC(CN8C(=O)C(C9=CC=CC=C9)NC(=O)OC)COC,C[C@H]1CC[C@H](N1C(=O)[C@H](C(C)C)NC(=O)OC)C2=NC3=C(N2)C=CC4=CC5=C(C=C43)OCC6=C5C=CC(=C6)C7=CN=C(N7)[C@@H]8C[C@@H](CN8C(=O)[C@@H](C9=CC=CC=C9)NC(=O)OC)COC,1635
drug_a383bf2e3ed4d1ba0ac6,Vemurafenib,vemurafenib,42611257,CCCS(=O)(=O)NC1=C(C(=C(C=C1)F)C(=O)C2=CNC3=C2C=C(C=N3)C4=CC=C(C=C4)Cl)F,CCCS(=O)(=O)NC1=C(C(=C(C=C1)F)C(=O)C2=CNC3=C2C=C(C=N3)C4=CC=C(C=C4)Cl)F,1636
drug_87ebc9d39bf4313219a8,Venetoclax,venetoclax,49846579,CC1(CCC(=C(C1)C2=CC=C(C=C2)Cl)CN3CCN(CC3)C4=CC(=C(C=C4)C(=O)NS(=O)(=O)C5=CC(=C(C=C5)NCC6CCOCC6)[N+](=O)[O-])OC7=CN=C8C(=C7)C=CN8)C,CC1(CCC(=C(C1)C2=CC=C(C=C2)Cl)CN3CCN(CC3)C4=CC(=C(C=C4)C(=O)NS(=O)(=O)C5=CC(=C(C=C5)NCC6CCOCC6)[N+](=O)[O-])OC7=CN=C8C(=C7)C=CN8)C,1637
drug_24832b84b16211148677,Venlafaxine,venlafaxine,5656,CN(C)CC(C1=CC=C(C=C1)OC)C2(CCCCC2)O,CN(C)CC(C1=CC=C(C=C1)OC)C2(CCCCC2)O,1638
drug_6db8325921ed304edc6d,Verapamil,verapamil,2520,CC(C)C(CCCN(C)CCC1=CC(=C(C=C1)OC)OC)(C#N)C2=CC(=C(C=C2)OC)OC,CC(C)C(CCCN(C)CCC1=CC(=C(C=C1)OC)OC)(C#N)C2=CC(=C(C=C2)OC)OC,1639
drug_350580130ed2a0b0fee7,Vernakalant,vernakalant,9930049,COC1=C(C=C(C=C1)CCOC2CCCCC2N3CCC(C3)O)OC,COC1=C(C=C(C=C1)CCO[C@@H]2CCCC[C@H]2N3CC[C@H](C3)O)OC,1640
drug_4aec7441a2ce5ddd1ddf,Vigabatrin,vigabatrin,5665,C=CC(CCC(=O)O)N,C=CC(CCC(=O)O)N,1641
drug_6b25393300f816c3ca35,Vilanterol,vilanterol,10184665,C1=CC(=C(C(=C1)Cl)COCCOCCCCCCNCC(C2=CC(=C(C=C2)O)CO)O)Cl,C1=CC(=C(C(=C1)Cl)COCCOCCCCCCNC[C@@H](C2=CC(=C(C=C2)O)CO)O)Cl,1642
drug_42cf0a3dbdb4a81e4237,Vilazodone,vilazodone,6918314,C1CN(CCN1CCCCC2=CNC3=C2C=C(C=C3)C#N)C4=CC5=C(C=C4)OC(=C5)C(=O)N,C1CN(CCN1CCCCC2=CNC3=C2C=C(C=C3)C#N)C4=CC5=C(C=C4)OC(=C5)C(=O)N,1643
drug_b51c0acb438196300740,Vildagliptin,vildagliptin,6918537,C1CC(N(C1)C(=O)CNC23CC4CC(C2)CC(C4)(C3)O)C#N,C1C[C@H](N(C1)C(=O)CNC23CC4CC(C2)CC(C4)(C3)O)C#N,1644
drug_9f7d5e963e0cd2b8c0a1,Viloxazine,viloxazine,5666,CCOC1=CC=CC=C1OCC2CNCCO2,CCOC1=CC=CC=C1OCC2CNCCO2,1645
drug_576fb1c4e94a7063b6b2,Vinblastine,vinblastine,13342,CCC1(CC2CC(C3=C(CCN(C2)C1)C4=CC=CC=C4N3)(C5=C(C=C6C(=C5)C78CCN9C7C(C=CC9)(C(C(C8N6C)(C(=O)OC)O)OC(=O)C)CC)OC)C(=O)OC)O,CC[C@@]1(C[C@H]2C[C@@](C3=C(CCN(C2)C1)C4=CC=CC=C4N3)(C5=C(C=C6C(=C5)[C@]78CCN9[C@H]7[C@@](C=CC9)([C@H]([C@@]([C@@H]8N6C)(C(=O)OC)O)OC(=O)C)CC)OC)C(=O)OC)O,1646
drug_b18b1f0f2966080769e8,Vincristine,vincristine,5978,CCC1(CC2CC(C3=C(CCN(C2)C1)C4=CC=CC=C4N3)(C5=C(C=C6C(=C5)C78CCN9C7C(C=CC9)(C(C(C8N6C=O)(C(=O)OC)O)OC(=O)C)CC)OC)C(=O)OC)O,CC[C@@]1(C[C@@H]2C[C@@](C3=C(CCN(C2)C1)C4=CC=CC=C4N3)(C5=C(C=C6C(=C5)[C@]78CCN9[C@H]7[C@@](C=CC9)([C@H]([C@@]([C@@H]8N6C=O)(C(=O)OC)O)OC(=O)C)CC)OC)C(=O)OC)O,1647
drug_258aa0bb649b1abae94b,Vindesine,vindesine,40839,CCC1(CC2CC(C3=C(CCN(C2)C1)C4=CC=CC=C4N3)(C5=C(C=C6C(=C5)C78CCN9C7C(C=CC9)(C(C(C8N6C)(C(=O)N)O)O)CC)OC)C(=O)OC)O,CC[C@@]1(C[C@@H]2C[C@@](C3=C(CCN(C2)C1)C4=CC=CC=C4N3)(C5=C(C=C6C(=C5)[C@]78CCN9[C@H]7[C@@](C=CC9)([C@H]([C@@]([C@@H]8N6C)(C(=O)N)O)O)CC)OC)C(=O)OC)O,1648
drug_f32425e231979f8f0419,Vinflunine,vinflunine,10629256,CCC12C=CCN3C1C4(CC3)C(C(C2OC(=O)C)(C(=O)OC)O)N(C5=CC(=C(C=C45)C6(CC7CC(CN(C7)CC8=C6NC9=CC=CC=C89)C(C)(F)F)C(=O)OC)OC)C,CC[C@@]12C=CCN3[C@@H]1[C@]4(CC3)[C@H]([C@]([C@@H]2OC(=O)C)(C(=O)OC)O)N(C5=CC(=C(C=C45)[C@]6(C[C@@H]7C[C@H](CN(C7)CC8=C6NC9=CC=CC=C89)C(C)(F)F)C(=O)OC)OC)C,1649
drug_a5e2a0418ec6c03282da,Vinorelbine,vinorelbine,5311497,CCC1=CC2CC(C3=C(CN(C2)C1)C4=CC=CC=C4N3)(C5=C(C=C6C(=C5)C78CCN9C7C(C=CC9)(C(C(C8N6C)(C(=O)OC)O)OC(=O)C)CC)OC)C(=O)OC,CCC1=C[C@H]2C[C@@](C3=C(CN(C2)C1)C4=CC=CC=C4N3)(C5=C(C=C6C(=C5)[C@]78CCN9[C@H]7[C@@](C=CC9)([C@H]([C@@]([C@@H]8N6C)(C(=O)OC)O)OC(=O)C)CC)OC)C(=O)OC,1650
drug_60e6b2aadbed2d705c4f,Viomycin,viomycin,135398671,C1C(N=C(NC1O)N)C2C(=O)NCC(C(=O)NC(C(=O)NC(C(=O)NC(=CNC(=O)N)C(=O)N2)CO)CO)NC(=O)CC(CCCN)N,C1[C@@H](N=C(N[C@H]1O)N)[C@H]2C(=O)NC[C@@H](C(=O)N[C@H](C(=O)N[C@H](C(=O)N/C(=C\NC(=O)N)/C(=O)N2)CO)CO)NC(=O)C[C@H](CCCN)N,1651
drug_35f3c3acb137da717400,Vismodegib,vismodegib,24776445,CS(=O)(=O)C1=CC(=C(C=C1)C(=O)NC2=CC(=C(C=C2)Cl)C3=CC=CC=N3)Cl,CS(=O)(=O)C1=CC(=C(C=C1)C(=O)NC2=CC(=C(C=C2)Cl)C3=CC=CC=N3)Cl,1652
drug_2b6a15c1b9de86e60ab9,Vitamin A,vitamin a,445354,CC1=C(C(CCC1)(C)C)C=CC(=CC=CC(=CCO)C)C,CC1=C(C(CCC1)(C)C)/C=C/C(=C/C=C/C(=C/CO)/C)/C,1653
drug_bc2d2f7e0f54026541a7,Vitamin E,vitamin e,69540411,CC1=C(C2=C(CCC(O2)(C)CCCC(C)CCCC(C)CCCC(C)C)C(=C1O)C)C.C(CC(=O)[O-])C(=O)[O-].[Ca+2],CC1=C(C2=C(CC[C@@](O2)(C)CCC[C@H](C)CCC[C@H](C)CCCC(C)C)C(=C1O)C)C.C(CC(=O)[O-])C(=O)[O-].[Ca+2],1654
drug_9969dad68de3774517b5,Voglibose,voglibose,444020,C1C(C(C(C(C1(CO)O)O)O)O)NC(CO)CO,C1[C@@H]([C@@H]([C@H]([C@@H]([C@]1(CO)O)O)O)O)NC(CO)CO,1655
drug_c33ed66426e9fc40f3e6,Vorapaxar,vorapaxar,10077130,CCOC(=O)NC1CCC2C(C1)CC3C(C2C=CC4=NC=C(C=C4)C5=CC(=CC=C5)F)C(OC3=O)C,CCOC(=O)N[C@@H]1CC[C@@H]2[C@@H](C1)C[C@@H]3[C@H]([C@H]2/C=C/C4=NC=C(C=C4)C5=CC(=CC=C5)F)[C@H](OC3=O)C,1656
drug_9c7780a1af83d60e6c9e,Voriconazole,voriconazole,71616,CC(C1=NC=NC=C1F)C(CN2C=NC=N2)(C3=C(C=C(C=C3)F)F)O,C[C@@H](C1=NC=NC=C1F)[C@](CN2C=NC=N2)(C3=C(C=C(C=C3)F)F)O,1657
drug_7dd8e8c7349f6779da0c,Vorinostat,vorinostat,5311,C1=CC=C(C=C1)NC(=O)CCCCCCC(=O)NO,C1=CC=C(C=C1)NC(=O)CCCCCCC(=O)NO,1658
drug_d513da9e84b1ceff41ee,Vortioxetine,vortioxetine,9966051,CC1=CC(=C(C=C1)SC2=CC=CC=C2N3CCNCC3)C,CC1=CC(=C(C=C1)SC2=CC=CC=C2N3CCNCC3)C,1659
drug_be8a9bce0ec4d9a021b3,Voxilaprevir,voxilaprevir,89921642,CCC1C2CN(C1C(=O)NC3(CC3C(F)F)C(=O)NS(=O)(=O)C4(CC4)C)C(=O)C(NC(=O)OC5CC5CCCCC(C6=NC7=C(C=C(C=C7)OC)N=C6O2)(F)F)C(C)(C)C,CC[C@@H]1[C@@H]2CN([C@@H]1C(=O)N[C@@]3(C[C@H]3C(F)F)C(=O)NS(=O)(=O)C4(CC4)C)C(=O)[C@@H](NC(=O)O[C@@H]5C[C@H]5CCCCC(C6=NC7=C(C=C(C=C7)OC)N=C6O2)(F)F)C(C)(C)C,1660
drug_41ff21e8498eb0783345,Warfarin,warfarin,54678486,CC(=O)CC(C1=CC=CC=C1)C2=C(C3=CC=CC=C3OC2=O)O,CC(=O)CC(C1=CC=CC=C1)C2=C(C3=CC=CC=C3OC2=O)O,1661
drug_5e57113193f88641041f,Ximelagatran,ximelagatran,9574101,CCOC(=O)CNC(C1CCCCC1)C(=O)N2CCC2C(=O)NCC3=CC=C(C=C3)C(=NO)N,CCOC(=O)CN[C@H](C1CCCCC1)C(=O)N2CC[C@H]2C(=O)NCC3=CC=C(C=C3)/C(=N/O)/N,1662
drug_e9c7576a4fd28e90ff0c,Xylometazoline,xylometazoline,5709,CC1=CC(=CC(=C1CC2=NCCN2)C)C(C)(C)C,CC1=CC(=CC(=C1CC2=NCCN2)C)C(C)(C)C,1663
drug_ff24321acd8aefe08050,Yohimbine,yohimbine,8969,COC(=O)C1C(CCC2C1CC3C4=C(CCN3C2)C5=CC=CC=C5N4)O,COC(=O)[C@H]1[C@H](CC[C@@H]2[C@@H]1C[C@H]3C4=C(CCN3C2)C5=CC=CC=C5N4)O,1664
drug_5677f956c64c8fda6e54,Zafirlukast,zafirlukast,5717,CC1=CC=CC=C1S(=O)(=O)NC(=O)C2=CC(=C(C=C2)CC3=CN(C4=C3C=C(C=C4)NC(=O)OC5CCCC5)C)OC,CC1=CC=CC=C1S(=O)(=O)NC(=O)C2=CC(=C(C=C2)CC3=CN(C4=C3C=C(C=C4)NC(=O)OC5CCCC5)C)OC,1665
drug_b2ffcb6310b290189ce6,Zalcitabine,zalcitabine,24066,C1CC(OC1CO)N2C=CC(=NC2=O)N,C1C[C@@H](O[C@@H]1CO)N2C=CC(=NC2=O)N,1666
drug_211020db0873f7db043b,Zaleplon,zaleplon,5719,CCN(C1=CC=CC(=C1)C2=CC=NC3=C(C=NN23)C#N)C(=O)C,CCN(C1=CC=CC(=C1)C2=CC=NC3=C(C=NN23)C#N)C(=O)C,1667
drug_b429105dd94bc42ceee6,Zaltoprofen,zaltoprofen,5720,CC(C1=CC2=C(C=C1)SC3=CC=CC=C3C(=O)C2)C(=O)O,CC(C1=CC2=C(C=C1)SC3=CC=CC=C3C(=O)C2)C(=O)O,1668
drug_02e24686ed2deaabeb9a,Zidovudine,zidovudine,35370,CC1=CN(C(=O)NC1=O)C2CC(C(O2)CO)N=[N+]=[N-],CC1=CN(C(=O)NC1=O)[C@H]2C[C@@H]([C@H](O2)CO)N=[N+]=[N-],1669
drug_3b83a696591c2f2a6921,Zileuton,zileuton,60490,CC(C1=CC2=CC=CC=C2S1)N(C(=O)N)O,CC(C1=CC2=CC=CC=C2S1)N(C(=O)N)O,1670
drug_fd0f5b5ac70cd3d2e1eb,Zinc oxide,zinc oxide,3007857,[O-2].[Zn+2],[O-2].[Zn+2],1671
drug_cf701c5538c341035030,Zinc sulfate,zinc sulfate,24424,[O-]S(=O)(=O)[O-].[Zn+2],[O-]S(=O)(=O)[O-].[Zn+2],1672
drug_281918cfed8a743ef4d4,Ziprasidone,ziprasidone,60854,C1CN(CCN1CCC2=C(C=C3C(=C2)CC(=O)N3)Cl)C4=NSC5=CC=CC=C54,C1CN(CCN1CCC2=C(C=C3C(=C2)CC(=O)N3)Cl)C4=NSC5=CC=CC=C54,1673
drug_bbbbabbb1b42050ed66d,Zoledronic acid,zoledronic acid,68740,C1=CN(C=N1)CC(O)(P(=O)(O)O)P(=O)(O)O,C1=CN(C=N1)CC(O)(P(=O)(O)O)P(=O)(O)O,1674
drug_ae98e5a274d47d003632,Zolmitriptan,zolmitriptan,60857,CN(C)CCC1=CNC2=C1C=C(C=C2)CC3COC(=O)N3,CN(C)CCC1=CNC2=C1C=C(C=C2)C[C@H]3COC(=O)N3,1675
drug_1355cfb94e06d1c19649,Zolpidem,zolpidem,5732,CC1=CC=C(C=C1)C2=C(N3C=C(C=CC3=N2)C)CC(=O)N(C)C,CC1=CC=C(C=C1)C2=C(N3C=C(C=CC3=N2)C)CC(=O)N(C)C,1676
drug_239af917a9db54a24786,Zonisamide,zonisamide,5734,C1=CC=C2C(=C1)C(=NO2)CS(=O)(=O)N,C1=CC=C2C(=C1)C(=NO2)CS(=O)(=O)N,1677
drug_a048756a37bb5902e18c,Zopiclone,zopiclone,5735,CN1CCN(CC1)C(=O)OC2C3=NC=CN=C3C(=O)N2C4=NC=C(C=C4)Cl,CN1CCN(CC1)C(=O)OC2C3=NC=CN=C3C(=O)N2C4=NC=C(C=C4)Cl,1678
drug_2ed84334332a9d3cb561,Zotepine,zotepine,5736,CN(C)CCOC1=CC2=CC=CC=C2SC3=C1C=C(C=C3)Cl,CN(C)CCOC1=CC2=CC=CC=C2SC3=C1C=C(C=C3)Cl,1679
drug_5d0697e4dda2636858f3,Zucapsaicin,zucapsaicin,1548942,CC(C)C=CCCCCC(=O)NCC1=CC(=C(C=C1)O)OC,CC(C)/C=C\CCCCC(=O)NCC1=CC(=C(C=C1)O)OC,1680
drug_073ec9ab913d32c70f5b,Zuclopenthixol,zuclopenthixol,5311507,C1CN(CCN1CCC=C2C3=CC=CC=C3SC4=C2C=C(C=C4)Cl)CCO,C1CN(CCN1CC/C=C\2/C3=CC=CC=C3SC4=C2C=C(C=C4)Cl)CCO,1681
